relative_path,file_name,extension,size_bytes,sha256,modified_time,is_archive,is_document,is_source,is_model,is_image,is_tool,is_extracted,year_tokens,version_tokens
examples/开源工程/EdgeBoard赛事专用卡-开源工程说明.pdf,EdgeBoard赛事专用卡-开源工程说明.pdf,.pdf,2037055,3e5d7d3ea07f483fe5083ac8ba94fb070c54e3438d9e696f5e29ad90dd32853b,2026-07-15T21:54:02.830175+08:00,false,true,false,false,false,false,false,,
examples/开源工程/extracted/icar_autopilot_2025th/.extraction_complete.json,.extraction_complete.json,.json,371,78cded1830c1c64177ee8710bcd39c50f9f8de663e7b7a0ff66d90b17d539d8a,2026-07-15T23:09:27.325223+08:00,false,false,true,false,false,false,true,2025th,
examples/开源工程/extracted/icar_autopilot_2025th/icar_autopilot_2025th/.vscode/settings.json,settings.json,.json,1787,e987b8229d67049fa575f0e5615727ca1e45a679f69f0721b8abd4385c70cd08,2026-07-15T23:09:27.183666+08:00,false,false,true,false,false,false,true,2025th,
examples/开源工程/extracted/icar_autopilot_2025th/icar_autopilot_2025th/build/boot,boot,,112248,6379b0ab9f6d1d0afcb72c87846901b36d05f76d69ba214b22af1c5f80cf30d1,2026-07-15T23:09:27.173472+08:00,false,false,false,false,false,false,true,2025th,
examples/开源工程/extracted/icar_autopilot_2025th/icar_autopilot_2025th/build/calibration,calibration,,460000,6c68c7f48acfde8557247382a18818d46ec6c2e14781c3ccae5e635ca2ec0f6f,2026-07-15T23:09:27.180233+08:00,false,false,false,false,false,false,true,2025th,
examples/开源工程/extracted/icar_autopilot_2025th/icar_autopilot_2025th/build/camera,camera,,165784,53fa816cf9447583e8222d20d5666a537c1efff797f6494c03b487469bd9509a,2026-07-15T23:09:26.854472+08:00,false,false,false,false,false,false,true,2025th,
examples/开源工程/extracted/icar_autopilot_2025th/icar_autopilot_2025th/build/cmake_install.cmake,cmake_install.cmake,.cmake,1531,ca87892361f5de03aabdb944c9bb1e2c7c60cc6cd34ae2fd5159b1779b1a80dc,2026-07-15T23:09:27.174474+08:00,false,false,true,false,false,false,true,2025th,
examples/开源工程/extracted/icar_autopilot_2025th/icar_autopilot_2025th/build/CMakeCache.txt,CMakeCache.txt,.txt,18577,e0a0ad7cfdd33e3146a30f10b707cec75a6b93361048bf02d09d23f288087d74,2026-07-15T23:09:27.158251+08:00,false,true,false,false,false,false,true,2025th,
examples/开源工程/extracted/icar_autopilot_2025th/icar_autopilot_2025th/build/CMakeFiles/3.10.2/CMakeCCompiler.cmake,CMakeCCompiler.cmake,.cmake,2224,cf9a19cbb84e6f52e558eec8e1abe9afde5bbc3c67d8010b666ff45f76686032,2026-07-15T23:09:26.926971+08:00,false,false,true,false,false,false,true,2025th,3.10.2
examples/开源工程/extracted/icar_autopilot_2025th/icar_autopilot_2025th/build/CMakeFiles/3.10.2/CMakeCXXCompiler.cmake,CMakeCXXCompiler.cmake,.cmake,4854,64ac629dbc82b9968beeb4de20d096f30d168b60d56a29911e090e066102a45e,2026-07-15T23:09:26.925972+08:00,false,false,true,false,false,false,true,2025th,3.10.2
examples/开源工程/extracted/icar_autopilot_2025th/icar_autopilot_2025th/build/CMakeFiles/3.10.2/CMakeDetermineCompilerABI_C.bin,CMakeDetermineCompilerABI_C.bin,.bin,9064,3dc896e42824ed7a9e588f013957ff4b3f01da31d78ab8bf686563004b03c5e5,2026-07-15T23:09:26.928972+08:00,false,false,false,false,false,false,true,2025th,3.10.2
examples/开源工程/extracted/icar_autopilot_2025th/icar_autopilot_2025th/build/CMakeFiles/3.10.2/CMakeDetermineCompilerABI_CXX.bin,CMakeDetermineCompilerABI_CXX.bin,.bin,9248,c28cfb457c68fb427efd6335ba5cf87bfb06f17fd458ef43222105e358704006,2026-07-15T23:09:26.930478+08:00,false,false,false,false,false,false,true,2025th,3.10.2
examples/开源工程/extracted/icar_autopilot_2025th/icar_autopilot_2025th/build/CMakeFiles/3.10.2/CMakeSystem.cmake,CMakeSystem.cmake,.cmake,364,38c7e0c7b4c8054d6e06c9fb91882f31ea9f448bd5c2fe62941fbb200898e38e,2026-07-15T23:09:26.927971+08:00,false,false,true,false,false,false,true,2025th,3.10.2
examples/开源工程/extracted/icar_autopilot_2025th/icar_autopilot_2025th/build/CMakeFiles/3.10.2/CompilerIdC/a.out,a.out,.out,9248,d57b14ea30a674b75f24f5c4cedcae576633ef308f590b009d910a84c5ca5efb,2026-07-15T23:09:26.932486+08:00,false,false,false,false,false,false,true,2025th,3.10.2
examples/开源工程/extracted/icar_autopilot_2025th/icar_autopilot_2025th/build/CMakeFiles/3.10.2/CompilerIdC/CMakeCCompilerId.c,CMakeCCompilerId.c,.c,18076,32259741808d416111358fd4297d04d6878ba444f6c999b9655fe40bf9af6222,2026-07-15T23:09:26.933486+08:00,false,false,true,false,false,false,true,2025th,3.10.2
examples/开源工程/extracted/icar_autopilot_2025th/icar_autopilot_2025th/build/CMakeFiles/3.10.2/CompilerIdCXX/a.out,a.out,.out,9424,aec11c992fb01ea1bdb8dc2a4f9213d5590c04865ab75e3d6d1e7a8dd7cceabb,2026-07-15T23:09:26.935485+08:00,false,false,false,false,false,false,true,2025th,3.10.2
examples/开源工程/extracted/icar_autopilot_2025th/icar_autopilot_2025th/build/CMakeFiles/3.10.2/CompilerIdCXX/CMakeCXXCompilerId.cpp,CMakeCXXCompilerId.cpp,.cpp,17631,421a735a18064b142332b330153f7438719e27611a38fed8fbd5238081f42199,2026-07-15T23:09:26.936487+08:00,false,false,true,false,false,false,true,2025th,3.10.2
examples/开源工程/extracted/icar_autopilot_2025th/icar_autopilot_2025th/build/CMakeFiles/boot.dir/build.make,build.make,.make,6654,cf53c3c90f0a535342f53a9d27bd3d2b66939824be2daf3e94d22817daca768f,2026-07-15T23:09:27.077887+08:00,false,false,false,false,false,false,true,2025th,
examples/开源工程/extracted/icar_autopilot_2025th/icar_autopilot_2025th/build/CMakeFiles/boot.dir/cmake_clean.cmake,cmake_clean.cmake,.cmake,239,a5dbba355d03fcf48690286ab41b7e3816b3215698a27598af91f6b88014ca67,2026-07-15T23:09:27.081150+08:00,false,false,true,false,false,false,true,2025th,
examples/开源工程/extracted/icar_autopilot_2025th/icar_autopilot_2025th/build/CMakeFiles/boot.dir/CXX.includecache,CXX.includecache,.includecache,785,f1627f8a056a30caf4b9c4cbb1ad6337b3ecd706bb63eed31d6666c0f1a9d2d4,2026-07-15T23:09:27.079078+08:00,false,false,false,false,false,false,true,2025th,
examples/开源工程/extracted/icar_autopilot_2025th/icar_autopilot_2025th/build/CMakeFiles/boot.dir/depend.internal,depend.internal,.internal,344,3b607c57e18d9291ff6450c0535c3d13747a377edaa809a7a1eaeec3d56056ac,2026-07-15T23:09:27.076190+08:00,false,false,false,false,false,false,true,2025th,
examples/开源工程/extracted/icar_autopilot_2025th/icar_autopilot_2025th/build/CMakeFiles/boot.dir/depend.make,depend.make,.make,470,8171a2f7d3a3a71d3fcec2688ec77fe4964e203289db290ff4aa17ea1eb97847,2026-07-15T23:09:27.080150+08:00,false,false,false,false,false,false,true,2025th,
examples/开源工程/extracted/icar_autopilot_2025th/icar_autopilot_2025th/build/CMakeFiles/boot.dir/DependInfo.cmake,DependInfo.cmake,.cmake,838,48a3d49d6cb295c12d836db45fb003c4d030b58e879f75ec1f7987dd4b4f704f,2026-07-15T23:09:27.069725+08:00,false,false,true,false,false,false,true,2025th,
examples/开源工程/extracted/icar_autopilot_2025th/icar_autopilot_2025th/build/CMakeFiles/boot.dir/flags.make,flags.make,.make,537,79ef74eb8ddd77811040c9d1cc91280b7e3c88dc9d6f31b3c71336c0b491d3a6,2026-07-15T23:09:27.080150+08:00,false,false,false,false,false,false,true,2025th,
examples/开源工程/extracted/icar_autopilot_2025th/icar_autopilot_2025th/build/CMakeFiles/boot.dir/link.txt,link.txt,.txt,2192,f801e07f79cc72e58fd10fe4dd26f991c11e9e2470e332f6bac8bf47df6dbb9f,2026-07-15T23:09:27.074775+08:00,false,true,false,false,false,false,true,2025th,
examples/开源工程/extracted/icar_autopilot_2025th/icar_autopilot_2025th/build/CMakeFiles/boot.dir/progress.make,progress.make,.make,43,c06e644090b09d41eaddf59d10bcf03c6db6499eb51fa0d03e5128e5a165cc3c,2026-07-15T23:09:27.076876+08:00,false,false,false,false,false,false,true,2025th,
examples/开源工程/extracted/icar_autopilot_2025th/icar_autopilot_2025th/build/CMakeFiles/boot.dir/src/tool/boot.cpp.o,boot.cpp.o,.cpp.o,223232,380db080f32362bff9571e3d1016c7e9979a7d66dfe81fc15964032b3006779e,2026-07-15T23:09:27.073683+08:00,false,false,false,false,false,false,true,2025th,
examples/开源工程/extracted/icar_autopilot_2025th/icar_autopilot_2025th/build/CMakeFiles/calibration.dir/build.make,build.make,.make,7473,a6c73eec3b49ffc2f14b29b8cb4419bd0ded459002d4eddd51c871064390c0ac,2026-07-15T23:09:26.901138+08:00,false,false,false,false,false,false,true,2025th,
examples/开源工程/extracted/icar_autopilot_2025th/icar_autopilot_2025th/build/CMakeFiles/calibration.dir/cmake_clean.cmake,cmake_clean.cmake,.cmake,274,c4eb33c8439e16883d518ca26923187d23b281f1f527d2ff11b42ddd0b2a9f7b,2026-07-15T23:09:26.906236+08:00,false,false,true,false,false,false,true,2025th,
examples/开源工程/extracted/icar_autopilot_2025th/icar_autopilot_2025th/build/CMakeFiles/calibration.dir/CXX.includecache,CXX.includecache,.includecache,64306,259a6ae9c9265b040462b769da1960b182fa7983ddc0f6f5e4d5d9971adbce61,2026-07-15T23:09:26.902354+08:00,false,false,false,false,false,false,true,2025th,
examples/开源工程/extracted/icar_autopilot_2025th/icar_autopilot_2025th/build/CMakeFiles/calibration.dir/depend.internal,depend.internal,.internal,15810,20e94c7dc70df65069014c7f0d6fb76722035b324cb04974d16f451c34dec8de,2026-07-15T23:09:26.899036+08:00,false,false,false,false,false,false,true,2025th,
examples/开源工程/extracted/icar_autopilot_2025th/icar_autopilot_2025th/build/CMakeFiles/calibration.dir/depend.make,depend.make,.make,32300,b24003fd677bf68ce31353e102b255678318c6428401f8df8a79bfaadee417f6,2026-07-15T23:09:26.903724+08:00,false,false,false,false,false,false,true,2025th,
examples/开源工程/extracted/icar_autopilot_2025th/icar_autopilot_2025th/build/CMakeFiles/calibration.dir/DependInfo.cmake,DependInfo.cmake,.cmake,859,95e63dfbce5b77ab8172165d45f282318184091f8b1e65a5fdbee86d3661b257,2026-07-15T23:09:26.890654+08:00,false,false,true,false,false,false,true,2025th,
examples/开源工程/extracted/icar_autopilot_2025th/icar_autopilot_2025th/build/CMakeFiles/calibration.dir/flags.make,flags.make,.make,537,79ef74eb8ddd77811040c9d1cc91280b7e3c88dc9d6f31b3c71336c0b491d3a6,2026-07-15T23:09:26.905228+08:00,false,false,false,false,false,false,true,2025th,
examples/开源工程/extracted/icar_autopilot_2025th/icar_autopilot_2025th/build/CMakeFiles/calibration.dir/link.txt,link.txt,.txt,2204,bafa3585dfdb2807c082018caff2d82928058191975c4e60145b77838ce0772e,2026-07-15T23:09:26.897110+08:00,false,true,false,false,false,false,true,2025th,
examples/开源工程/extracted/icar_autopilot_2025th/icar_autopilot_2025th/build/CMakeFiles/calibration.dir/progress.make,progress.make,.make,43,2c0c69e4af70b4caed2b8e1bd9f161f3ee9eb525d5f041631eee6d0661e5a02f,2026-07-15T23:09:26.900130+08:00,false,false,false,false,false,false,true,2025th,
examples/开源工程/extracted/icar_autopilot_2025th/icar_autopilot_2025th/build/CMakeFiles/calibration.dir/src/tool/calibration.cpp.o,calibration.cpp.o,.cpp.o,861056,6fc3d6d2303927ef047d1b2037749939a26cc9c8e7bf991272af5ad5d9f3ebbc,2026-07-15T23:09:26.896110+08:00,false,false,false,false,false,false,true,2025th,
examples/开源工程/extracted/icar_autopilot_2025th/icar_autopilot_2025th/build/CMakeFiles/camera.dir/build.make,build.make,.make,8876,af4f6f0c0eba513f07c6addcf66c75dc1772f46b5adb4a94752d460ac2163d59,2026-07-15T23:09:27.096807+08:00,false,false,false,false,false,false,true,2025th,
examples/开源工程/extracted/icar_autopilot_2025th/icar_autopilot_2025th/build/CMakeFiles/camera.dir/cmake_clean.cmake,cmake_clean.cmake,.cmake,298,80b5a4503323e119a7af00ea973d4514360d5d8eb9d15a65778b0cd26655f507,2026-07-15T23:09:27.101328+08:00,false,false,true,false,false,false,true,2025th,
examples/开源工程/extracted/icar_autopilot_2025th/icar_autopilot_2025th/build/CMakeFiles/camera.dir/CXX.includecache,CXX.includecache,.includecache,64109,7135e6a2ef4bba93c3c15b09a7b5a9bde74f727f5520d15972dc3594e618a108,2026-07-15T23:09:27.097816+08:00,false,false,false,false,false,false,true,2025th,
examples/开源工程/extracted/icar_autopilot_2025th/icar_autopilot_2025th/build/CMakeFiles/camera.dir/depend.internal,depend.internal,.internal,31496,590025eda2391a72b2bdb68ee75a9ac142152e9f74d888a840aacbafb40f15ad,2026-07-15T23:09:27.094374+08:00,false,false,false,false,false,false,true,2025th,
examples/开源工程/extracted/icar_autopilot_2025th/icar_autopilot_2025th/build/CMakeFiles/camera.dir/depend.make,depend.make,.make,58662,ed0493cd189aac5abdd0397f7ff66bd5b3ac7072735a8d904800c57e350a8d57,2026-07-15T23:09:27.099267+08:00,false,false,false,false,false,false,true,2025th,
examples/开源工程/extracted/icar_autopilot_2025th/icar_autopilot_2025th/build/CMakeFiles/camera.dir/DependInfo.cmake,DependInfo.cmake,.cmake,998,d984f670faf0f650035df22686fcb336d74afc6cc6c25f676b0446bffbc6f503,2026-07-15T23:09:27.084152+08:00,false,false,true,false,false,false,true,2025th,
examples/开源工程/extracted/icar_autopilot_2025th/icar_autopilot_2025th/build/CMakeFiles/camera.dir/flags.make,flags.make,.make,537,79ef74eb8ddd77811040c9d1cc91280b7e3c88dc9d6f31b3c71336c0b491d3a6,2026-07-15T23:09:27.100326+08:00,false,false,false,false,false,false,true,2025th,
examples/开源工程/extracted/icar_autopilot_2025th/icar_autopilot_2025th/build/CMakeFiles/camera.dir/link.txt,link.txt,.txt,2234,0b597e89ea36620d93d2f85721153088fae5b49ca56e4a4d8150606d035f814a,2026-07-15T23:09:27.093346+08:00,false,true,false,false,false,false,true,2025th,
examples/开源工程/extracted/icar_autopilot_2025th/icar_autopilot_2025th/build/CMakeFiles/camera.dir/progress.make,progress.make,.make,64,6b646d75947fb4527d74417b99a90286eda046c91edcc1b70e988bbcbc946a29,2026-07-15T23:09:27.095383+08:00,false,false,false,false,false,false,true,2025th,
examples/开源工程/extracted/icar_autopilot_2025th/icar_autopilot_2025th/build/CMakeFiles/camera.dir/src/ctrl/predeal.cpp.o,predeal.cpp.o,.cpp.o,286704,ac3534e67c2d92f51b7d2ab2683e1951111e48dcef1bdafbe182180343a140fe,2026-07-15T23:09:27.087486+08:00,false,false,false,false,false,false,true,2025th,
examples/开源工程/extracted/icar_autopilot_2025th/icar_autopilot_2025th/build/CMakeFiles/camera.dir/src/tool/camera.cpp.o,camera.cpp.o,.cpp.o,305600,714b49892cda6e916b57ed8c4b8bb8d2e907c55e6246be98847d111ba97a0447,2026-07-15T23:09:27.090497+08:00,false,false,false,false,false,false,true,2025th,
examples/开源工程/extracted/icar_autopilot_2025th/icar_autopilot_2025th/build/CMakeFiles/cmake.check_cache,cmake.check_cache,.check_cache,85,a26189e394421da57f45706a07713c5720acd200a41711b0c0c590c3c63371c4,2026-07-15T23:09:27.065705+08:00,false,false,false,false,false,false,true,2025th,
examples/开源工程/extracted/icar_autopilot_2025th/icar_autopilot_2025th/build/CMakeFiles/CMakeDirectoryInformation.cmake,CMakeDirectoryInformation.cmake,.cmake,656,ad1b7d01e86dec348809038656f592d9e819e1bb5763acf67a129b07eec5ee93,2026-07-15T23:09:27.143034+08:00,false,false,true,false,false,false,true,2025th,
examples/开源工程/extracted/icar_autopilot_2025th/icar_autopilot_2025th/build/CMakeFiles/CMakeOutput.log,CMakeOutput.log,.log,44574,f2aa68c650c6b897f28a6cfdb2b5154079f72f20755a19743f5a7ed2c40ec464,2026-07-15T23:09:27.128844+08:00,false,false,false,false,false,false,true,2025th,
examples/开源工程/extracted/icar_autopilot_2025th/icar_autopilot_2025th/build/CMakeFiles/collection.dir/build.make,build.make,.make,9444,8d3243279087515708f82de049bfdc4c69f9022a26d8ce613775791c9b4e5460,2026-07-15T23:09:26.882032+08:00,false,false,false,false,false,false,true,2025th,
examples/开源工程/extracted/icar_autopilot_2025th/icar_autopilot_2025th/build/CMakeFiles/collection.dir/cmake_clean.cmake,cmake_clean.cmake,.cmake,322,f642fe434d001b11c45e517380e6cbb21465569eaa020f046100db9517edcb00,2026-07-15T23:09:26.887466+08:00,false,false,true,false,false,false,true,2025th,
examples/开源工程/extracted/icar_autopilot_2025th/icar_autopilot_2025th/build/CMakeFiles/collection.dir/CXX.includecache,CXX.includecache,.includecache,64549,00a0e874e371f2974e77c89b22b9d7914ee776e9e2d4ded62cfdfdb12298cfd3,2026-07-15T23:09:26.884472+08:00,false,false,false,false,false,false,true,2025th,
examples/开源工程/extracted/icar_autopilot_2025th/icar_autopilot_2025th/build/CMakeFiles/collection.dir/depend.internal,depend.internal,.internal,31539,986ab842c0c1d802113ccd05ab360eb4f76b158f6de031cdeaf243e7d2a7a0ff,2026-07-15T23:09:26.879644+08:00,false,false,false,false,false,false,true,2025th,
examples/开源工程/extracted/icar_autopilot_2025th/icar_autopilot_2025th/build/CMakeFiles/collection.dir/depend.make,depend.make,.make,62429,6d8c9d09da0a8278e393c3ebca932b369a2cb68095339d8792ed73b1d205c209,2026-07-15T23:09:26.885470+08:00,false,false,false,false,false,false,true,2025th,
examples/开源工程/extracted/icar_autopilot_2025th/icar_autopilot_2025th/build/CMakeFiles/collection.dir/DependInfo.cmake,DependInfo.cmake,.cmake,1014,717b64ca4c073b417fdae2bb1003ac193aeee92f1ddf0bbbd97e853906b8c73d,2026-07-15T23:09:26.870767+08:00,false,false,true,false,false,false,true,2025th,
examples/开源工程/extracted/icar_autopilot_2025th/icar_autopilot_2025th/build/CMakeFiles/collection.dir/flags.make,flags.make,.make,537,79ef74eb8ddd77811040c9d1cc91280b7e3c88dc9d6f31b3c71336c0b491d3a6,2026-07-15T23:09:26.886469+08:00,false,false,false,false,false,false,true,2025th,
examples/开源工程/extracted/icar_autopilot_2025th/icar_autopilot_2025th/build/CMakeFiles/collection.dir/link.txt,link.txt,.txt,2259,f72228f5fa505b57f40813269715037428432337dc85bb566001b05b9808faa0,2026-07-15T23:09:26.878631+08:00,false,true,false,false,false,false,true,2025th,
examples/开源工程/extracted/icar_autopilot_2025th/icar_autopilot_2025th/build/CMakeFiles/collection.dir/progress.make,progress.make,.make,65,f0c17a5281f34f359ff23b2f5cc0d00be0de8a8dad607ca028e5c316f3e55b74,2026-07-15T23:09:26.880640+08:00,false,false,false,false,false,false,true,2025th,
examples/开源工程/extracted/icar_autopilot_2025th/icar_autopilot_2025th/build/CMakeFiles/collection.dir/src/ctrl/predeal.cpp.o,predeal.cpp.o,.cpp.o,286704,b627120ac167095f8647e4df5b87577c3ce6faeff1c44c5d3e5e34a1206c033a,2026-07-15T23:09:26.873775+08:00,false,false,false,false,false,false,true,2025th,
examples/开源工程/extracted/icar_autopilot_2025th/icar_autopilot_2025th/build/CMakeFiles/collection.dir/src/tool/collection.cpp.o,collection.cpp.o,.cpp.o,505192,284d030a07b981f54a1835f2fd8cb0c3154e8a3ccbefa1b0f4b180efde5d1767,2026-07-15T23:09:26.877121+08:00,false,false,false,false,false,false,true,2025th,
examples/开源工程/extracted/icar_autopilot_2025th/icar_autopilot_2025th/build/CMakeFiles/detection.dir/build.make,build.make,.make,9302,f1e5a1b4aa004072cf0ab44d875a3d971f13f7c215767a5a7a30678c8ec6c502,2026-07-15T23:09:27.120332+08:00,false,false,false,false,false,false,true,2025th,
examples/开源工程/extracted/icar_autopilot_2025th/icar_autopilot_2025th/build/CMakeFiles/detection.dir/cmake_clean.cmake,cmake_clean.cmake,.cmake,316,bf00277f661de828d12e11c33a49fffa245d3fef6e2e5c6bb6b19a9cb5092eb0,2026-07-15T23:09:27.127843+08:00,false,false,true,false,false,false,true,2025th,
examples/开源工程/extracted/icar_autopilot_2025th/icar_autopilot_2025th/build/CMakeFiles/detection.dir/CXX.includecache,CXX.includecache,.includecache,65015,2cc836ca6430b9943473580f1a25c991e75bc6c6efb301a17dd978575c792b53,2026-07-15T23:09:27.123335+08:00,false,false,false,false,false,false,true,2025th,
examples/开源工程/extracted/icar_autopilot_2025th/icar_autopilot_2025th/build/CMakeFiles/detection.dir/depend.internal,depend.internal,.internal,31723,6bb35c3456b307a92ed7ad9b7bbfc29707bf07c3cbbbc910027cc70f5c03cc8a,2026-07-15T23:09:27.119331+08:00,false,false,false,false,false,false,true,2025th,
examples/开源工程/extracted/icar_autopilot_2025th/icar_autopilot_2025th/build/CMakeFiles/detection.dir/depend.make,depend.make,.make,61893,e3b95b044bff513958147e60ee0731a159865c13d05f848e0c6a4ca9b89a867f,2026-07-15T23:09:27.124837+08:00,false,false,false,false,false,false,true,2025th,
examples/开源工程/extracted/icar_autopilot_2025th/icar_autopilot_2025th/build/CMakeFiles/detection.dir/DependInfo.cmake,DependInfo.cmake,.cmake,1010,d5cc811833c1d463b98e982d8450ff344afeff87c0dc60d928c9a3fa1e37b598,2026-07-15T23:09:27.102592+08:00,false,false,true,false,false,false,true,2025th,
examples/开源工程/extracted/icar_autopilot_2025th/icar_autopilot_2025th/build/CMakeFiles/detection.dir/flags.make,flags.make,.make,537,79ef74eb8ddd77811040c9d1cc91280b7e3c88dc9d6f31b3c71336c0b491d3a6,2026-07-15T23:09:27.126846+08:00,false,false,false,false,false,false,true,2025th,
examples/开源工程/extracted/icar_autopilot_2025th/icar_autopilot_2025th/build/CMakeFiles/detection.dir/link.txt,link.txt,.txt,2275,52062fdc9eaf291f8368aca417840b35938445d0ac95d04fec52b390b14e0a3a,2026-07-15T23:09:27.118332+08:00,false,true,false,false,false,false,true,2025th,
examples/开源工程/extracted/icar_autopilot_2025th/icar_autopilot_2025th/build/CMakeFiles/detection.dir/progress.make,progress.make,.make,67,554b9304b651e4c155844a84e2db92106079e413619d5456d14e47d8e81200cb,2026-07-15T23:09:27.120332+08:00,false,false,false,false,false,false,true,2025th,
examples/开源工程/extracted/icar_autopilot_2025th/icar_autopilot_2025th/build/CMakeFiles/detection.dir/src/ctrl/predeal.cpp.o,predeal.cpp.o,.cpp.o,286704,084b101a107482c8386f540f1f161be7b4bdbcc7d1400ef50fa09be91395b02d,2026-07-15T23:09:27.106822+08:00,false,false,false,false,false,false,true,2025th,
examples/开源工程/extracted/icar_autopilot_2025th/icar_autopilot_2025th/build/CMakeFiles/detection.dir/src/tool/detection.cpp.o,detection.cpp.o,.cpp.o,2368752,a806fd95533b885e1a121ae8c754ce581871e923aeeab084e5a87dc285f97d1a,2026-07-15T23:09:27.116332+08:00,false,false,false,false,false,false,true,2025th,
examples/开源工程/extracted/icar_autopilot_2025th/icar_autopilot_2025th/build/CMakeFiles/feature_tests.bin,feature_tests.bin,.bin,13288,29996851ad2f89f2611c9979cd937f80d4df743de2eccac829d09d7a07a39934,2026-07-15T23:09:26.868301+08:00,false,false,false,false,false,false,true,2025th,
examples/开源工程/extracted/icar_autopilot_2025th/icar_autopilot_2025th/build/CMakeFiles/feature_tests.c,feature_tests.c,.c,688,7e5ffb3a7af8b1379c01d22c52b034216aad9efcddab9f3fbeb252b33ee904b5,2026-07-15T23:09:26.869311+08:00,false,false,true,false,false,false,true,2025th,
examples/开源工程/extracted/icar_autopilot_2025th/icar_autopilot_2025th/build/CMakeFiles/feature_tests.cxx,feature_tests.cxx,.cxx,10011,45094d6d26748a44f24d9e9850acaa817de561544955b644eb4919e57be5a968,2026-07-15T23:09:26.888974+08:00,false,false,true,false,false,false,true,2025th,
examples/开源工程/extracted/icar_autopilot_2025th/icar_autopilot_2025th/build/CMakeFiles/icar.dir/build.make,build.make,.make,27026,a11610b4edc27a9a0d56465108c3afcb0274780338ebdf1955decfff8cdfac77,2026-07-15T23:09:27.057190+08:00,false,false,false,false,false,false,true,2025th,
examples/开源工程/extracted/icar_autopilot_2025th/icar_autopilot_2025th/build/CMakeFiles/icar.dir/cmake_clean.cmake,cmake_clean.cmake,.cmake,718,9d8803a2f58038ad496f8209bd751be712105ed45a329f16b5bd6ce09ef9993e,2026-07-15T23:09:27.064705+08:00,false,false,true,false,false,false,true,2025th,
examples/开源工程/extracted/icar_autopilot_2025th/icar_autopilot_2025th/build/CMakeFiles/icar.dir/CXX.includecache,CXX.includecache,.includecache,68323,ce16cd9117491bd7cc726942201bf4962cf3ba9ec5bc562db0acce0a8d68ed0e,2026-07-15T23:09:27.061190+08:00,false,false,false,false,false,false,true,2025th,
examples/开源工程/extracted/icar_autopilot_2025th/icar_autopilot_2025th/build/CMakeFiles/icar.dir/depend.internal,depend.internal,.internal,189700,3ef8a1a60468b2c9aef0a2963de93c88137ec65c48d7e7f4bd834056c033bedf,2026-07-15T23:09:27.055189+08:00,false,false,false,false,false,false,true,2025th,
examples/开源工程/extracted/icar_autopilot_2025th/icar_autopilot_2025th/build/CMakeFiles/icar.dir/depend.make,depend.make,.make,336438,8b3984569c2e163d02ad896ab7bc7ea00d95e4db3d593a02ce461eb4147fb9b8,2026-07-15T23:09:27.063191+08:00,false,false,false,false,false,false,true,2025th,
examples/开源工程/extracted/icar_autopilot_2025th/icar_autopilot_2025th/build/CMakeFiles/icar.dir/DependInfo.cmake,DependInfo.cmake,.cmake,2434,92bf23d9ac8c250c15c299c9511447356282b802482ac43a6e300f5c6fc9f831,2026-07-15T23:09:27.003345+08:00,false,false,true,false,false,false,true,2025th,
examples/开源工程/extracted/icar_autopilot_2025th/icar_autopilot_2025th/build/CMakeFiles/icar.dir/flags.make,flags.make,.make,537,79ef74eb8ddd77811040c9d1cc91280b7e3c88dc9d6f31b3c71336c0b491d3a6,2026-07-15T23:09:27.063698+08:00,false,false,false,false,false,false,true,2025th,
examples/开源工程/extracted/icar_autopilot_2025th/icar_autopilot_2025th/build/CMakeFiles/icar.dir/link.txt,link.txt,.txt,2656,840b01238d567e6b3484779d8d1c7ac5b3a5183980f85295a8828ed7028b7923,2026-07-15T23:09:27.054191+08:00,false,true,false,false,false,false,true,2025th,
examples/开源工程/extracted/icar_autopilot_2025th/icar_autopilot_2025th/build/CMakeFiles/icar.dir/progress.make,progress.make,.make,291,cd357fc6078c09ebbb0819f9e5f2bed0909e6bdaa3e8945f1fa2bf9187fb7757,2026-07-15T23:09:27.056189+08:00,false,false,false,false,false,false,true,2025th,
examples/开源工程/extracted/icar_autopilot_2025th/icar_autopilot_2025th/build/CMakeFiles/icar.dir/src/ctrl/center.cpp.o,center.cpp.o,.cpp.o,495736,ae022ecbc4e51ed91495d969467ef3c2047d7196b5be3c79b981aaf5207d3084,2026-07-15T23:09:27.050673+08:00,false,false,false,false,false,false,true,2025th,
examples/开源工程/extracted/icar_autopilot_2025th/icar_autopilot_2025th/build/CMakeFiles/icar.dir/src/ctrl/predeal.cpp.o,predeal.cpp.o,.cpp.o,286704,471ff57f06f21817652144056e57f3d453bbaa0119ef593a9c9a830904da2eef,2026-07-15T23:09:27.047389+08:00,false,false,false,false,false,false,true,2025th,
examples/开源工程/extracted/icar_autopilot_2025th/icar_autopilot_2025th/build/CMakeFiles/icar.dir/src/ctrl/track.cpp.o,track.cpp.o,.cpp.o,430080,4c669f34a49c36dcda40c03d840f66772326bd577089488a3f26a187dabe69ae,2026-07-15T23:09:27.053180+08:00,false,false,false,false,false,false,true,2025th,
examples/开源工程/extracted/icar_autopilot_2025th/icar_autopilot_2025th/build/CMakeFiles/icar.dir/src/fsm/busy.cpp.o,busy.cpp.o,.cpp.o,433640,10cffb1a91d69350c32847b6d6ea82824eea5826eeda9d2a06470bc0398c3a1b,2026-07-15T23:09:27.010985+08:00,false,false,false,false,false,false,true,2025th,
examples/开源工程/extracted/icar_autopilot_2025th/icar_autopilot_2025th/build/CMakeFiles/icar.dir/src/fsm/cross.cpp.o,cross.cpp.o,.cpp.o,309552,256fd2466b80a2fab5f35d661ad3a80cd2af503c279d7d69b5b901426394b9dc,2026-07-15T23:09:27.018677+08:00,false,false,false,false,false,false,true,2025th,
examples/开源工程/extracted/icar_autopilot_2025th/icar_autopilot_2025th/build/CMakeFiles/icar.dir/src/fsm/curve.cpp.o,curve.cpp.o,.cpp.o,316464,492321f056dcec528b2529d1d024c1f1ad37df9f6f038a3f9c6e6a814e919e1d,2026-07-15T23:09:27.007984+08:00,false,false,false,false,false,false,true,2025th,
examples/开源工程/extracted/icar_autopilot_2025th/icar_autopilot_2025th/build/CMakeFiles/icar.dir/src/fsm/fine.cpp.o,fine.cpp.o,.cpp.o,307928,af9ae9f08218be96f3b3e9016ca602395a76b69aaf2f55cc4a1e2b03a112d301,2026-07-15T23:09:27.024880+08:00,false,false,false,false,false,false,true,2025th,
examples/开源工程/extracted/icar_autopilot_2025th/icar_autopilot_2025th/build/CMakeFiles/icar.dir/src/fsm/fork.cpp.o,fork.cpp.o,.cpp.o,523288,2feaaea0b118f0bfda3c2407de0f631bcef082c0848c470a3ec3b7fffc56a404,2026-07-15T23:09:27.021680+08:00,false,false,false,false,false,false,true,2025th,
examples/开源工程/extracted/icar_autopilot_2025th/icar_autopilot_2025th/build/CMakeFiles/icar.dir/src/fsm/park.cpp.o,park.cpp.o,.cpp.o,766944,144eca7be873f09d223794b421503bb1b35e717c08d3f6ea4b21ed94d94ca6a2,2026-07-15T23:09:27.029272+08:00,false,false,false,false,false,false,true,2025th,
examples/开源工程/extracted/icar_autopilot_2025th/icar_autopilot_2025th/build/CMakeFiles/icar.dir/src/fsm/slow.cpp.o,slow.cpp.o,.cpp.o,301384,725c48915cfd0f2a05300dd56e7ff5951267969142fcd1a92e53290409c21773,2026-07-15T23:09:27.012491+08:00,false,false,false,false,false,false,true,2025th,
examples/开源工程/extracted/icar_autopilot_2025th/icar_autopilot_2025th/build/CMakeFiles/icar.dir/src/fsm/stop.cpp.o,stop.cpp.o,.cpp.o,485824,3ae5a589bc69baf8c2ab0531eb9dbb641b148d47f75321be3a6308fac2d8533a,2026-07-15T23:09:27.016677+08:00,false,false,false,false,false,false,true,2025th,
examples/开源工程/extracted/icar_autopilot_2025th/icar_autopilot_2025th/build/CMakeFiles/icar.dir/src/icar.cpp.o,icar.cpp.o,.cpp.o,3354848,86e516a17babbdeca4da1dc7ac4de40e04ac8464fc4c0d8b4d63744243488a20,2026-07-15T23:09:27.044096+08:00,false,false,false,false,false,false,true,2025th,
examples/开源工程/extracted/icar_autopilot_2025th/icar_autopilot_2025th/build/CMakeFiles/img2video.dir/build.make,build.make,.make,7239,d9d702bdf18e1d0cb07b29740835714012f00975046ee3593b558588fc06d4e4,2026-07-15T23:09:27.137586+08:00,false,false,false,false,false,false,true,2025th,
examples/开源工程/extracted/icar_autopilot_2025th/icar_autopilot_2025th/build/CMakeFiles/img2video.dir/cmake_clean.cmake,cmake_clean.cmake,.cmake,264,6876c279989b835af0f33c400b38121c38f8a1641b657ef3e59d23ba813c0ab4,2026-07-15T23:09:27.142032+08:00,false,false,true,false,false,false,true,2025th,
examples/开源工程/extracted/icar_autopilot_2025th/icar_autopilot_2025th/build/CMakeFiles/img2video.dir/CXX.includecache,CXX.includecache,.includecache,61562,f36cc83bd1ba6c977280a1bb9f956b520113a1e4dc520bf203a8ea1d1aee41bf,2026-07-15T23:09:27.139018+08:00,false,false,false,false,false,false,true,2025th,
examples/开源工程/extracted/icar_autopilot_2025th/icar_autopilot_2025th/build/CMakeFiles/img2video.dir/depend.internal,depend.internal,.internal,15693,4b50224a9bc68f19e0b45d414672410d611192e3b95e0ea9e1591fd564423a4d,2026-07-15T23:09:27.135576+08:00,false,false,false,false,false,false,true,2025th,
examples/开源工程/extracted/icar_autopilot_2025th/icar_autopilot_2025th/build/CMakeFiles/img2video.dir/depend.make,depend.make,.make,30759,0921c82b450cdf6151aececd21a2478468a5be442d50fd6f99980729334f54c3,2026-07-15T23:09:27.140032+08:00,false,false,false,false,false,false,true,2025th,
examples/开源工程/extracted/icar_autopilot_2025th/icar_autopilot_2025th/build/CMakeFiles/img2video.dir/DependInfo.cmake,DependInfo.cmake,.cmake,853,7508c4668555c21cc00c2fdb58dc1795f8f4bf2456d343814a87cb5fe3ea8ce0,2026-07-15T23:09:27.129844+08:00,false,false,true,false,false,false,true,2025th,
examples/开源工程/extracted/icar_autopilot_2025th/icar_autopilot_2025th/build/CMakeFiles/img2video.dir/flags.make,flags.make,.make,537,79ef74eb8ddd77811040c9d1cc91280b7e3c88dc9d6f31b3c71336c0b491d3a6,2026-07-15T23:09:27.141033+08:00,false,false,false,false,false,false,true,2025th,
examples/开源工程/extracted/icar_autopilot_2025th/icar_autopilot_2025th/build/CMakeFiles/img2video.dir/link.txt,link.txt,.txt,2198,8b083517c26755bcd1194d3014f4daae71f51343f3ced36be10270bb336da576,2026-07-15T23:09:27.135576+08:00,false,true,false,false,false,false,true,2025th,
examples/开源工程/extracted/icar_autopilot_2025th/icar_autopilot_2025th/build/CMakeFiles/img2video.dir/progress.make,progress.make,.make,45,99388f82556460b4d00ae26edd8e2418ae8510cbffadaeb7c50a539174cd9a8f,2026-07-15T23:09:27.136584+08:00,false,false,false,false,false,false,true,2025th,
examples/开源工程/extracted/icar_autopilot_2025th/icar_autopilot_2025th/build/CMakeFiles/img2video.dir/src/tool/img2video.cpp.o,img2video.cpp.o,.cpp.o,428888,7351ae2baa1c9f37f1a88cae6535f9ba549fec979c4ef488f111f2a770ccafad,2026-07-15T23:09:27.134066+08:00,false,false,false,false,false,false,true,2025th,
examples/开源工程/extracted/icar_autopilot_2025th/icar_autopilot_2025th/build/CMakeFiles/imging.dir/build.make,build.make,.make,8876,07a9744f69dc06f1be81431f7e54e22fba5ec7889505761471d5ce2973e1dfa0,2026-07-15T23:09:26.919621+08:00,false,false,false,false,false,false,true,2025th,
examples/开源工程/extracted/icar_autopilot_2025th/icar_autopilot_2025th/build/CMakeFiles/imging.dir/cmake_clean.cmake,cmake_clean.cmake,.cmake,298,63fed0cfd4917298b67d9080b4f8579fbd203fecdc8efb8bcd4151d684cb9490,2026-07-15T23:09:26.924970+08:00,false,false,true,false,false,false,true,2025th,
examples/开源工程/extracted/icar_autopilot_2025th/icar_autopilot_2025th/build/CMakeFiles/imging.dir/CXX.includecache,CXX.includecache,.includecache,64175,51ae0d16bb050c82feacbf5fed873daf25c72c3374b48b9327682bd2b84cbd1a,2026-07-15T23:09:26.921964+08:00,false,false,false,false,false,false,true,2025th,
examples/开源工程/extracted/icar_autopilot_2025th/icar_autopilot_2025th/build/CMakeFiles/imging.dir/depend.internal,depend.internal,.internal,31496,bfe9ca2e98f75928eed7521442224e8f0ea0d54fe1daf934e3d6d46f7f8f4520,2026-07-15T23:09:26.918115+08:00,false,false,false,false,false,false,true,2025th,
examples/开源工程/extracted/icar_autopilot_2025th/icar_autopilot_2025th/build/CMakeFiles/imging.dir/depend.make,depend.make,.make,58662,ea8436cefb9be0963b38bf6c18b295a2b051e754d1bf4d30913b040c61e2a53f,2026-07-15T23:09:26.922971+08:00,false,false,false,false,false,false,true,2025th,
examples/开源工程/extracted/icar_autopilot_2025th/icar_autopilot_2025th/build/CMakeFiles/imging.dir/DependInfo.cmake,DependInfo.cmake,.cmake,998,1fc7c78ac9ca9a7df9c8e08cda713d6bd66629cce8ba2191f0feace14ea86f41,2026-07-15T23:09:26.909236+08:00,false,false,true,false,false,false,true,2025th,
examples/开源工程/extracted/icar_autopilot_2025th/icar_autopilot_2025th/build/CMakeFiles/imging.dir/flags.make,flags.make,.make,537,79ef74eb8ddd77811040c9d1cc91280b7e3c88dc9d6f31b3c71336c0b491d3a6,2026-07-15T23:09:26.923971+08:00,false,false,false,false,false,false,true,2025th,
examples/开源工程/extracted/icar_autopilot_2025th/icar_autopilot_2025th/build/CMakeFiles/imging.dir/link.txt,link.txt,.txt,2234,3c676142f2b55afbb0aecee309e244c34ce3078abdcd866a02504ad612a1e434,2026-07-15T23:09:26.916636+08:00,false,true,false,false,false,false,true,2025th,
examples/开源工程/extracted/icar_autopilot_2025th/icar_autopilot_2025th/build/CMakeFiles/imging.dir/progress.make,progress.make,.make,67,0a2383f07624c7341e2b856b05ed4cdabed4c361e6b9113a0598d367b2de1278,2026-07-15T23:09:26.918115+08:00,false,false,false,false,false,false,true,2025th,
examples/开源工程/extracted/icar_autopilot_2025th/icar_autopilot_2025th/build/CMakeFiles/imging.dir/src/ctrl/predeal.cpp.o,predeal.cpp.o,.cpp.o,286704,bbb54e9849bd33c5ae871bf5d26e6b4c07896c84d99be3829dc142c011c34dc8,2026-07-15T23:09:26.912635+08:00,false,false,false,false,false,false,true,2025th,
examples/开源工程/extracted/icar_autopilot_2025th/icar_autopilot_2025th/build/CMakeFiles/imging.dir/src/tool/imging.cpp.o,imging.cpp.o,.cpp.o,372336,9e4f1870090f0a8893c4b543c3237954afade1dd21cf1d4f965cb9914f705452,2026-07-15T23:09:26.915634+08:00,false,false,false,false,false,false,true,2025th,
examples/开源工程/extracted/icar_autopilot_2025th/icar_autopilot_2025th/build/CMakeFiles/Makefile.cmake,Makefile.cmake,.cmake,7386,949059c95d4f0beb2b294e7b9685f99fb61df38f6583bc71c42926caf3eca866,2026-07-15T23:09:27.066944+08:00,false,false,true,false,false,false,true,2025th,
examples/开源工程/extracted/icar_autopilot_2025th/icar_autopilot_2025th/build/CMakeFiles/Makefile2,Makefile2,,14102,39797020cc1fcf37a21b0a1e7cbb11d8d4b4ebd37f17d5c32e40c5fde0d53865,2026-07-15T23:09:27.066944+08:00,false,false,false,false,false,false,true,2025th,
examples/开源工程/extracted/icar_autopilot_2025th/icar_autopilot_2025th/build/CMakeFiles/progress.marks,progress.marks,.marks,3,b1ce0aa6fdf3cf349d773243dab9fbbe09d30619f38b0c1e8977e28c4f0bc495,2026-07-15T23:09:26.888468+08:00,false,false,false,false,false,false,true,2025th,
examples/开源工程/extracted/icar_autopilot_2025th/icar_autopilot_2025th/build/CMakeFiles/running.dir/build.make,build.make,.make,28327,08c4debbaed6deac645da6fb67ed9d67f31336154fa901d587e4b00dffa538d8,2026-07-15T23:09:26.994576+08:00,false,false,false,false,false,false,true,2025th,
examples/开源工程/extracted/icar_autopilot_2025th/icar_autopilot_2025th/build/CMakeFiles/running.dir/cmake_clean.cmake,cmake_clean.cmake,.cmake,771,1cab3578e136d86c5d64930e5acfb0a84d8031301a5b11f57fbd156d3db42a18,2026-07-15T23:09:27.002336+08:00,false,false,true,false,false,false,true,2025th,
examples/开源工程/extracted/icar_autopilot_2025th/icar_autopilot_2025th/build/CMakeFiles/running.dir/CXX.includecache,CXX.includecache,.includecache,68979,d28d8339fbec574c1cdd36bec3cb6b518142faa5144318307a1072fdf41f76d8,2026-07-15T23:09:26.997577+08:00,false,false,false,false,false,false,true,2025th,
examples/开源工程/extracted/icar_autopilot_2025th/icar_autopilot_2025th/build/CMakeFiles/running.dir/depend.internal,depend.internal,.internal,189824,91fcd3fa6257d2736be982efd9b46228993c7f9169d30b1e8e8742d52f6e11ac,2026-07-15T23:09:26.992567+08:00,false,false,false,false,false,false,true,2025th,
examples/开源工程/extracted/icar_autopilot_2025th/icar_autopilot_2025th/build/CMakeFiles/running.dir/depend.make,depend.make,.make,350392,cd48fb701f74c9c90faac4ec0cb4f27eaf86c61b4786caad5e187f21353360c4,2026-07-15T23:09:26.999875+08:00,false,false,false,false,false,false,true,2025th,
examples/开源工程/extracted/icar_autopilot_2025th/icar_autopilot_2025th/build/CMakeFiles/running.dir/DependInfo.cmake,DependInfo.cmake,.cmake,2486,cd420452d7706616960fa5f5840c76668757a8e5127d06b103d1dc1f683caba1,2026-07-15T23:09:26.938750+08:00,false,false,true,false,false,false,true,2025th,
examples/开源工程/extracted/icar_autopilot_2025th/icar_autopilot_2025th/build/CMakeFiles/running.dir/flags.make,flags.make,.make,537,79ef74eb8ddd77811040c9d1cc91280b7e3c88dc9d6f31b3c71336c0b491d3a6,2026-07-15T23:09:27.001326+08:00,false,false,false,false,false,false,true,2025th,
examples/开源工程/extracted/icar_autopilot_2025th/icar_autopilot_2025th/build/CMakeFiles/running.dir/link.txt,link.txt,.txt,2703,8be00f17f7321c5c0dcec068a9ae57e70854e54523a565b3257d00e207f15ebb,2026-07-15T23:09:26.991059+08:00,false,true,false,false,false,false,true,2025th,
examples/开源工程/extracted/icar_autopilot_2025th/icar_autopilot_2025th/build/CMakeFiles/running.dir/progress.make,progress.make,.make,291,de5c0f582cd708ab3dc542d35784835eefd7cf12260fb7be03b53286657c93a5,2026-07-15T23:09:26.993575+08:00,false,false,false,false,false,false,true,2025th,
examples/开源工程/extracted/icar_autopilot_2025th/icar_autopilot_2025th/build/CMakeFiles/running.dir/src/ctrl/center.cpp.o,center.cpp.o,.cpp.o,495736,295ba971bd1cbd72b934c5716ed3bfb89ea9f309899a5f496669d64946fb6a0d,2026-07-15T23:09:26.969620+08:00,false,false,false,false,false,false,true,2025th,
examples/开源工程/extracted/icar_autopilot_2025th/icar_autopilot_2025th/build/CMakeFiles/running.dir/src/ctrl/predeal.cpp.o,predeal.cpp.o,.cpp.o,286704,6101fa50bb450f13e232fe40229958133bce86a89c1a6dfe6d2b3663edfd47db,2026-07-15T23:09:26.966950+08:00,false,false,false,false,false,false,true,2025th,
examples/开源工程/extracted/icar_autopilot_2025th/icar_autopilot_2025th/build/CMakeFiles/running.dir/src/ctrl/track.cpp.o,track.cpp.o,.cpp.o,430080,72fa064862b2b80f892e501dc8475849804933825e8df1a5c4b33853d3e74d99,2026-07-15T23:09:26.972148+08:00,false,false,false,false,false,false,true,2025th,
examples/开源工程/extracted/icar_autopilot_2025th/icar_autopilot_2025th/build/CMakeFiles/running.dir/src/fsm/busy.cpp.o,busy.cpp.o,.cpp.o,433640,10821f25cd35ed7b4ee8a0580aa234598d98eb059be8883e7906ebdc31bade61,2026-07-15T23:09:26.945264+08:00,false,false,false,false,false,false,true,2025th,
examples/开源工程/extracted/icar_autopilot_2025th/icar_autopilot_2025th/build/CMakeFiles/running.dir/src/fsm/cross.cpp.o,cross.cpp.o,.cpp.o,309552,05c120fbce4711786cbe5020b38ef489a6b79daadb03e375cccc0b312527ade3,2026-07-15T23:09:26.952804+08:00,false,false,false,false,false,false,true,2025th,
examples/开源工程/extracted/icar_autopilot_2025th/icar_autopilot_2025th/build/CMakeFiles/running.dir/src/fsm/curve.cpp.o,curve.cpp.o,.cpp.o,316464,c4af85ba37a7ecd5ff394f301c771ad3a154f2a2e0225e6ad850a7b0d3f359c7,2026-07-15T23:09:26.942269+08:00,false,false,false,false,false,false,true,2025th,
examples/开源工程/extracted/icar_autopilot_2025th/icar_autopilot_2025th/build/CMakeFiles/running.dir/src/fsm/fine.cpp.o,fine.cpp.o,.cpp.o,307928,689474ba1fb6b597ab255a5f3961294cc4a95649890628ce08aa8776631e859f,2026-07-15T23:09:26.959240+08:00,false,false,false,false,false,false,true,2025th,
examples/开源工程/extracted/icar_autopilot_2025th/icar_autopilot_2025th/build/CMakeFiles/running.dir/src/fsm/fork.cpp.o,fork.cpp.o,.cpp.o,523288,a263a966a6f84a01f4bea05b65d166177cc79bf503fbd273dd3dc4fbf2c09806,2026-07-15T23:09:26.955813+08:00,false,false,false,false,false,false,true,2025th,
examples/开源工程/extracted/icar_autopilot_2025th/icar_autopilot_2025th/build/CMakeFiles/running.dir/src/fsm/park.cpp.o,park.cpp.o,.cpp.o,766944,0f37dd1d48d81d1935862459fdd91368d2cc727afab46670363efd769d26af8d,2026-07-15T23:09:26.963754+08:00,false,false,false,false,false,false,true,2025th,
examples/开源工程/extracted/icar_autopilot_2025th/icar_autopilot_2025th/build/CMakeFiles/running.dir/src/fsm/slow.cpp.o,slow.cpp.o,.cpp.o,301384,1b4e4b56a00464083f411e15ced9a533d87c3b1ed4af29d833f44c000ee0de4b,2026-07-15T23:09:26.947289+08:00,false,false,false,false,false,false,true,2025th,
examples/开源工程/extracted/icar_autopilot_2025th/icar_autopilot_2025th/build/CMakeFiles/running.dir/src/fsm/stop.cpp.o,stop.cpp.o,.cpp.o,485824,2547b0bee2db443b747dda6a556e149129da873f4807d6ac94c90058673e5a50,2026-07-15T23:09:26.950290+08:00,false,false,false,false,false,false,true,2025th,
examples/开源工程/extracted/icar_autopilot_2025th/icar_autopilot_2025th/build/CMakeFiles/running.dir/src/tool/running.cpp.o,running.cpp.o,.cpp.o,3422640,1a0a880c61978d20677d18e69531b155d8e04fd6c9a050b079362b57d7bf00b2,2026-07-15T23:09:26.990061+08:00,false,false,false,false,false,false,true,2025th,
examples/开源工程/extracted/icar_autopilot_2025th/icar_autopilot_2025th/build/CMakeFiles/TargetDirectories.txt,TargetDirectories.txt,.txt,749,af6f535d6a353e6b5618422cced386316308ca8572618c102686141a3da42be1,2026-07-15T23:09:26.907236+08:00,false,true,false,false,false,false,true,2025th,
examples/开源工程/extracted/icar_autopilot_2025th/icar_autopilot_2025th/build/collection,collection,,273272,ca74a4511fa4801b9eaecf67803cc593ad00a9f1b30442ebcbfc5cceaf651fc6,2026-07-15T23:09:27.176473+08:00,false,false,false,false,false,false,true,2025th,
examples/开源工程/extracted/icar_autopilot_2025th/icar_autopilot_2025th/build/compile_commands.json,compile_commands.json,.json,22171,08cc875cf457a5ca78ae35b779211964be1dbd4974b5957f2ea42c73a2226324,2026-07-15T23:09:26.866794+08:00,false,false,true,false,false,false,true,2025th,
examples/开源工程/extracted/icar_autopilot_2025th/icar_autopilot_2025th/build/detection,detection,,1347592,e3f1a8dbbfc0bc9797d36d41e11d3df340601bc677c9f18cb6df6c6b68d24ccd,2026-07-15T23:09:26.863796+08:00,false,false,false,false,false,false,true,2025th,
examples/开源工程/extracted/icar_autopilot_2025th/icar_autopilot_2025th/build/devc.o,devc.o,.o,2024,7020f10eb7bdb81af634e0d42f819497e0c7de0636255d08de05bf65e1d958cf,2026-07-15T23:09:26.856639+08:00,false,false,false,false,false,false,true,2025th,
examples/开源工程/extracted/icar_autopilot_2025th/icar_autopilot_2025th/build/icar,icar,,2673712,bc039b436456b79a0aa527605b6581991c121980839fce00e4966236d87b1c4e,2026-07-15T23:09:27.171471+08:00,false,false,false,false,false,false,true,2025th,
examples/开源工程/extracted/icar_autopilot_2025th/icar_autopilot_2025th/build/img2video,img2video,,109520,dfc252222fa658b63df82874e44796fb14d08f92f655348c9d7504b419d7502f,2026-07-15T23:09:26.853160+08:00,false,false,false,false,false,false,true,2025th,
examples/开源工程/extracted/icar_autopilot_2025th/icar_autopilot_2025th/build/imging,imging,,218696,94a0f1abb83a895fc074ba87d1ee110c0ab0e1f2327eb2109653078b44b2b3d9,2026-07-15T23:09:26.856639+08:00,false,false,false,false,false,false,true,2025th,
examples/开源工程/extracted/icar_autopilot_2025th/icar_autopilot_2025th/build/lib0.o,lib0.o,.o,17504,f5d18ebf1b3f89c2af52832d4ec2c42668c5d5bed4e57708957d9b4c5f253ca4,2026-07-15T23:09:27.157249+08:00,false,false,false,false,false,false,true,2025th,
examples/开源工程/extracted/icar_autopilot_2025th/icar_autopilot_2025th/build/Makefile,Makefile,,28021,e44782acd35f907f57dcb43bbe589c0a5a30f15d9fb3a565c0a09eae6b210c26,2026-07-15T23:09:26.864796+08:00,false,false,true,false,false,false,true,2025th,
examples/开源工程/extracted/icar_autopilot_2025th/icar_autopilot_2025th/build/running,running,,2700064,6115298015ba56318efab831690a9a0b9ffc5b1c467f545fb7045976dc18703a,2026-07-15T23:09:27.156243+08:00,false,false,false,false,false,false,true,2025th,
examples/开源工程/extracted/icar_autopilot_2025th/icar_autopilot_2025th/CMakeLists.txt,CMakeLists.txt,.txt,4570,de1a394c0aed99f0624d5732caefab271b30a2be4e7ceb8a67616979ea29161b,2026-07-15T23:09:27.181653+08:00,false,true,true,false,false,false,true,2025th,
examples/开源工程/extracted/icar_autopilot_2025th/icar_autopilot_2025th/include/com/client.hpp,client.hpp,.hpp,7786,37ab9f7851948d606fa6f53689b71125060e91f323a160fa42e1f15e207d150b,2026-07-15T23:09:26.099251+08:00,false,false,true,false,false,false,true,2025th,
examples/开源工程/extracted/icar_autopilot_2025th/icar_autopilot_2025th/include/com/server.hpp,server.hpp,.hpp,5007,46f3363246dab04744cf52435c33e5e6341f6d31cba12dd147cafdb33df34288,2026-07-15T23:09:26.096688+08:00,false,false,true,false,false,false,true,2025th,
examples/开源工程/extracted/icar_autopilot_2025th/icar_autopilot_2025th/include/com/uart.hpp,uart.hpp,.hpp,14615,07b58150377e9217b666003501a73c7c198d8345ba34b62ef4df96e45c556ff5,2026-07-15T23:09:26.097861+08:00,false,false,true,false,false,false,true,2025th,
examples/开源工程/extracted/icar_autopilot_2025th/icar_autopilot_2025th/include/ctrl/center.hpp,center.hpp,.hpp,2279,fb828a757d9fa763587646a00683c8c773ffe513e481fec63e20c95d7a0f6432,2026-07-15T23:09:26.128717+08:00,false,false,true,false,false,false,true,2025th,
examples/开源工程/extracted/icar_autopilot_2025th/icar_autopilot_2025th/include/ctrl/mapping.hpp,mapping.hpp,.hpp,9126,9c024fc3627751e5d7336dd6729396eb491db01057710fb5c6dbd5a849f2a6d7,2026-07-15T23:09:26.129282+08:00,false,false,true,false,false,false,true,2025th,
examples/开源工程/extracted/icar_autopilot_2025th/icar_autopilot_2025th/include/ctrl/motion.hpp,motion.hpp,.hpp,6203,5ba80af53147daf2bde7aae5e090181d0e0b61ccb163e7767368166002db3c1d,2026-07-15T23:09:26.132291+08:00,false,false,true,false,false,false,true,2025th,
examples/开源工程/extracted/icar_autopilot_2025th/icar_autopilot_2025th/include/ctrl/predeal.hpp,predeal.hpp,.hpp,1512,aef4a10b74d6231dd05fba272673bcadead03d5c606329a2328ad8290a35fe26,2026-07-15T23:09:26.131293+08:00,false,false,true,false,false,false,true,2025th,
examples/开源工程/extracted/icar_autopilot_2025th/icar_autopilot_2025th/include/ctrl/track.hpp,track.hpp,.hpp,2187,3c6df11fdcfc62d00eb712be9e91d41da81bbef05f6e1e32b2bed483ce7a6bc6,2026-07-15T23:09:26.130288+08:00,false,false,true,false,false,false,true,2025th,
examples/开源工程/extracted/icar_autopilot_2025th/icar_autopilot_2025th/include/fsm/busy.hpp,busy.hpp,.hpp,1594,4db4e9756a099474091730b14fe065c8f073aefbcf423c6d94dd9642bd4e163c,2026-07-15T23:09:26.103261+08:00,false,false,true,false,false,false,true,2025th,
examples/开源工程/extracted/icar_autopilot_2025th/icar_autopilot_2025th/include/fsm/cross.hpp,cross.hpp,.hpp,1724,543345f300656cb2bb9ba0b190ebed4d02d669042fcd452ba0890e12cb0824bc,2026-07-15T23:09:26.101263+08:00,false,false,true,false,false,false,true,2025th,
examples/开源工程/extracted/icar_autopilot_2025th/icar_autopilot_2025th/include/fsm/curve.hpp,curve.hpp,.hpp,1607,5521735fecd64dadb88b37a233c360741fb37154ea31bafb3d4a56fd1c827943,2026-07-15T23:09:26.113343+08:00,false,false,true,false,false,false,true,2025th,
examples/开源工程/extracted/icar_autopilot_2025th/icar_autopilot_2025th/include/fsm/fine.hpp,fine.hpp,.hpp,1696,32709a292c421ff8461add3cff37d7a61ee00f70bd625fe254c5fcd2ed0afe2f,2026-07-15T23:09:26.105260+08:00,false,false,true,false,false,false,true,2025th,
examples/开源工程/extracted/icar_autopilot_2025th/icar_autopilot_2025th/include/fsm/fork.hpp,fork.hpp,.hpp,2696,1ff8ad551cf2b902b78b37d496874c9ad92f8be7b8e1165c0fdb2ea02296f8d7,2026-07-15T23:09:26.111344+08:00,false,false,true,false,false,false,true,2025th,
examples/开源工程/extracted/icar_autopilot_2025th/icar_autopilot_2025th/include/fsm/fsm.hpp,fsm.hpp,.hpp,1537,20c8e4eb8c84dae889a3d0ae751f53ed6b9ba34a260f5965c4b0a82ae157a75a,2026-07-15T23:09:26.100264+08:00,false,false,true,false,false,false,true,2025th,
examples/开源工程/extracted/icar_autopilot_2025th/icar_autopilot_2025th/include/fsm/park.hpp,park.hpp,.hpp,4780,e15341ce5bc726c4ce044de5e2403bed45e6d7e0dbed20503a7c23ce037b87c7,2026-07-15T23:09:26.110332+08:00,false,false,true,false,false,false,true,2025th,
examples/开源工程/extracted/icar_autopilot_2025th/icar_autopilot_2025th/include/fsm/slow.hpp,slow.hpp,.hpp,1603,fc0025219211f361bc2b6d1501c1719221b5972660ee1a2507556561791bcdc5,2026-07-15T23:09:26.104260+08:00,false,false,true,false,false,false,true,2025th,
examples/开源工程/extracted/icar_autopilot_2025th/icar_autopilot_2025th/include/fsm/stop.hpp,stop.hpp,.hpp,2084,5e64f395643c2f85403619e13a6588d12872c29d8642363707800e5a2c7ece25,2026-07-15T23:09:26.101263+08:00,false,false,true,false,false,false,true,2025th,
examples/开源工程/extracted/icar_autopilot_2025th/icar_autopilot_2025th/include/icar.hpp,icar.hpp,.hpp,13284,5c4c76e1472a000c976155d770f733597d3f873c419cc188adc78b0339294471,2026-07-15T23:09:26.127211+08:00,false,false,true,false,false,false,true,2025th,
examples/开源工程/extracted/icar_autopilot_2025th/icar_autopilot_2025th/include/utils/detection.hpp,detection.hpp,.hpp,13784,148a6c34695ea66dd62440d3bdbf7d87cffcd79cd1bdd376c3fcd0dfb2378028,2026-07-15T23:09:26.118340+08:00,false,false,true,false,false,false,true,2025th,
examples/开源工程/extracted/icar_autopilot_2025th/icar_autopilot_2025th/include/utils/joystick.hpp,joystick.hpp,.hpp,7537,7923758bfa9e75708565a35755e1b54051ae2f1b54a447bb159ae9434872a06a,2026-07-15T23:09:26.126212+08:00,false,false,true,false,false,false,true,2025th,
examples/开源工程/extracted/icar_autopilot_2025th/icar_autopilot_2025th/include/utils/json.hpp,json.hpp,.hpp,960430,f3970c00605f45ced0ecd9292f1ef3c572f0a37251f8bf8896ed3e931719acbd,2026-07-15T23:09:26.121804+08:00,false,false,true,false,false,false,true,2025th,
examples/开源工程/extracted/icar_autopilot_2025th/icar_autopilot_2025th/include/utils/loop.hpp,loop.hpp,.hpp,4141,9b5f6f62589d1dce6093847b25bbb0536185e53ccfbeef7d40dfae11df9882f4,2026-07-15T23:09:26.124212+08:00,false,false,true,false,false,false,true,2025th,
examples/开源工程/extracted/icar_autopilot_2025th/icar_autopilot_2025th/include/utils/params.hpp,params.hpp,.hpp,6604,f356a1f99c184c55e149e8c2beef74dc9ac666f2f55c505d73ef4d60f24edfdc,2026-07-15T23:09:26.117342+08:00,false,false,true,false,false,false,true,2025th,
examples/开源工程/extracted/icar_autopilot_2025th/icar_autopilot_2025th/include/utils/show.hpp,show.hpp,.hpp,4543,039264becc595ee06456a70757ecd6d9e5b4315c16b9afa41005e3b9826d5ab5,2026-07-15T23:09:26.116342+08:00,false,false,true,false,false,false,true,2025th,
examples/开源工程/extracted/icar_autopilot_2025th/icar_autopilot_2025th/include/utils/tools.hpp,tools.hpp,.hpp,11654,cfc68c5a9f6dc4549e63c1e4533b0f9ffd8b45f568ebf8a38428ce67468aa1b5,2026-07-15T23:09:26.115342+08:00,false,false,true,false,false,false,true,2025th,
examples/开源工程/extracted/icar_autopilot_2025th/icar_autopilot_2025th/res/calibration/assessment.txt,assessment.txt,.txt,19911,bfd800a22ab4c9442ed2b3c16cf757a84dc9e3ccd520cff94dd00c6f5295a1c0,2026-07-15T23:09:26.825732+08:00,false,true,false,false,false,false,true,2025th,
examples/开源工程/extracted/icar_autopilot_2025th/icar_autopilot_2025th/res/calibration/calibration.xml,calibration.xml,.xml,533,de95e141fb39deff0a7ee83c848938d12f3053dd985b59b00378ca22235b92c3,2026-07-15T23:09:26.764938+08:00,false,false,true,false,false,false,true,2025th,
examples/开源工程/extracted/icar_autopilot_2025th/icar_autopilot_2025th/res/calibration/checkerboard.png,checkerboard.png,.png,222858,8300ad8f0df6c0be9fa3298ec58bcfc481510ee17cc1a75ed93d04b3b2f8fd58,2026-07-15T23:09:26.763938+08:00,false,false,false,false,false,false,true,2025th,
examples/开源工程/extracted/icar_autopilot_2025th/icar_autopilot_2025th/res/calibration/corners/1.jpg,1.jpg,.jpg,46598,252f37dd8678db9b12b3f4881558e664982cf739bf9035924ad874bdb4152fab,2026-07-15T23:09:26.777047+08:00,false,false,false,false,false,false,true,2025th,
examples/开源工程/extracted/icar_autopilot_2025th/icar_autopilot_2025th/res/calibration/corners/10.jpg,10.jpg,.jpg,53621,94477bb9f0014a7172afc3fd8a6e7a89b82bb011b878998d432de61f56110dc7,2026-07-15T23:09:26.795154+08:00,false,false,false,false,false,false,true,2025th,
examples/开源工程/extracted/icar_autopilot_2025th/icar_autopilot_2025th/res/calibration/corners/11.jpg,11.jpg,.jpg,51727,3ee8043d8d9c26267b2c123aaedc92eb84eac14151c32473793b4ba110a9dc02,2026-07-15T23:09:26.772528+08:00,false,false,false,false,false,false,true,2025th,
examples/开源工程/extracted/icar_autopilot_2025th/icar_autopilot_2025th/res/calibration/corners/13.jpg,13.jpg,.jpg,47371,17a1512a62541764aba735b43d6ee115373774b1474ad425e37ec05f7bce405d,2026-07-15T23:09:26.810331+08:00,false,false,false,false,false,false,true,2025th,
examples/开源工程/extracted/icar_autopilot_2025th/icar_autopilot_2025th/res/calibration/corners/14.jpg,14.jpg,.jpg,47054,22ca883fa75716bd2ac7a8c5b50332bb892762bd1a9060c03456a3920857c27d,2026-07-15T23:09:26.812712+08:00,false,false,false,false,false,false,true,2025th,
examples/开源工程/extracted/icar_autopilot_2025th/icar_autopilot_2025th/res/calibration/corners/21.jpg,21.jpg,.jpg,45433,cb6a7fb7e6ac57b4271366b475262bdae1590803733156de1dd5f16596d10969,2026-07-15T23:09:26.782046+08:00,false,false,false,false,false,false,true,2025th,
examples/开源工程/extracted/icar_autopilot_2025th/icar_autopilot_2025th/res/calibration/corners/22.jpg,22.jpg,.jpg,45941,817c6710f758412ce3a6f58385c69fb2755e621127ab93db34a21b5c1f0b9f7c,2026-07-15T23:09:26.811331+08:00,false,false,false,false,false,false,true,2025th,
examples/开源工程/extracted/icar_autopilot_2025th/icar_autopilot_2025th/res/calibration/corners/23.jpg,23.jpg,.jpg,46617,f566f71e83e86a078d37361c7fc325578ae2ed06c0addc71e96f779783b013f5,2026-07-15T23:09:26.771527+08:00,false,false,false,false,false,false,true,2025th,
examples/开源工程/extracted/icar_autopilot_2025th/icar_autopilot_2025th/res/calibration/corners/24.jpg,24.jpg,.jpg,47639,533d0b11e741c145897c27d9ebcf392aa677d9f5a87e07ec6c3d2304d337dd18,2026-07-15T23:09:26.785047+08:00,false,false,false,false,false,false,true,2025th,
examples/开源工程/extracted/icar_autopilot_2025th/icar_autopilot_2025th/res/calibration/corners/25.jpg,25.jpg,.jpg,50792,84f0d6c012c0fc2e54041f89c2a741a2e642bea9bef272385ea4ed290b1ce169,2026-07-15T23:09:26.787562+08:00,false,false,false,false,false,false,true,2025th,
examples/开源工程/extracted/icar_autopilot_2025th/icar_autopilot_2025th/res/calibration/corners/27.jpg,27.jpg,.jpg,50131,93ba0c39716fb98eac950863670edf4faa1f7e1f3954b9f42868e0edbbaef7d5,2026-07-15T23:09:26.793036+08:00,false,false,false,false,false,false,true,2025th,
examples/开源工程/extracted/icar_autopilot_2025th/icar_autopilot_2025th/res/calibration/corners/28.jpg,28.jpg,.jpg,49365,c9547e601612c6846dd9eecbf316709f1b56e15e23cd014fdd746ac519138687,2026-07-15T23:09:26.805816+08:00,false,false,false,false,false,false,true,2025th,
examples/开源工程/extracted/icar_autopilot_2025th/icar_autopilot_2025th/res/calibration/corners/29.jpg,29.jpg,.jpg,48067,2aface632b237bf5bba7b6a1e6143e1a069469593a5dce5a5840d7a270069bd2,2026-07-15T23:09:26.795154+08:00,false,false,false,false,false,false,true,2025th,
examples/开源工程/extracted/icar_autopilot_2025th/icar_autopilot_2025th/res/calibration/corners/3.jpg,3.jpg,.jpg,50114,c99d818630934e23627d5f4a49862471c0f0b5885fc3a3a6f2f563b7b9f5218c,2026-07-15T23:09:26.788562+08:00,false,false,false,false,false,false,true,2025th,
examples/开源工程/extracted/icar_autopilot_2025th/icar_autopilot_2025th/res/calibration/corners/30.jpg,30.jpg,.jpg,46632,6fcacef785b65dce65ffa012186717532134e5824a918bb2efaad1ab5df9d1fb,2026-07-15T23:09:26.798809+08:00,false,false,false,false,false,false,true,2025th,
examples/开源工程/extracted/icar_autopilot_2025th/icar_autopilot_2025th/res/calibration/corners/38.jpg,38.jpg,.jpg,46035,7dd9ed9bb1211c179d7ce073671ad543d934d996435bda91ffa23a6ee75e449d,2026-07-15T23:09:26.818329+08:00,false,false,false,false,false,false,true,2025th,
examples/开源工程/extracted/icar_autopilot_2025th/icar_autopilot_2025th/res/calibration/corners/39.jpg,39.jpg,.jpg,46776,b103b050a0906f75ca30b381cf052deb7e6744b7041aa6db513d18aae492d9ce,2026-07-15T23:09:26.774530+08:00,false,false,false,false,false,false,true,2025th,
examples/开源工程/extracted/icar_autopilot_2025th/icar_autopilot_2025th/res/calibration/corners/4.jpg,4.jpg,.jpg,46896,a7be0cd4a5d109099c84a9f8e4c2a9910c237fdfdb940c1cf5c37fc7441bf747,2026-07-15T23:09:26.786555+08:00,false,false,false,false,false,false,true,2025th,
examples/开源工程/extracted/icar_autopilot_2025th/icar_autopilot_2025th/res/calibration/corners/40.jpg,40.jpg,.jpg,47499,114f72904c80c8eec8ff3873c853ec4756dc67c6b5573d0f31415bdb5ce9ff4e,2026-07-15T23:09:26.799816+08:00,false,false,false,false,false,false,true,2025th,
examples/开源工程/extracted/icar_autopilot_2025th/icar_autopilot_2025th/res/calibration/corners/42.jpg,42.jpg,.jpg,52921,244ad89f10d377912f8fc6fe5bc13f154587b0f335c98ba90415b3401024c271,2026-07-15T23:09:26.767087+08:00,false,false,false,false,false,false,true,2025th,
examples/开源工程/extracted/icar_autopilot_2025th/icar_autopilot_2025th/res/calibration/corners/43.jpg,43.jpg,.jpg,51594,91487d2b4a4883e53c17c0ca516c61580c1e3d6f79a7985fd7e5b85d4da5553d,2026-07-15T23:09:26.802817+08:00,false,false,false,false,false,false,true,2025th,
examples/开源工程/extracted/icar_autopilot_2025th/icar_autopilot_2025th/res/calibration/corners/44.jpg,44.jpg,.jpg,50989,2e5e3f5f5b99bd934fd05e524292c2ccdaf524051b4bcbaae09d7dfd3f25d7db,2026-07-15T23:09:26.801816+08:00,false,false,false,false,false,false,true,2025th,
examples/开源工程/extracted/icar_autopilot_2025th/icar_autopilot_2025th/res/calibration/corners/5.jpg,5.jpg,.jpg,48190,f199ef434beabc1ef58cf4d21da08eb21530bd4f487cadd329da26936a793b0e,2026-07-15T23:09:26.797438+08:00,false,false,false,false,false,false,true,2025th,
examples/开源工程/extracted/icar_autopilot_2025th/icar_autopilot_2025th/res/calibration/corners/50.jpg,50.jpg,.jpg,48507,10045b2d4e90b8d83f525ce26d6b95e80c0e4c19c2df9964e6f80ea2f973186d,2026-07-15T23:09:26.770519+08:00,false,false,false,false,false,false,true,2025th,
examples/开源工程/extracted/icar_autopilot_2025th/icar_autopilot_2025th/res/calibration/corners/51.jpg,51.jpg,.jpg,50500,8244f6cb0615588c2bb6468619ad24e912845774e4dcd8336e904764ebae3443,2026-07-15T23:09:26.789562+08:00,false,false,false,false,false,false,true,2025th,
examples/开源工程/extracted/icar_autopilot_2025th/icar_autopilot_2025th/res/calibration/corners/53.jpg,53.jpg,.jpg,49419,af0572783ca33c202605d6bdbaccf838d3ac285f0db1905f8752094572dd5481,2026-07-15T23:09:26.790563+08:00,false,false,false,false,false,false,true,2025th,
examples/开源工程/extracted/icar_autopilot_2025th/icar_autopilot_2025th/res/calibration/corners/54.jpg,54.jpg,.jpg,48745,31854cd0eeb6dd6f92c328b9b8da11a30fc84322c17fa944be1a858ed3026070,2026-07-15T23:09:26.779046+08:00,false,false,false,false,false,false,true,2025th,
examples/开源工程/extracted/icar_autopilot_2025th/icar_autopilot_2025th/res/calibration/corners/55.jpg,55.jpg,.jpg,48050,573340d8e1673314f67e22c449342ee34775086e8564e1cacc034b754b2d8d87,2026-07-15T23:09:26.780046+08:00,false,false,false,false,false,false,true,2025th,
examples/开源工程/extracted/icar_autopilot_2025th/icar_autopilot_2025th/res/calibration/corners/56.jpg,56.jpg,.jpg,47560,7b07712bfcda4c7b76f6aed9a8d130503bb057d9bac7b38a1e078e67b9f7ac7e,2026-07-15T23:09:26.814071+08:00,false,false,false,false,false,false,true,2025th,
examples/开源工程/extracted/icar_autopilot_2025th/icar_autopilot_2025th/res/calibration/corners/57.jpg,57.jpg,.jpg,46946,515b1a16257e96abfb50f4bdef3b78c702ea275bee8e8f74e5a3f0b176cc3046,2026-07-15T23:09:26.773532+08:00,false,false,false,false,false,false,true,2025th,
examples/开源工程/extracted/icar_autopilot_2025th/icar_autopilot_2025th/res/calibration/corners/58.jpg,58.jpg,.jpg,46670,d271dfba173e610a039e555308513c66c3f99c834cb87f5a9af91e5be7857b60,2026-07-15T23:09:26.820326+08:00,false,false,false,false,false,false,true,2025th,
examples/开源工程/extracted/icar_autopilot_2025th/icar_autopilot_2025th/res/calibration/corners/59.jpg,59.jpg,.jpg,46190,b47e4b28bcf36d7108bd9ace827cf9cf2632a6324b58e06e4c9a6947eaa2aa24,2026-07-15T23:09:26.800816+08:00,false,false,false,false,false,false,true,2025th,
examples/开源工程/extracted/icar_autopilot_2025th/icar_autopilot_2025th/res/calibration/corners/6.jpg,6.jpg,.jpg,50729,0bc159590a638572624eb240092cef8d26d88b6a69f125ad28324113ea44405d,2026-07-15T23:09:26.768099+08:00,false,false,false,false,false,false,true,2025th,
examples/开源工程/extracted/icar_autopilot_2025th/icar_autopilot_2025th/res/calibration/corners/7.jpg,7.jpg,.jpg,55259,6b97d5197b0d3542bf5702fb4fcba9000142000401c91756112a8edff83376a4,2026-07-15T23:09:26.803816+08:00,false,false,false,false,false,false,true,2025th,
examples/开源工程/extracted/icar_autopilot_2025th/icar_autopilot_2025th/res/calibration/corners/77.jpg,77.jpg,.jpg,44322,767282e357c6bdb198553984e6ff5f0a15c6cf7d12e8da15778cc5917f0ded5d,2026-07-15T23:09:26.806817+08:00,false,false,false,false,false,false,true,2025th,
examples/开源工程/extracted/icar_autopilot_2025th/icar_autopilot_2025th/res/calibration/corners/78.jpg,78.jpg,.jpg,45557,70fffd1b1421d3761f782896e5b67f498b7c5bdeacccca95c2aa1d9768e780bc,2026-07-15T23:09:26.781046+08:00,false,false,false,false,false,false,true,2025th,
examples/开源工程/extracted/icar_autopilot_2025th/icar_autopilot_2025th/res/calibration/corners/8.jpg,8.jpg,.jpg,52529,e6c5e4ae14730b4b556346a8a65b2b304e1bb825c8efaa6cd91f381606f99d00,2026-07-15T23:09:26.792020+08:00,false,false,false,false,false,false,true,2025th,
examples/开源工程/extracted/icar_autopilot_2025th/icar_autopilot_2025th/res/calibration/corners/80.jpg,80.jpg,.jpg,47633,c3eccc3ef251d8e556fcbb8284fcd5444ddd32da4268733938e02b516e2ad77b,2026-07-15T23:09:26.808333+08:00,false,false,false,false,false,false,true,2025th,
examples/开源工程/extracted/icar_autopilot_2025th/icar_autopilot_2025th/res/calibration/corners/81.jpg,81.jpg,.jpg,48459,aed620a3e35f68d1fa2d925a48380c3156e640c7f25c4eebb1cb0eed6f0920d5,2026-07-15T23:09:26.794142+08:00,false,false,false,false,false,false,true,2025th,
examples/开源工程/extracted/icar_autopilot_2025th/icar_autopilot_2025th/res/calibration/corners/82.jpg,82.jpg,.jpg,48092,7e5da205bc41356fd6e919a9f6bb84e4864b42e6221bc3708e46937e237ee7d5,2026-07-15T23:09:26.815083+08:00,false,false,false,false,false,false,true,2025th,
examples/开源工程/extracted/icar_autopilot_2025th/icar_autopilot_2025th/res/calibration/corners/83.jpg,83.jpg,.jpg,47750,e54a24b3bc533f140b8a488b02f3536aba14bd939dfbdc344de9bc6a1eee0c77,2026-07-15T23:09:26.809330+08:00,false,false,false,false,false,false,true,2025th,
examples/开源工程/extracted/icar_autopilot_2025th/icar_autopilot_2025th/res/calibration/corners/84.jpg,84.jpg,.jpg,45059,e4a53bcbbd2b66e05080c61a16a8024fa4ea520c807f133efbadf4a7dfcfc98f,2026-07-15T23:09:26.784046+08:00,false,false,false,false,false,false,true,2025th,
examples/开源工程/extracted/icar_autopilot_2025th/icar_autopilot_2025th/res/calibration/corners/9.jpg,9.jpg,.jpg,52323,662d706765df19ffd578a70020233d457a7fc36186ceb4046299d0b4a968c25a,2026-07-15T23:09:26.776037+08:00,false,false,false,false,false,false,true,2025th,
examples/开源工程/extracted/icar_autopilot_2025th/icar_autopilot_2025th/res/calibration/correct/1.jpg,1.jpg,.jpg,37466,f58532b1ec30d511cf486d69c9fb66a524e1ad9165f9daf9e23aefb6711a4699,2026-07-15T23:09:26.663996+08:00,false,false,false,false,false,false,true,2025th,
examples/开源工程/extracted/icar_autopilot_2025th/icar_autopilot_2025th/res/calibration/correct/10.jpg,10.jpg,.jpg,40498,a6936b3cf8ddea76b467b7e413b2fb5849aeb48915bd24860b3088ef80694940,2026-07-15T23:09:26.683837+08:00,false,false,false,false,false,false,true,2025th,
examples/开源工程/extracted/icar_autopilot_2025th/icar_autopilot_2025th/res/calibration/correct/11.jpg,11.jpg,.jpg,39754,1c95885b8122f4769ec92283a3a51d4ee57e32ceae386cb8e393fb4e4f424746,2026-07-15T23:09:26.658900+08:00,false,false,false,false,false,false,true,2025th,
examples/开源工程/extracted/icar_autopilot_2025th/icar_autopilot_2025th/res/calibration/correct/13.jpg,13.jpg,.jpg,36818,c92623016aeedd8e58a7e72c25f4ddfc1817fad33b9384707ccbf6bd3f0fb70a,2026-07-15T23:09:26.698783+08:00,false,false,false,false,false,false,true,2025th,
examples/开源工程/extracted/icar_autopilot_2025th/icar_autopilot_2025th/res/calibration/correct/14.jpg,14.jpg,.jpg,37632,11983d3ce3e9410c09adc085b2e7741e8d437513c5e1931dd2c0e79b5f990fc5,2026-07-15T23:09:26.700783+08:00,false,false,false,false,false,false,true,2025th,
examples/开源工程/extracted/icar_autopilot_2025th/icar_autopilot_2025th/res/calibration/correct/21.jpg,21.jpg,.jpg,36754,12cbb49e28d70a30d0ac3c3e55890e3601eac1b7b588081509699f2092d86882,2026-07-15T23:09:26.669291+08:00,false,false,false,false,false,false,true,2025th,
examples/开源工程/extracted/icar_autopilot_2025th/icar_autopilot_2025th/res/calibration/correct/22.jpg,22.jpg,.jpg,36656,fd02a95fb43f8e416f9eba59048a8fa4e5032e25bcc6bd76ddbf4115e8f12c31,2026-07-15T23:09:26.699783+08:00,false,false,false,false,false,false,true,2025th,
examples/开源工程/extracted/icar_autopilot_2025th/icar_autopilot_2025th/res/calibration/correct/23.jpg,23.jpg,.jpg,36417,ceae071419db30f736f29441ac9eef806453d19752bd2de19adaf186ec1467db,2026-07-15T23:09:26.657899+08:00,false,false,false,false,false,false,true,2025th,
examples/开源工程/extracted/icar_autopilot_2025th/icar_autopilot_2025th/res/calibration/correct/24.jpg,24.jpg,.jpg,36912,fcf681842e439b3359f158646e0c314eb2485f8fe8276d7a0c30a5e87d4107ae,2026-07-15T23:09:26.671288+08:00,false,false,false,false,false,false,true,2025th,
examples/开源工程/extracted/icar_autopilot_2025th/icar_autopilot_2025th/res/calibration/correct/25.jpg,25.jpg,.jpg,40621,3b9f145ed26b298327a350ec05011d4505bbe0530a3cb0be3beb2b49ed3788bf,2026-07-15T23:09:26.674322+08:00,false,false,false,false,false,false,true,2025th,
examples/开源工程/extracted/icar_autopilot_2025th/icar_autopilot_2025th/res/calibration/correct/27.jpg,27.jpg,.jpg,38714,adfb334072d43f92d040ecedc54e0d0420a718db17d7ea73ff0f208e7d259faf,2026-07-15T23:09:26.681331+08:00,false,false,false,false,false,false,true,2025th,
examples/开源工程/extracted/icar_autopilot_2025th/icar_autopilot_2025th/res/calibration/correct/28.jpg,28.jpg,.jpg,38610,146603da1b0ba80a83a0a98111f35bc3d6f69575976accaf8d402289dafb32e1,2026-07-15T23:09:26.694784+08:00,false,false,false,false,false,false,true,2025th,
examples/开源工程/extracted/icar_autopilot_2025th/icar_autopilot_2025th/res/calibration/correct/29.jpg,29.jpg,.jpg,39695,d7e53f4df18c2f002178287cf7ecd838c33dfc999b74e59b1fb6b120ed1a6652,2026-07-15T23:09:26.684844+08:00,false,false,false,false,false,false,true,2025th,
examples/开源工程/extracted/icar_autopilot_2025th/icar_autopilot_2025th/res/calibration/correct/3.jpg,3.jpg,.jpg,40242,a6e309033927a49b194f8e6ae619bdc9d7ac5b5436f8d66b40e59bc9673214fd,2026-07-15T23:09:26.675329+08:00,false,false,false,false,false,false,true,2025th,
examples/开源工程/extracted/icar_autopilot_2025th/icar_autopilot_2025th/res/calibration/correct/30.jpg,30.jpg,.jpg,38074,8d2843bc8449c9649f9759db940059b8ba13ea8517cda9d7abcb461286d3975e,2026-07-15T23:09:26.687939+08:00,false,false,false,false,false,false,true,2025th,
examples/开源工程/extracted/icar_autopilot_2025th/icar_autopilot_2025th/res/calibration/correct/38.jpg,38.jpg,.jpg,37300,208608cd6c4adf728a739d33380248fac8c9fcbf27cfd72abf1586e45a843cfb,2026-07-15T23:09:26.706296+08:00,false,false,false,false,false,false,true,2025th,
examples/开源工程/extracted/icar_autopilot_2025th/icar_autopilot_2025th/res/calibration/correct/39.jpg,39.jpg,.jpg,37516,e49ef151e80f45db6931be136ba90106f94396f06a0856e878b76a444652915e,2026-07-15T23:09:26.661900+08:00,false,false,false,false,false,false,true,2025th,
examples/开源工程/extracted/icar_autopilot_2025th/icar_autopilot_2025th/res/calibration/correct/4.jpg,4.jpg,.jpg,37608,07247865cce20a6796b7af15cbc52d118e5d954a5184ac2d8392f9deaed9a05b,2026-07-15T23:09:26.673287+08:00,false,false,false,false,false,false,true,2025th,
examples/开源工程/extracted/icar_autopilot_2025th/icar_autopilot_2025th/res/calibration/correct/40.jpg,40.jpg,.jpg,37435,83516959738619b6a8c7520c3e94a98c0cb370b0c9d6d11552d124cef5b960e7,2026-07-15T23:09:26.688948+08:00,false,false,false,false,false,false,true,2025th,
examples/开源工程/extracted/icar_autopilot_2025th/icar_autopilot_2025th/res/calibration/correct/42.jpg,42.jpg,.jpg,39483,0d64ca842449137f3311786ed9f44649d833be9740c2bf2c4260bab037daecb7,2026-07-15T23:09:26.654899+08:00,false,false,false,false,false,false,true,2025th,
examples/开源工程/extracted/icar_autopilot_2025th/icar_autopilot_2025th/res/calibration/correct/43.jpg,43.jpg,.jpg,39784,2077ad742ff823dd923aeed656ca5abcdfa46fa7d95f52c74da109049f161afc,2026-07-15T23:09:26.692321+08:00,false,false,false,false,false,false,true,2025th,
examples/开源工程/extracted/icar_autopilot_2025th/icar_autopilot_2025th/res/calibration/correct/44.jpg,44.jpg,.jpg,40777,9984f4c363c031f116e2834552d1e7669190f7bbac2495d2d7b4d471c9610a38,2026-07-15T23:09:26.691315+08:00,false,false,false,false,false,false,true,2025th,
examples/开源工程/extracted/icar_autopilot_2025th/icar_autopilot_2025th/res/calibration/correct/5.jpg,5.jpg,.jpg,37109,7c941e8068a2544280b736be82f304e55d08f263120fcdc49261612fde7703fd,2026-07-15T23:09:26.685859+08:00,false,false,false,false,false,false,true,2025th,
examples/开源工程/extracted/icar_autopilot_2025th/icar_autopilot_2025th/res/calibration/correct/50.jpg,50.jpg,.jpg,39918,b011ad9cf315b94fd9dc7356fc47367de9b8900b656de653c0bc79505f3ec2e4,2026-07-15T23:09:26.656900+08:00,false,false,false,false,false,false,true,2025th,
examples/开源工程/extracted/icar_autopilot_2025th/icar_autopilot_2025th/res/calibration/correct/51.jpg,51.jpg,.jpg,40741,5b2f6a4bad7fdc1d4669dceda6f8e1da8ec780759160ab2c287a9b40b4bf3030,2026-07-15T23:09:26.677330+08:00,false,false,false,false,false,false,true,2025th,
examples/开源工程/extracted/icar_autopilot_2025th/icar_autopilot_2025th/res/calibration/correct/53.jpg,53.jpg,.jpg,39585,57021810de8d85179c388f549f7ed559451d751a9f5c91e9b7b51b60f4df6b24,2026-07-15T23:09:26.678330+08:00,false,false,false,false,false,false,true,2025th,
examples/开源工程/extracted/icar_autopilot_2025th/icar_autopilot_2025th/res/calibration/correct/54.jpg,54.jpg,.jpg,38695,74215cea35883567b9f980aeb3c7202a147a7d7dd61c1a8256d03ef964bee133,2026-07-15T23:09:26.666770+08:00,false,false,false,false,false,false,true,2025th,
examples/开源工程/extracted/icar_autopilot_2025th/icar_autopilot_2025th/res/calibration/correct/55.jpg,55.jpg,.jpg,38267,6a0c0baee2f123d433aad4c826c8857576e9a0772487da21c1a14ca24939d947,2026-07-15T23:09:26.667279+08:00,false,false,false,false,false,false,true,2025th,
examples/开源工程/extracted/icar_autopilot_2025th/icar_autopilot_2025th/res/calibration/correct/56.jpg,56.jpg,.jpg,37700,e4f4d5169ec2b4588ed23b67d8733d60b12ad73fdf6efba01bd12da8cd2b5b3f,2026-07-15T23:09:26.701783+08:00,false,false,false,false,false,false,true,2025th,
examples/开源工程/extracted/icar_autopilot_2025th/icar_autopilot_2025th/res/calibration/correct/57.jpg,57.jpg,.jpg,37358,c433e97480ee1bcb70840540d93d28fb5086e6ac88b13bfd762ee4b8f9b5cc74,2026-07-15T23:09:26.660899+08:00,false,false,false,false,false,false,true,2025th,
examples/开源工程/extracted/icar_autopilot_2025th/icar_autopilot_2025th/res/calibration/correct/58.jpg,58.jpg,.jpg,37197,bd7b378f3f5e66332ee79f1c3a07223355511c8e42dc63e187aadceba9f9efa3,2026-07-15T23:09:26.708298+08:00,false,false,false,false,false,false,true,2025th,
examples/开源工程/extracted/icar_autopilot_2025th/icar_autopilot_2025th/res/calibration/correct/59.jpg,59.jpg,.jpg,36729,80693a9190a21ac8a6349fba807cd8a7236e5fe31c3e4e7fc207ff52b69d646b,2026-07-15T23:09:26.689947+08:00,false,false,false,false,false,false,true,2025th,
examples/开源工程/extracted/icar_autopilot_2025th/icar_autopilot_2025th/res/calibration/correct/6.jpg,6.jpg,.jpg,39059,716f8ec8a24b94b11b9d20b4af4b8072a4281fda76dacaeea0b98764f725ba3d,2026-07-15T23:09:26.655899+08:00,false,false,false,false,false,false,true,2025th,
examples/开源工程/extracted/icar_autopilot_2025th/icar_autopilot_2025th/res/calibration/correct/7.jpg,7.jpg,.jpg,38081,140f2c426fe3a7740bb847fc82d05f7c9524578f2b57becbad3d59119d2a842d,2026-07-15T23:09:26.692321+08:00,false,false,false,false,false,false,true,2025th,
examples/开源工程/extracted/icar_autopilot_2025th/icar_autopilot_2025th/res/calibration/correct/77.jpg,77.jpg,.jpg,37062,59562998f931709f96786d5c5f2c8e4b8ffa31c4eb829a689f84183a02aabdf5,2026-07-15T23:09:26.695785+08:00,false,false,false,false,false,false,true,2025th,
examples/开源工程/extracted/icar_autopilot_2025th/icar_autopilot_2025th/res/calibration/correct/78.jpg,78.jpg,.jpg,38109,7f61b8a9fab70741d00ebfe7bd67d87d98e6e909c523c4c3e91c36a286520ea9,2026-07-15T23:09:26.668293+08:00,false,false,false,false,false,false,true,2025th,
examples/开源工程/extracted/icar_autopilot_2025th/icar_autopilot_2025th/res/calibration/correct/8.jpg,8.jpg,.jpg,37291,98a49cba9dcef902b0ddf3a9f81909e576e798e8b7f7e83789da23f52b7d0921,2026-07-15T23:09:26.679331+08:00,false,false,false,false,false,false,true,2025th,
examples/开源工程/extracted/icar_autopilot_2025th/icar_autopilot_2025th/res/calibration/correct/80.jpg,80.jpg,.jpg,39578,31ea257e2089c3ef58f78680d0aea7a589a6b84c0b05ca399022903b4791bd5f,2026-07-15T23:09:26.696784+08:00,false,false,false,false,false,false,true,2025th,
examples/开源工程/extracted/icar_autopilot_2025th/icar_autopilot_2025th/res/calibration/correct/81.jpg,81.jpg,.jpg,39968,40ccc9885502c17911f977ff352fadaf83adf5b4f1839e63c2172001e75a3004,2026-07-15T23:09:26.682330+08:00,false,false,false,false,false,false,true,2025th,
examples/开源工程/extracted/icar_autopilot_2025th/icar_autopilot_2025th/res/calibration/correct/82.jpg,82.jpg,.jpg,38671,62eb9fc2a1942ac9818f7ebad9b1fbcb25d87e4f54461d6ae52ddc6557b1b444,2026-07-15T23:09:26.703783+08:00,false,false,false,false,false,false,true,2025th,
examples/开源工程/extracted/icar_autopilot_2025th/icar_autopilot_2025th/res/calibration/correct/83.jpg,83.jpg,.jpg,38462,e001ead7919ea161c606d73cb55f73c362839bd4cfbc01df8a4afa2a8fa12fd1,2026-07-15T23:09:26.697785+08:00,false,false,false,false,false,false,true,2025th,
examples/开源工程/extracted/icar_autopilot_2025th/icar_autopilot_2025th/res/calibration/correct/84.jpg,84.jpg,.jpg,36891,dc35577ff82be2cb7f6a0d0fcdb8d35ff1ed38a62e2d6cdb91b30fa29dc24b87,2026-07-15T23:09:26.670288+08:00,false,false,false,false,false,false,true,2025th,
examples/开源工程/extracted/icar_autopilot_2025th/icar_autopilot_2025th/res/calibration/correct/9.jpg,9.jpg,.jpg,37183,f525deacadb565ea9ad5e0baddf95ba79c5d8ce5a523d6181897626c6eab711c,2026-07-15T23:09:26.663996+08:00,false,false,false,false,false,false,true,2025th,
examples/开源工程/extracted/icar_autopilot_2025th/icar_autopilot_2025th/res/calibration/temp/1.jpg,1.jpg,.jpg,44216,9df86d2a274afaf5369679e9782b5f6799894186eaebdaeecad615f6f241ab18,2026-07-15T23:09:26.718211+08:00,false,false,false,false,false,false,true,2025th,
examples/开源工程/extracted/icar_autopilot_2025th/icar_autopilot_2025th/res/calibration/temp/10.jpg,10.jpg,.jpg,48257,1bd269fab0e636a8919390719ddbb74488c1c6c5fec493b8727498f09f303a98,2026-07-15T23:09:26.735434+08:00,false,false,false,false,false,false,true,2025th,
examples/开源工程/extracted/icar_autopilot_2025th/icar_autopilot_2025th/res/calibration/temp/11.jpg,11.jpg,.jpg,47936,94abc34496aaaf4b4e1af0626b76a44301abd0c5bfbc72f473a1f1568486265e,2026-07-15T23:09:26.713694+08:00,false,false,false,false,false,false,true,2025th,
examples/开源工程/extracted/icar_autopilot_2025th/icar_autopilot_2025th/res/calibration/temp/13.jpg,13.jpg,.jpg,43797,cd31e37208c651ee19fc50b0418facb3f5fbb376ea7c9ba3f86eca00b703d7bd,2026-07-15T23:09:26.755459+08:00,false,false,false,false,false,false,true,2025th,
examples/开源工程/extracted/icar_autopilot_2025th/icar_autopilot_2025th/res/calibration/temp/14.jpg,14.jpg,.jpg,45287,9d6640c1d42d94d256dabc008595acd78a5998978859a7fc8c8316dd83a01e5d,2026-07-15T23:09:26.757926+08:00,false,false,false,false,false,false,true,2025th,
examples/开源工程/extracted/icar_autopilot_2025th/icar_autopilot_2025th/res/calibration/temp/21.jpg,21.jpg,.jpg,43496,16202b59c2751aa370f4b85b87740071b93c966cd217599daa6d83437bd3926a,2026-07-15T23:09:26.723211+08:00,false,false,false,false,false,false,true,2025th,
examples/开源工程/extracted/icar_autopilot_2025th/icar_autopilot_2025th/res/calibration/temp/22.jpg,22.jpg,.jpg,43481,ee9d6de1b4868f99bee8b035698cae215f0ee0c6eb9cc9866900340d8179cfcf,2026-07-15T23:09:26.756877+08:00,false,false,false,false,false,false,true,2025th,
examples/开源工程/extracted/icar_autopilot_2025th/icar_autopilot_2025th/res/calibration/temp/23.jpg,23.jpg,.jpg,43500,310316742aa7bc8e778358edcf40772a75fdc7b8f80f6183bdbb4a9090772da5,2026-07-15T23:09:26.712296+08:00,false,false,false,false,false,false,true,2025th,
examples/开源工程/extracted/icar_autopilot_2025th/icar_autopilot_2025th/res/calibration/temp/24.jpg,24.jpg,.jpg,44165,3051e352f71950100480e539f5c7942b5c63e8ef25a9918084ae80ec31530069,2026-07-15T23:09:26.725703+08:00,false,false,false,false,false,false,true,2025th,
examples/开源工程/extracted/icar_autopilot_2025th/icar_autopilot_2025th/res/calibration/temp/25.jpg,25.jpg,.jpg,48184,96c7d07389263ec7d68be89096742ff89ee72a8df32e91956464e8104602228d,2026-07-15T23:09:26.727705+08:00,false,false,false,false,false,false,true,2025th,
examples/开源工程/extracted/icar_autopilot_2025th/icar_autopilot_2025th/res/calibration/temp/27.jpg,27.jpg,.jpg,46938,9a04e64702a88ec1e39d98e7481b1038bf0f7f35c6923ec0df49b380cc8e4e4e,2026-07-15T23:09:26.732908+08:00,false,false,false,false,false,false,true,2025th,
examples/开源工程/extracted/icar_autopilot_2025th/icar_autopilot_2025th/res/calibration/temp/28.jpg,28.jpg,.jpg,46877,0d1f12e0592f8bca9d2a19946f1bdfc633dc50f3d6b035aaacf84714a987d538,2026-07-15T23:09:26.751313+08:00,false,false,false,false,false,false,true,2025th,
examples/开源工程/extracted/icar_autopilot_2025th/icar_autopilot_2025th/res/calibration/temp/29.jpg,29.jpg,.jpg,47241,afcd97c2c5bfc8b91b827ef649addd3af1fb6c2e668957cfc3faaecaaa7fb42f,2026-07-15T23:09:26.736442+08:00,false,false,false,false,false,false,true,2025th,
examples/开源工程/extracted/icar_autopilot_2025th/icar_autopilot_2025th/res/calibration/temp/3.jpg,3.jpg,.jpg,47875,a259a078d72978079577488143b30dc6ccfd3a91a09b24716d65b6b85d91e1a3,2026-07-15T23:09:26.728705+08:00,false,false,false,false,false,false,true,2025th,
examples/开源工程/extracted/icar_autopilot_2025th/icar_autopilot_2025th/res/calibration/temp/30.jpg,30.jpg,.jpg,45849,55e382eae9475dcb328166f7c2b8254c6ec8e227d5d069e77c32035767774b05,2026-07-15T23:09:26.743443+08:00,false,false,false,false,false,false,true,2025th,
examples/开源工程/extracted/icar_autopilot_2025th/icar_autopilot_2025th/res/calibration/temp/38.jpg,38.jpg,.jpg,44586,3529a0bd99d6ac8dd58142017d09a05a6161d038900cd56ae973f60b91cc6ee4,2026-07-15T23:09:26.761935+08:00,false,false,false,false,false,false,true,2025th,
examples/开源工程/extracted/icar_autopilot_2025th/icar_autopilot_2025th/res/calibration/temp/39.jpg,39.jpg,.jpg,44741,80fca90d207c46b494ef22c89cb7853131f2e4eeda2a29a9ef08b4165bea6381,2026-07-15T23:09:26.716211+08:00,false,false,false,false,false,false,true,2025th,
examples/开源工程/extracted/icar_autopilot_2025th/icar_autopilot_2025th/res/calibration/temp/4.jpg,4.jpg,.jpg,44971,243036de7dbc754d3dadb6dfc63d1dcfecb1350383f2a48c96ad91e6c7bb96c4,2026-07-15T23:09:26.726702+08:00,false,false,false,false,false,false,true,2025th,
examples/开源工程/extracted/icar_autopilot_2025th/icar_autopilot_2025th/res/calibration/temp/40.jpg,40.jpg,.jpg,44748,b3e92df958a9fda21aa474d695befc246e37ec5e89cf12659acc464a5c7e0a9c,2026-07-15T23:09:26.744951+08:00,false,false,false,false,false,false,true,2025th,
examples/开源工程/extracted/icar_autopilot_2025th/icar_autopilot_2025th/res/calibration/temp/42.jpg,42.jpg,.jpg,45960,fca7b54650fba8b083773e94b81af4ca3d4877a3bca32581f34f65ad1a6176ac,2026-07-15T23:09:26.709306+08:00,false,false,false,false,false,false,true,2025th,
examples/开源工程/extracted/icar_autopilot_2025th/icar_autopilot_2025th/res/calibration/temp/43.jpg,43.jpg,.jpg,47665,f7dcaeb3ab70820c1bc59eeee07581adeba81c8c305be0bf8ba4df7555673efc,2026-07-15T23:09:26.748180+08:00,false,false,false,false,false,false,true,2025th,
examples/开源工程/extracted/icar_autopilot_2025th/icar_autopilot_2025th/res/calibration/temp/44.jpg,44.jpg,.jpg,48197,a0acbd2cc613bc23f262a4e23ef9ec0a4643b1944d85940fb24e3e5ec3df1973,2026-07-15T23:09:26.746845+08:00,false,false,false,false,false,false,true,2025th,
examples/开源工程/extracted/icar_autopilot_2025th/icar_autopilot_2025th/res/calibration/temp/5.jpg,5.jpg,.jpg,44356,1c6a4d31195ef8f89f625cd9e1fa435d275a95a60ed4ddd5ba2b1a03da5756c3,2026-07-15T23:09:26.737442+08:00,false,false,false,false,false,false,true,2025th,
examples/开源工程/extracted/icar_autopilot_2025th/icar_autopilot_2025th/res/calibration/temp/50.jpg,50.jpg,.jpg,46888,8f63b3c2347eeea7f9dd723ee27b803f29f0593d6e76b624d7f62769e3975704,2026-07-15T23:09:26.711297+08:00,false,false,false,false,false,false,true,2025th,
examples/开源工程/extracted/icar_autopilot_2025th/icar_autopilot_2025th/res/calibration/temp/51.jpg,51.jpg,.jpg,47871,f2f10de217d38db085d028564384ee28ebc7cb52e95d33d967b6299a784356d7,2026-07-15T23:09:26.729704+08:00,false,false,false,false,false,false,true,2025th,
examples/开源工程/extracted/icar_autopilot_2025th/icar_autopilot_2025th/res/calibration/temp/53.jpg,53.jpg,.jpg,46650,2afe9a8a94b9831872d3333c9f590b587a80afd3cd368555f6cdef2daa85bf92,2026-07-15T23:09:26.730705+08:00,false,false,false,false,false,false,true,2025th,
examples/开源工程/extracted/icar_autopilot_2025th/icar_autopilot_2025th/res/calibration/temp/54.jpg,54.jpg,.jpg,45788,380d3685d4b5fbbe7ef2f46f41273f4d9c1585a07e2aa63d98801ccfba956cfa,2026-07-15T23:09:26.719211+08:00,false,false,false,false,false,false,true,2025th,
examples/开源工程/extracted/icar_autopilot_2025th/icar_autopilot_2025th/res/calibration/temp/55.jpg,55.jpg,.jpg,45071,f9d22e58d4feb178ccc8fdecd85ed40470c5e33a4cc81c7ae9ba06ab25c23abc,2026-07-15T23:09:26.720212+08:00,false,false,false,false,false,false,true,2025th,
examples/开源工程/extracted/icar_autopilot_2025th/icar_autopilot_2025th/res/calibration/temp/56.jpg,56.jpg,.jpg,44564,2aa8db6bf0325e01ba886d4b221c65ccb79979563527ac1590eeeba6545eea47,2026-07-15T23:09:26.758935+08:00,false,false,false,false,false,false,true,2025th,
examples/开源工程/extracted/icar_autopilot_2025th/icar_autopilot_2025th/res/calibration/temp/57.jpg,57.jpg,.jpg,44114,608f210cbf2bc93972f54c3afb47568f5544be4883b54b8519ee7586a170a1f1,2026-07-15T23:09:26.715213+08:00,false,false,false,false,false,false,true,2025th,
examples/开源工程/extracted/icar_autopilot_2025th/icar_autopilot_2025th/res/calibration/temp/58.jpg,58.jpg,.jpg,43974,cc4cba886427b066f76d7b17ddd3246868f7110610455158b1877032dd6f8096,2026-07-15T23:09:26.762938+08:00,false,false,false,false,false,false,true,2025th,
examples/开源工程/extracted/icar_autopilot_2025th/icar_autopilot_2025th/res/calibration/temp/59.jpg,59.jpg,.jpg,43702,1ec77cddee24468a64960fc20a25942454c3d46a66027c7ee4950a534aac3997,2026-07-15T23:09:26.745482+08:00,false,false,false,false,false,false,true,2025th,
examples/开源工程/extracted/icar_autopilot_2025th/icar_autopilot_2025th/res/calibration/temp/6.jpg,6.jpg,.jpg,46018,c35e8ea49248f7813895d31e2dd8fe40f08866fff5c0caa0598f09c79f1c192c,2026-07-15T23:09:26.710300+08:00,false,false,false,false,false,false,true,2025th,
examples/开源工程/extracted/icar_autopilot_2025th/icar_autopilot_2025th/res/calibration/temp/7.jpg,7.jpg,.jpg,44861,45eaaa7b3e144b4e9b09566dcd3253e2283d4fc657ecaf3afacf259a66faeecf,2026-07-15T23:09:26.749574+08:00,false,false,false,false,false,false,true,2025th,
examples/开源工程/extracted/icar_autopilot_2025th/icar_autopilot_2025th/res/calibration/temp/77.jpg,77.jpg,.jpg,43514,8b0b824bfe40cbb3d47ab0555ba5b63108184629b74ecef06440194a7cd08ace,2026-07-15T23:09:26.752792+08:00,false,false,false,false,false,false,true,2025th,
examples/开源工程/extracted/icar_autopilot_2025th/icar_autopilot_2025th/res/calibration/temp/78.jpg,78.jpg,.jpg,44414,428490cd52434e564b6b83c967a0e6f70c60823cc576d5cd4137c92b41d63f10,2026-07-15T23:09:26.722210+08:00,false,false,false,false,false,false,true,2025th,
examples/开源工程/extracted/icar_autopilot_2025th/icar_autopilot_2025th/res/calibration/temp/8.jpg,8.jpg,.jpg,44549,1c7700784f48ed6c91401b9cd7cb42997c7f2b91db54b1ed3db742d4be968054,2026-07-15T23:09:26.731704+08:00,false,false,false,false,false,false,true,2025th,
examples/开源工程/extracted/icar_autopilot_2025th/icar_autopilot_2025th/res/calibration/temp/80.jpg,80.jpg,.jpg,45718,515db4c9ccd08dd10b57d481b67613c2e7ab16a895b47f845b7927c62e982f27,2026-07-15T23:09:26.753802+08:00,false,false,false,false,false,false,true,2025th,
examples/开源工程/extracted/icar_autopilot_2025th/icar_autopilot_2025th/res/calibration/temp/81.jpg,81.jpg,.jpg,46241,eeebb19ad9412793bf6c6f2bd8c4d8ed7240a8a74dfe1900027f77c23e0880c6,2026-07-15T23:09:26.732908+08:00,false,false,false,false,false,false,true,2025th,
examples/开源工程/extracted/icar_autopilot_2025th/icar_autopilot_2025th/res/calibration/temp/82.jpg,82.jpg,.jpg,44859,5fa3de0b889c3c52b2ada3b1c77e4a3ae9fb278193fc4c29aca2f3fd20f40ac2,2026-07-15T23:09:26.759934+08:00,false,false,false,false,false,false,true,2025th,
examples/开源工程/extracted/icar_autopilot_2025th/icar_autopilot_2025th/res/calibration/temp/83.jpg,83.jpg,.jpg,44845,3c091f3537baac8272407d84b07003a84a2d2400c6d4e191004de5ecf40d3e7d,2026-07-15T23:09:26.753802+08:00,false,false,false,false,false,false,true,2025th,
examples/开源工程/extracted/icar_autopilot_2025th/icar_autopilot_2025th/res/calibration/temp/84.jpg,84.jpg,.jpg,43470,90ece76108b5188987afa3a8a0d9babf64f153d9de5f557e74c7b2b89858dbb9,2026-07-15T23:09:26.724211+08:00,false,false,false,false,false,false,true,2025th,
examples/开源工程/extracted/icar_autopilot_2025th/icar_autopilot_2025th/res/calibration/temp/9.jpg,9.jpg,.jpg,44194,919d14ecee1225fadc3329ae6b57bbc7e068cc2b33e65dab00562d37046352c5,2026-07-15T23:09:26.717211+08:00,false,false,false,false,false,false,true,2025th,
examples/开源工程/extracted/icar_autopilot_2025th/icar_autopilot_2025th/res/calibration/valid/assessment.txt,assessment.txt,.txt,19911,bfd800a22ab4c9442ed2b3c16cf757a84dc9e3ccd520cff94dd00c6f5295a1c0,2026-07-15T23:09:26.822326+08:00,false,true,false,false,false,false,true,2025th,
examples/开源工程/extracted/icar_autopilot_2025th/icar_autopilot_2025th/res/calibration/valid/calibration.xml,calibration.xml,.xml,533,de95e141fb39deff0a7ee83c848938d12f3053dd985b59b00378ca22235b92c3,2026-07-15T23:09:26.821326+08:00,false,false,true,false,false,false,true,2025th,
examples/开源工程/extracted/icar_autopilot_2025th/icar_autopilot_2025th/res/calibration/文件说明.txt,文件说明.txt,.txt,420,dc456fd3c56048f74133a96117e6c560ff2a873c7a290984fb65514234650676,2026-07-15T23:09:26.823327+08:00,false,true,false,false,false,false,true,2025th,
examples/开源工程/extracted/icar_autopilot_2025th/icar_autopilot_2025th/res/config.json,config.json,.json,2417,91b0d1dc6afea3decd854d20766dcc5cd0037ff214119122145ef1c8ec1c78df,2026-07-15T23:09:26.133691+08:00,false,false,true,false,false,false,true,2025th,
examples/开源工程/extracted/icar_autopilot_2025th/icar_autopilot_2025th/res/models/config_ppncnms.json,config_ppncnms.json,.json,110,a1bc365058a8a60cf23ad7f5adaba1640961cb5a3dbebe6e53024d87ee198380,2026-07-15T23:09:26.468311+08:00,false,false,true,true,false,false,true,2025th,
examples/开源工程/extracted/icar_autopilot_2025th/icar_autopilot_2025th/res/models/config_ppncnna.json,config_ppncnna.json,.json,119,7ba444b92eccde35ef662d2b1a9b15a91f059a96cad74a1e733f68bbe26eca6e,2026-07-15T23:09:26.466805+08:00,false,false,true,true,false,false,true,2025th,
examples/开源工程/extracted/icar_autopilot_2025th/icar_autopilot_2025th/res/models/yolov3_mobilenet_v1/deploy_paddle.params,deploy_paddle.params,.params,32,d6bca24d9d75183ed387d9cc8ad0d512056406a0053d98dc0ac8ab00568409e1,2026-07-15T23:09:26.466805+08:00,false,false,false,true,false,false,true,2025th,
examples/开源工程/extracted/icar_autopilot_2025th/icar_autopilot_2025th/res/models/yolov3_mobilenet_v1/deploy_paddle.ro,deploy_paddle.ro,.ro,2784,b9b305d99f4cc7687776b6e4c9ab60566139e03cb1b67948605e39725c0503b9,2026-07-15T23:09:26.299990+08:00,false,false,false,true,false,false,true,2025th,
examples/开源工程/extracted/icar_autopilot_2025th/icar_autopilot_2025th/res/models/yolov3_mobilenet_v1/deploy_paddle.so,deploy_paddle.so,.so,8088,a3d39a0fc04d88177d9f6de357c38ba2f542f1f97ac703e38541f99e8ed6e021,2026-07-15T23:09:26.298716+08:00,false,false,false,true,false,false,true,2025th,
examples/开源工程/extracted/icar_autopilot_2025th/icar_autopilot_2025th/res/models/yolov3_mobilenet_v1/deploy_paddle.tar,deploy_paddle.tar,.tar,25210880,157f627111eb94f59934784689242a909ed9c5473475395075910beda2b84c47,2026-07-15T23:09:26.459937+08:00,true,false,false,true,false,false,true,2025th,
examples/开源工程/extracted/icar_autopilot_2025th/icar_autopilot_2025th/res/models/yolov3_mobilenet_v1/io_paddle.json,io_paddle.json,.json,1376,eab5bdb260f8d49f990359ca8e2aa9791c733cee452fb18520c75c086299e0b7,2026-07-15T23:09:26.300987+08:00,false,false,true,true,false,false,true,2025th,
examples/开源工程/extracted/icar_autopilot_2025th/icar_autopilot_2025th/res/models/yolov3_mobilenet_v1/label_list.txt,label_list.txt,.txt,84,25902fb21ca38b8b2ae3274ca22fc6e340661a1b581fdff7152fe39a5ac090dd,2026-07-15T23:09:26.297595+08:00,false,true,false,true,false,false,true,2025th,
examples/开源工程/extracted/icar_autopilot_2025th/icar_autopilot_2025th/res/models/yolov3_mobilenet_v1/nms.tar,nms.tar,.tar,4684,777e8956d8a233101837c71066b451d37f2e0b13b7b23538602a91196efc1b51,2026-07-15T23:09:26.465798+08:00,true,false,false,true,false,false,true,2025th,
examples/开源工程/extracted/icar_autopilot_2025th/icar_autopilot_2025th/res/models/yolov3_mobilenet_v1/nms.tar.so,nms.tar.so,.tar.so,22176,1c1265451b099354bf7e083d24ce9a123c2d3a611d6111f51d29290db4a75dab,2026-07-15T23:09:26.464414+08:00,false,false,false,true,false,false,true,2025th,
examples/开源工程/extracted/icar_autopilot_2025th/icar_autopilot_2025th/res/models/yolov3_mobilenet_v1/post.onnx,post.onnx,.onnx,24191,f346d1679599f7dbc08aad462ccbbf35a347f4567db63fbcd1020094e80bb980,2026-07-15T23:09:26.462937+08:00,false,false,false,true,false,false,true,2025th,
examples/开源工程/extracted/icar_autopilot_2025th/icar_autopilot_2025th/res/models/yolov3_mobilenet_v1_past/deploy_paddle.params,deploy_paddle.params,.params,32,d6bca24d9d75183ed387d9cc8ad0d512056406a0053d98dc0ac8ab00568409e1,2026-07-15T23:09:26.296364+08:00,false,false,false,true,false,false,true,2025th,
examples/开源工程/extracted/icar_autopilot_2025th/icar_autopilot_2025th/res/models/yolov3_mobilenet_v1_past/deploy_paddle.ro,deploy_paddle.ro,.ro,2784,b9b305d99f4cc7687776b6e4c9ab60566139e03cb1b67948605e39725c0503b9,2026-07-15T23:09:26.137698+08:00,false,false,false,true,false,false,true,2025th,
examples/开源工程/extracted/icar_autopilot_2025th/icar_autopilot_2025th/res/models/yolov3_mobilenet_v1_past/deploy_paddle.so,deploy_paddle.so,.so,8088,b8a56bd71b7d9aee26b32d27dc0809b95d538481bbc73cb95014da59204f4c88,2026-07-15T23:09:26.136698+08:00,false,false,false,true,false,false,true,2025th,
examples/开源工程/extracted/icar_autopilot_2025th/icar_autopilot_2025th/res/models/yolov3_mobilenet_v1_past/deploy_paddle.tar,deploy_paddle.tar,.tar,25210880,2b9c36adf7150d55d6d8c63a29b2431b3363ed580d6151b9a4371e0a51493825,2026-07-15T23:09:26.290856+08:00,true,false,false,true,false,false,true,2025th,
examples/开源工程/extracted/icar_autopilot_2025th/icar_autopilot_2025th/res/models/yolov3_mobilenet_v1_past/io_paddle.json,io_paddle.json,.json,1376,eab5bdb260f8d49f990359ca8e2aa9791c733cee452fb18520c75c086299e0b7,2026-07-15T23:09:26.139206+08:00,false,false,true,true,false,false,true,2025th,
examples/开源工程/extracted/icar_autopilot_2025th/icar_autopilot_2025th/res/models/yolov3_mobilenet_v1_past/label_list.txt,label_list.txt,.txt,84,25902fb21ca38b8b2ae3274ca22fc6e340661a1b581fdff7152fe39a5ac090dd,2026-07-15T23:09:26.135699+08:00,false,true,false,true,false,false,true,2025th,
examples/开源工程/extracted/icar_autopilot_2025th/icar_autopilot_2025th/res/models/yolov3_mobilenet_v1_past/nms.tar,nms.tar,.tar,4685,2c5a9c033f6a565efe2f37ae322dccc7c9cac7f91b4622f0bf34defbe9981d41,2026-07-15T23:09:26.295364+08:00,true,false,false,true,false,false,true,2025th,
examples/开源工程/extracted/icar_autopilot_2025th/icar_autopilot_2025th/res/models/yolov3_mobilenet_v1_past/nms.tar.so,nms.tar.so,.tar.so,22176,1c1265451b099354bf7e083d24ce9a123c2d3a611d6111f51d29290db4a75dab,2026-07-15T23:09:26.294356+08:00,false,false,false,true,false,false,true,2025th,
examples/开源工程/extracted/icar_autopilot_2025th/icar_autopilot_2025th/res/models/yolov3_mobilenet_v1_past/post.onnx,post.onnx,.onnx,24191,f346d1679599f7dbc08aad462ccbbf35a347f4567db63fbcd1020094e80bb980,2026-07-15T23:09:26.292849+08:00,false,false,false,true,false,false,true,2025th,
examples/开源工程/extracted/icar_autopilot_2025th/icar_autopilot_2025th/res/samples/corrent/bin.jpg,bin.jpg,.jpg,27178,1f92200bbe396d9595f061f326dfe0f975af4928314ef83bea02a913a6bdc4e6,2026-07-15T23:09:26.488582+08:00,false,false,false,false,false,false,true,2025th,
examples/开源工程/extracted/icar_autopilot_2025th/icar_autopilot_2025th/res/samples/corrent/origin.jpg,origin.jpg,.jpg,33442,74e821261b9033c77498bf4f56443b9de9ecfcae221d4d160ce36470913a3792,2026-07-15T23:09:26.487075+08:00,false,false,false,false,false,false,true,2025th,
examples/开源工程/extracted/icar_autopilot_2025th/icar_autopilot_2025th/res/samples/fine.mp4,fine.mp4,.mp4,2433300,153f1d550ed7c02853ec0e8d92a8b0dc2cadbe85a8984a18274554666a9adeab,2026-07-15T23:09:26.485074+08:00,false,false,false,false,false,false,true,2025th,
examples/开源工程/extracted/icar_autopilot_2025th/icar_autopilot_2025th/res/samples/imgs/.gitnot,.gitnot,,0,e3b0c44298fc1c149afbf4c8996fb92427ae41e4649b934ca495991b7852b855,2026-07-15T23:09:26.470322+08:00,false,false,false,false,false,false,true,2025th,
examples/开源工程/extracted/icar_autopilot_2025th/icar_autopilot_2025th/res/samples/park.mp4,park.mp4,.mp4,4001876,d2a7623bfcc960d2ab7ac614c8a0c898cacec24ba2e386c606cba36a97cfd11b,2026-07-15T23:09:26.606926+08:00,false,false,false,false,false,false,true,2025th,
examples/开源工程/extracted/icar_autopilot_2025th/icar_autopilot_2025th/res/samples/sample-1.mp4,sample-1.mp4,.mp4,16844347,6acc03d4e8437c65e14719ab6c8f00c5132ae8b704e1e09e16b18fc30b6881ec,2026-07-15T23:09:26.584574+08:00,false,false,false,false,false,false,true,2025th,
examples/开源工程/extracted/icar_autopilot_2025th/icar_autopilot_2025th/res/samples/sample.mp4,sample.mp4,.mp4,7734526,e392480955061ebe7997a9a773ad38fa41bd6f07db8831e8eb41f138609c032c,2026-07-15T23:09:26.651383+08:00,false,false,false,false,false,false,true,2025th,
examples/开源工程/extracted/icar_autopilot_2025th/icar_autopilot_2025th/src/ctrl/center.cpp,center.cpp,.cpp,19019,c554e7d743c0b207b812ba40547f2030a5faf374b97fe7c7b14ce2cb72c2debb,2026-07-15T23:09:26.839766+08:00,false,false,true,false,false,false,true,2025th,
examples/开源工程/extracted/icar_autopilot_2025th/icar_autopilot_2025th/src/ctrl/predeal.cpp,predeal.cpp,.cpp,3818,f3e5712b6b41f4ee259af31ed27d959e7a8fff7dca2368a7853339e3b758209b,2026-07-15T23:09:26.839766+08:00,false,false,true,false,false,false,true,2025th,
examples/开源工程/extracted/icar_autopilot_2025th/icar_autopilot_2025th/src/ctrl/track.cpp,track.cpp,.cpp,17312,953436f25eae1d2b92ec17188ad01727737ea13c5a4e954e7514c98f3e524e53,2026-07-15T23:09:26.840767+08:00,false,false,true,false,false,false,true,2025th,
examples/开源工程/extracted/icar_autopilot_2025th/icar_autopilot_2025th/src/fsm/busy.cpp,busy.cpp,.cpp,9032,e20f58c7588ad74d81ee14828b74fbd9a3d9bd8a29d2d9391bc46b570a700f05,2026-07-15T23:09:26.829249+08:00,false,false,true,false,false,false,true,2025th,
examples/开源工程/extracted/icar_autopilot_2025th/icar_autopilot_2025th/src/fsm/cross.cpp,cross.cpp,.cpp,5957,e62ef51519b70a0962d543f7f17e2b9d39c49b97e48ce4d864fdec0eed333841,2026-07-15T23:09:26.836250+08:00,false,false,true,false,false,false,true,2025th,
examples/开源工程/extracted/icar_autopilot_2025th/icar_autopilot_2025th/src/fsm/curve.cpp,curve.cpp,.cpp,4053,c3746ef984e2147400fac11d028b563d0addb5128dc5811c2b6c071f3e69947c,2026-07-15T23:09:26.833250+08:00,false,false,true,false,false,false,true,2025th,
examples/开源工程/extracted/icar_autopilot_2025th/icar_autopilot_2025th/src/fsm/fine.cpp,fine.cpp,.cpp,4434,ed277aa489e53b5a58fd1a307af8f3293c047db9e16fd8ec856bd36cd97522db,2026-07-15T23:09:26.832250+08:00,false,false,true,false,false,false,true,2025th,
examples/开源工程/extracted/icar_autopilot_2025th/icar_autopilot_2025th/src/fsm/fork.cpp,fork.cpp,.cpp,41863,f37a8cd09d68c633e3a71971ebe08b97a591b8ae92f8193b6612b05b6720c178,2026-07-15T23:09:26.834249+08:00,false,false,true,false,false,false,true,2025th,
examples/开源工程/extracted/icar_autopilot_2025th/icar_autopilot_2025th/src/fsm/park.cpp,park.cpp,.cpp,34803,27932b02e8abe6177e4c5e72aa4640aac062091734cdd92d76cea7e92b9c869e,2026-07-15T23:09:26.834249+08:00,false,false,true,false,false,false,true,2025th,
examples/开源工程/extracted/icar_autopilot_2025th/icar_autopilot_2025th/src/fsm/slow.cpp,slow.cpp,.cpp,4306,256554c786f7b6c0dce2867e5f7207d80fb3cc2108dde314f0d10db7b547dfc5,2026-07-15T23:09:26.831249+08:00,false,false,true,false,false,false,true,2025th,
examples/开源工程/extracted/icar_autopilot_2025th/icar_autopilot_2025th/src/fsm/stop.cpp,stop.cpp,.cpp,12410,ad3aae4a490b87cf41f90c8d51550d7909b861d44dafed1204924e8dff58b254,2026-07-15T23:09:26.837250+08:00,false,false,true,false,false,false,true,2025th,
examples/开源工程/extracted/icar_autopilot_2025th/icar_autopilot_2025th/src/icar.cpp,icar.cpp,.cpp,1776,de406e260bf9fdf4c6eb7f99f7bb1978fe0013f4b7a177d2e4da58aaa43ed4d3,2026-07-15T23:09:26.827240+08:00,false,false,true,false,false,false,true,2025th,
examples/开源工程/extracted/icar_autopilot_2025th/icar_autopilot_2025th/src/tool/boot.cpp,boot.cpp,.cpp,4911,9a21c78bc915daec6a3bb4817b2e89b565f43059f1a6e7b2bcab80dfe1f9876f,2026-07-15T23:09:26.849111+08:00,false,false,true,false,false,false,true,2025th,
examples/开源工程/extracted/icar_autopilot_2025th/icar_autopilot_2025th/src/tool/calibration.cpp,calibration.cpp,.cpp,13977,48ac58773e7656cb9c5901c780c8d1ab09ccef763d3a670f891781efc534b6df,2026-07-15T23:09:26.845411+08:00,false,false,true,false,false,false,true,2025th,
examples/开源工程/extracted/icar_autopilot_2025th/icar_autopilot_2025th/src/tool/camera.cpp,camera.cpp,.cpp,3292,d4c568f9c91d9eec45dde0569eb0d8b2db04f4aad21016c952df5fefee1b5823,2026-07-15T23:09:26.850162+08:00,false,false,true,false,false,false,true,2025th,
examples/开源工程/extracted/icar_autopilot_2025th/icar_autopilot_2025th/src/tool/collection.cpp,collection.cpp,.cpp,9393,0884f5a9c23ed5170a1b5635be1054d84e6799e2949fc7ed8ce2579250bec1f7,2026-07-15T23:09:26.847661+08:00,false,false,true,false,false,false,true,2025th,
examples/开源工程/extracted/icar_autopilot_2025th/icar_autopilot_2025th/src/tool/detection.cpp,detection.cpp,.cpp,4050,800769fef5c59a2700f5b5ac3cfe84244542c588ddf35283eafb5ccc787cebca,2026-07-15T23:09:26.842763+08:00,false,false,true,false,false,false,true,2025th,
examples/开源工程/extracted/icar_autopilot_2025th/icar_autopilot_2025th/src/tool/img2video.cpp,img2video.cpp,.cpp,1883,d67563a681f8574024b3b8eaf3c3b4238edf0d6d36bc54d0be901e839b463c6f,2026-07-15T23:09:26.844403+08:00,false,false,true,false,false,false,true,2025th,
examples/开源工程/extracted/icar_autopilot_2025th/icar_autopilot_2025th/src/tool/imging.cpp,imging.cpp,.cpp,2981,d4c86c877677852be628154168d35479fe73b788671a3dadae791ff24dafefea,2026-07-15T23:09:26.851164+08:00,false,false,true,false,false,false,true,2025th,
examples/开源工程/extracted/icar_autopilot_2025th/icar_autopilot_2025th/src/tool/running.cpp,running.cpp,.cpp,14232,4036b583b34537583cc05de6e3403daac6eb37a61f79736c4681f666a0605fd7,2026-07-15T23:09:26.846517+08:00,false,false,true,false,false,false,true,2025th,
examples/开源工程/extracted/icar_autopilot_2025th_FZ3B/.extraction_complete.json,.extraction_complete.json,.json,375,a9e7e5131ef51c596c3995cadccac8d99a1a27ed49975089b6b47ac57b4086e9,2026-07-15T23:09:28.683628+08:00,false,false,true,false,false,false,true,2025th,
examples/开源工程/extracted/icar_autopilot_2025th_FZ3B/icar_autopilot_2025th/build/boot,boot,,106024,e67d14946a728f85e7c87296099ccfc736fc5496b48ad4709a9c22310e048112,2026-07-15T23:09:27.780195+08:00,false,false,false,false,false,false,true,2025th,
examples/开源工程/extracted/icar_autopilot_2025th_FZ3B/icar_autopilot_2025th/build/calibration,calibration,,460160,254d5d3c57be091df013555579d41c7a4093c92010f278d609db8548b2b4feda,2026-07-15T23:09:27.784872+08:00,false,false,false,false,false,false,true,2025th,
examples/开源工程/extracted/icar_autopilot_2025th_FZ3B/icar_autopilot_2025th/build/camera,camera,,165792,ca322e3e9956745efd4ab9696f2e32305b8ef083e32a1f092ed58cdd733512a3,2026-07-15T23:09:27.787683+08:00,false,false,false,false,false,false,true,2025th,
examples/开源工程/extracted/icar_autopilot_2025th_FZ3B/icar_autopilot_2025th/build/cmake_install.cmake,cmake_install.cmake,.cmake,1531,ca87892361f5de03aabdb944c9bb1e2c7c60cc6cd34ae2fd5159b1779b1a80dc,2026-07-15T23:09:28.008097+08:00,false,false,true,false,false,false,true,2025th,
examples/开源工程/extracted/icar_autopilot_2025th_FZ3B/icar_autopilot_2025th/build/CMakeCache.txt,CMakeCache.txt,.txt,14892,8f7d0dab798e3eb75bddc13b6441918ce78331fbc78c31e0397a6fb754a59eed,2026-07-15T23:09:27.788785+08:00,false,true,false,false,false,false,true,2025th,
examples/开源工程/extracted/icar_autopilot_2025th_FZ3B/icar_autopilot_2025th/build/CMakeFiles/3.10.2/CMakeCCompiler.cmake,CMakeCCompiler.cmake,.cmake,2224,cf9a19cbb84e6f52e558eec8e1abe9afde5bbc3c67d8010b666ff45f76686032,2026-07-15T23:09:27.792226+08:00,false,false,true,false,false,false,true,2025th,3.10.2
examples/开源工程/extracted/icar_autopilot_2025th_FZ3B/icar_autopilot_2025th/build/CMakeFiles/3.10.2/CMakeCXXCompiler.cmake,CMakeCXXCompiler.cmake,.cmake,4854,64ac629dbc82b9968beeb4de20d096f30d168b60d56a29911e090e066102a45e,2026-07-15T23:09:27.793393+08:00,false,false,true,false,false,false,true,2025th,3.10.2
examples/开源工程/extracted/icar_autopilot_2025th_FZ3B/icar_autopilot_2025th/build/CMakeFiles/3.10.2/CMakeDetermineCompilerABI_C.bin,CMakeDetermineCompilerABI_C.bin,.bin,9064,3dc896e42824ed7a9e588f013957ff4b3f01da31d78ab8bf686563004b03c5e5,2026-07-15T23:09:27.794460+08:00,false,false,false,false,false,false,true,2025th,3.10.2
examples/开源工程/extracted/icar_autopilot_2025th_FZ3B/icar_autopilot_2025th/build/CMakeFiles/3.10.2/CMakeDetermineCompilerABI_CXX.bin,CMakeDetermineCompilerABI_CXX.bin,.bin,9248,c28cfb457c68fb427efd6335ba5cf87bfb06f17fd458ef43222105e358704006,2026-07-15T23:09:27.795767+08:00,false,false,false,false,false,false,true,2025th,3.10.2
examples/开源工程/extracted/icar_autopilot_2025th_FZ3B/icar_autopilot_2025th/build/CMakeFiles/3.10.2/CMakeSystem.cmake,CMakeSystem.cmake,.cmake,420,031737b5df998ff24dca0c64b208dd124920c72d2fa54d9c331395ff724dc670,2026-07-15T23:09:27.796776+08:00,false,false,true,false,false,false,true,2025th,3.10.2
examples/开源工程/extracted/icar_autopilot_2025th_FZ3B/icar_autopilot_2025th/build/CMakeFiles/3.10.2/CompilerIdC/a.out,a.out,.out,9248,d57b14ea30a674b75f24f5c4cedcae576633ef308f590b009d910a84c5ca5efb,2026-07-15T23:09:27.803788+08:00,false,false,false,false,false,false,true,2025th,3.10.2
examples/开源工程/extracted/icar_autopilot_2025th_FZ3B/icar_autopilot_2025th/build/CMakeFiles/3.10.2/CompilerIdC/CMakeCCompilerId.c,CMakeCCompilerId.c,.c,18076,32259741808d416111358fd4297d04d6878ba444f6c999b9655fe40bf9af6222,2026-07-15T23:09:27.805801+08:00,false,false,true,false,false,false,true,2025th,3.10.2
examples/开源工程/extracted/icar_autopilot_2025th_FZ3B/icar_autopilot_2025th/build/CMakeFiles/3.10.2/CompilerIdCXX/a.out,a.out,.out,9424,aec11c992fb01ea1bdb8dc2a4f9213d5590c04865ab75e3d6d1e7a8dd7cceabb,2026-07-15T23:09:27.807795+08:00,false,false,false,false,false,false,true,2025th,3.10.2
examples/开源工程/extracted/icar_autopilot_2025th_FZ3B/icar_autopilot_2025th/build/CMakeFiles/3.10.2/CompilerIdCXX/CMakeCXXCompilerId.cpp,CMakeCXXCompilerId.cpp,.cpp,17631,421a735a18064b142332b330153f7438719e27611a38fed8fbd5238081f42199,2026-07-15T23:09:27.808796+08:00,false,false,true,false,false,false,true,2025th,3.10.2
examples/开源工程/extracted/icar_autopilot_2025th_FZ3B/icar_autopilot_2025th/build/CMakeFiles/boot.dir/build.make,build.make,.make,5336,efcf8695c6fcfb6c2dcb01e7ffe104560f330334c10dc9a2e220e4a1defa1fc9,2026-07-15T23:09:27.810797+08:00,false,false,false,false,false,false,true,2025th,
examples/开源工程/extracted/icar_autopilot_2025th_FZ3B/icar_autopilot_2025th/build/CMakeFiles/boot.dir/cmake_clean.cmake,cmake_clean.cmake,.cmake,239,a5dbba355d03fcf48690286ab41b7e3816b3215698a27598af91f6b88014ca67,2026-07-15T23:09:27.813313+08:00,false,false,true,false,false,false,true,2025th,
examples/开源工程/extracted/icar_autopilot_2025th_FZ3B/icar_autopilot_2025th/build/CMakeFiles/boot.dir/CXX.includecache,CXX.includecache,.includecache,758,d2d01826e83a4da05d4447ceb502d3d79f5f4994a11ebd65cc4870be05e34ba6,2026-07-15T23:09:27.814313+08:00,false,false,false,false,false,false,true,2025th,
examples/开源工程/extracted/icar_autopilot_2025th_FZ3B/icar_autopilot_2025th/build/CMakeFiles/boot.dir/depend.internal,depend.internal,.internal,344,3b607c57e18d9291ff6450c0535c3d13747a377edaa809a7a1eaeec3d56056ac,2026-07-15T23:09:27.815315+08:00,false,false,false,false,false,false,true,2025th,
examples/开源工程/extracted/icar_autopilot_2025th_FZ3B/icar_autopilot_2025th/build/CMakeFiles/boot.dir/depend.make,depend.make,.make,470,8171a2f7d3a3a71d3fcec2688ec77fe4964e203289db290ff4aa17ea1eb97847,2026-07-15T23:09:27.816312+08:00,false,false,false,false,false,false,true,2025th,
examples/开源工程/extracted/icar_autopilot_2025th_FZ3B/icar_autopilot_2025th/build/CMakeFiles/boot.dir/DependInfo.cmake,DependInfo.cmake,.cmake,784,a92a73d78e6f11e9a3c93968b94647f0206b55845819ac7ffb324afe96b4bdf0,2026-07-15T23:09:27.817317+08:00,false,false,true,false,false,false,true,2025th,
examples/开源工程/extracted/icar_autopilot_2025th_FZ3B/icar_autopilot_2025th/build/CMakeFiles/boot.dir/flags.make,flags.make,.make,487,de7580898041aea89b603308ffa5c2e9bab73b60b931bca7c31214acd761d7fd,2026-07-15T23:09:27.819541+08:00,false,false,false,false,false,false,true,2025th,
examples/开源工程/extracted/icar_autopilot_2025th_FZ3B/icar_autopilot_2025th/build/CMakeFiles/boot.dir/link.txt,link.txt,.txt,954,e97a9085cd64fd0280ec4c771b71a0e42aabee172838173cdd36da10a190f46b,2026-07-15T23:09:27.820555+08:00,false,true,false,false,false,false,true,2025th,
examples/开源工程/extracted/icar_autopilot_2025th_FZ3B/icar_autopilot_2025th/build/CMakeFiles/boot.dir/progress.make,progress.make,.make,43,c06e644090b09d41eaddf59d10bcf03c6db6499eb51fa0d03e5128e5a165cc3c,2026-07-15T23:09:27.820555+08:00,false,false,false,false,false,false,true,2025th,
examples/开源工程/extracted/icar_autopilot_2025th_FZ3B/icar_autopilot_2025th/build/CMakeFiles/boot.dir/src/tool/boot.cpp.o,boot.cpp.o,.cpp.o,215152,07fd7e9a45c2f8f975ea213960e981c386f1b1ca83c9994eb6f18ccc3fa0b063,2026-07-15T23:09:27.826062+08:00,false,false,false,false,false,false,true,2025th,
examples/开源工程/extracted/icar_autopilot_2025th_FZ3B/icar_autopilot_2025th/build/CMakeFiles/calibration.dir/build.make,build.make,.make,5966,fc59697972e492ccbf492f85e30e1a5691bc215a4a8bd99e9f31fa2c4724b67b,2026-07-15T23:09:27.828064+08:00,false,false,false,false,false,false,true,2025th,
examples/开源工程/extracted/icar_autopilot_2025th_FZ3B/icar_autopilot_2025th/build/CMakeFiles/calibration.dir/cmake_clean.cmake,cmake_clean.cmake,.cmake,274,c4eb33c8439e16883d518ca26923187d23b281f1f527d2ff11b42ddd0b2a9f7b,2026-07-15T23:09:27.829062+08:00,false,false,true,false,false,false,true,2025th,
examples/开源工程/extracted/icar_autopilot_2025th_FZ3B/icar_autopilot_2025th/build/CMakeFiles/calibration.dir/CXX.includecache,CXX.includecache,.includecache,63878,099fcefd431e88f99e06c5ebaea789eb8e9936093988cb001861a9c97ad5de97,2026-07-15T23:09:27.830362+08:00,false,false,false,false,false,false,true,2025th,
examples/开源工程/extracted/icar_autopilot_2025th_FZ3B/icar_autopilot_2025th/build/CMakeFiles/calibration.dir/depend.internal,depend.internal,.internal,15658,ba5fa6986817e845223888d32fc3821704568054b3f8f4a5ae4789113660c9c9,2026-07-15T23:09:27.832588+08:00,false,false,false,false,false,false,true,2025th,
examples/开源工程/extracted/icar_autopilot_2025th_FZ3B/icar_autopilot_2025th/build/CMakeFiles/calibration.dir/depend.make,depend.make,.make,31986,e7022b385c855a8bbd1f42219b6f5465ccde8c603c2050e8dc8cbcbaf099b21d,2026-07-15T23:09:27.833865+08:00,false,false,false,false,false,false,true,2025th,
examples/开源工程/extracted/icar_autopilot_2025th_FZ3B/icar_autopilot_2025th/build/CMakeFiles/calibration.dir/DependInfo.cmake,DependInfo.cmake,.cmake,805,a514b5f70091a4c2446c2cff51e8dca1a29165f1c5552840d810ef742dbaf830,2026-07-15T23:09:27.835286+08:00,false,false,true,false,false,false,true,2025th,
examples/开源工程/extracted/icar_autopilot_2025th_FZ3B/icar_autopilot_2025th/build/CMakeFiles/calibration.dir/flags.make,flags.make,.make,487,de7580898041aea89b603308ffa5c2e9bab73b60b931bca7c31214acd761d7fd,2026-07-15T23:09:27.836289+08:00,false,false,false,false,false,false,true,2025th,
examples/开源工程/extracted/icar_autopilot_2025th_FZ3B/icar_autopilot_2025th/build/CMakeFiles/calibration.dir/link.txt,link.txt,.txt,966,1668b36b59b41506192581a77bd66359aafcf334773f44539e58b71c3c2cb138,2026-07-15T23:09:27.837784+08:00,false,true,false,false,false,false,true,2025th,
examples/开源工程/extracted/icar_autopilot_2025th_FZ3B/icar_autopilot_2025th/build/CMakeFiles/calibration.dir/progress.make,progress.make,.make,43,2c0c69e4af70b4caed2b8e1bd9f161f3ee9eb525d5f041631eee6d0661e5a02f,2026-07-15T23:09:27.839959+08:00,false,false,false,false,false,false,true,2025th,
examples/开源工程/extracted/icar_autopilot_2025th_FZ3B/icar_autopilot_2025th/build/CMakeFiles/calibration.dir/src/tool/calibration.cpp.o,calibration.cpp.o,.cpp.o,861416,7c6045531a5237f906416b03252a6d5fe86efa04eaa72d65d68bc0de4b076d80,2026-07-15T23:09:27.846934+08:00,false,false,false,false,false,false,true,2025th,
examples/开源工程/extracted/icar_autopilot_2025th_FZ3B/icar_autopilot_2025th/build/CMakeFiles/camera.dir/build.make,build.make,.make,7504,9077e56c03f5662797eaaaf6222f9db45f91c6ff8127ba50f06ccae39a2b9b8f,2026-07-15T23:09:27.848932+08:00,false,false,false,false,false,false,true,2025th,
examples/开源工程/extracted/icar_autopilot_2025th_FZ3B/icar_autopilot_2025th/build/CMakeFiles/camera.dir/cmake_clean.cmake,cmake_clean.cmake,.cmake,298,80b5a4503323e119a7af00ea973d4514360d5d8eb9d15a65778b0cd26655f507,2026-07-15T23:09:27.849934+08:00,false,false,true,false,false,false,true,2025th,
examples/开源工程/extracted/icar_autopilot_2025th_FZ3B/icar_autopilot_2025th/build/CMakeFiles/camera.dir/CXX.includecache,CXX.includecache,.includecache,63681,f0118fbe95a305875c673d3c1fa15c16d6c6c2e0b2884b865319dd1fc4741823,2026-07-15T23:09:27.851935+08:00,false,false,false,false,false,false,true,2025th,
examples/开源工程/extracted/icar_autopilot_2025th_FZ3B/icar_autopilot_2025th/build/CMakeFiles/camera.dir/depend.internal,depend.internal,.internal,31192,be05e2aa7710b4b0c0feaf93001f8b831bceb6de59886915b32c554e87bdbcbc,2026-07-15T23:09:27.852933+08:00,false,false,false,false,false,false,true,2025th,
examples/开源工程/extracted/icar_autopilot_2025th_FZ3B/icar_autopilot_2025th/build/CMakeFiles/camera.dir/depend.make,depend.make,.make,58091,6959f1c32a60c41257dc4bc9d42a1dba96ebf6e7c7b8f7bc16985fd5f3b758de,2026-07-15T23:09:27.852933+08:00,false,false,false,false,false,false,true,2025th,
examples/开源工程/extracted/icar_autopilot_2025th_FZ3B/icar_autopilot_2025th/build/CMakeFiles/camera.dir/DependInfo.cmake,DependInfo.cmake,.cmake,944,e3146010f730723f0d4fe6295d43859a078fafcf358a17ad859b15c24b10f474,2026-07-15T23:09:27.854425+08:00,false,false,true,false,false,false,true,2025th,
examples/开源工程/extracted/icar_autopilot_2025th_FZ3B/icar_autopilot_2025th/build/CMakeFiles/camera.dir/flags.make,flags.make,.make,487,de7580898041aea89b603308ffa5c2e9bab73b60b931bca7c31214acd761d7fd,2026-07-15T23:09:27.855919+08:00,false,false,false,false,false,false,true,2025th,
examples/开源工程/extracted/icar_autopilot_2025th_FZ3B/icar_autopilot_2025th/build/CMakeFiles/camera.dir/link.txt,link.txt,.txt,996,bb1d9906ed71fd76903f594a71a3f21c388815cbaec6d54a356e746e2e519efc,2026-07-15T23:09:27.856952+08:00,false,true,false,false,false,false,true,2025th,
examples/开源工程/extracted/icar_autopilot_2025th_FZ3B/icar_autopilot_2025th/build/CMakeFiles/camera.dir/progress.make,progress.make,.make,64,6b646d75947fb4527d74417b99a90286eda046c91edcc1b70e988bbcbc946a29,2026-07-15T23:09:27.856952+08:00,false,false,false,false,false,false,true,2025th,
examples/开源工程/extracted/icar_autopilot_2025th_FZ3B/icar_autopilot_2025th/build/CMakeFiles/camera.dir/src/ctrl/predeal.cpp.o,predeal.cpp.o,.cpp.o,286696,c4f28222f4375b64421d196c67290dcdcb89d2fcab64ef7f34a926675b2c840a,2026-07-15T23:09:27.861739+08:00,false,false,false,false,false,false,true,2025th,
examples/开源工程/extracted/icar_autopilot_2025th_FZ3B/icar_autopilot_2025th/build/CMakeFiles/camera.dir/src/tool/camera.cpp.o,camera.cpp.o,.cpp.o,305632,be92c49a146afefe5e35f9b9989bfb260a12255d2af13c3d904985df5cfc4241,2026-07-15T23:09:27.864585+08:00,false,false,false,false,false,false,true,2025th,
examples/开源工程/extracted/icar_autopilot_2025th_FZ3B/icar_autopilot_2025th/build/CMakeFiles/cmake.check_cache,cmake.check_cache,.check_cache,85,a26189e394421da57f45706a07713c5720acd200a41711b0c0c590c3c63371c4,2026-07-15T23:09:27.865751+08:00,false,false,false,false,false,false,true,2025th,
examples/开源工程/extracted/icar_autopilot_2025th_FZ3B/icar_autopilot_2025th/build/CMakeFiles/CMakeDirectoryInformation.cmake,CMakeDirectoryInformation.cmake,.cmake,656,ad1b7d01e86dec348809038656f592d9e819e1bb5763acf67a129b07eec5ee93,2026-07-15T23:09:27.867761+08:00,false,false,true,false,false,false,true,2025th,
examples/开源工程/extracted/icar_autopilot_2025th_FZ3B/icar_autopilot_2025th/build/CMakeFiles/CMakeOutput.log,CMakeOutput.log,.log,44588,9c7864c4e45cb3d50ce6aef52c38f36fe6401bc883b7a5c21ef079f9f09abd84,2026-07-15T23:09:27.869148+08:00,false,false,false,false,false,false,true,2025th,
examples/开源工程/extracted/icar_autopilot_2025th_FZ3B/icar_autopilot_2025th/build/CMakeFiles/collection.dir/build.make,build.make,.make,7964,b6162925605a01684cad516253a7db5da37be2202df4f1fde693097eef5cf69c,2026-07-15T23:09:27.872007+08:00,false,false,false,false,false,false,true,2025th,
examples/开源工程/extracted/icar_autopilot_2025th_FZ3B/icar_autopilot_2025th/build/CMakeFiles/collection.dir/cmake_clean.cmake,cmake_clean.cmake,.cmake,322,f642fe434d001b11c45e517380e6cbb21465569eaa020f046100db9517edcb00,2026-07-15T23:09:27.872007+08:00,false,false,true,false,false,false,true,2025th,
examples/开源工程/extracted/icar_autopilot_2025th_FZ3B/icar_autopilot_2025th/build/CMakeFiles/collection.dir/CXX.includecache,CXX.includecache,.includecache,64121,1cbae1965c58f0aa56ba1b45cb921e49b278d84871e5e1333d4096805fcee7f7,2026-07-15T23:09:27.874704+08:00,false,false,false,false,false,false,true,2025th,
examples/开源工程/extracted/icar_autopilot_2025th_FZ3B/icar_autopilot_2025th/build/CMakeFiles/collection.dir/depend.internal,depend.internal,.internal,31235,02c015426f98707cb84e0fdc0ca4b422d8b3bec871059d964d243c983855c9e9,2026-07-15T23:09:27.876223+08:00,false,false,false,false,false,false,true,2025th,
examples/开源工程/extracted/icar_autopilot_2025th_FZ3B/icar_autopilot_2025th/build/CMakeFiles/collection.dir/depend.make,depend.make,.make,61822,b8dab6abeacda9681b416e736d50a5b2a62a13e6f3b31c19adab6db513e23832,2026-07-15T23:09:27.877233+08:00,false,false,false,false,false,false,true,2025th,
examples/开源工程/extracted/icar_autopilot_2025th_FZ3B/icar_autopilot_2025th/build/CMakeFiles/collection.dir/DependInfo.cmake,DependInfo.cmake,.cmake,960,56e83528a6d2f9cbeac5b4782489ce83da382890e1c8e3398b81804bd177c4b0,2026-07-15T23:09:27.878233+08:00,false,false,true,false,false,false,true,2025th,
examples/开源工程/extracted/icar_autopilot_2025th_FZ3B/icar_autopilot_2025th/build/CMakeFiles/collection.dir/flags.make,flags.make,.make,487,de7580898041aea89b603308ffa5c2e9bab73b60b931bca7c31214acd761d7fd,2026-07-15T23:09:27.879236+08:00,false,false,false,false,false,false,true,2025th,
examples/开源工程/extracted/icar_autopilot_2025th_FZ3B/icar_autopilot_2025th/build/CMakeFiles/collection.dir/link.txt,link.txt,.txt,1021,bcae9390ae4c4f8417478dc24e2b4d063a1312a1dcc7dd953dfd9cd52673e0e3,2026-07-15T23:09:27.880251+08:00,false,true,false,false,false,false,true,2025th,
examples/开源工程/extracted/icar_autopilot_2025th_FZ3B/icar_autopilot_2025th/build/CMakeFiles/collection.dir/progress.make,progress.make,.make,65,f0c17a5281f34f359ff23b2f5cc0d00be0de8a8dad607ca028e5c316f3e55b74,2026-07-15T23:09:27.881571+08:00,false,false,false,false,false,false,true,2025th,
examples/开源工程/extracted/icar_autopilot_2025th_FZ3B/icar_autopilot_2025th/build/CMakeFiles/collection.dir/src/ctrl/predeal.cpp.o,predeal.cpp.o,.cpp.o,286696,bf37e5fcd44764d520d5e2216a8c38bb4029f8f079c05f46662a61780a984a24,2026-07-15T23:09:27.884621+08:00,false,false,false,false,false,false,true,2025th,
examples/开源工程/extracted/icar_autopilot_2025th_FZ3B/icar_autopilot_2025th/build/CMakeFiles/collection.dir/src/tool/collection.cpp.o,collection.cpp.o,.cpp.o,504976,90796d5796c2fad5fad6c57feb6b72563044be24ede5b76d9a1896688ad0717d,2026-07-15T23:09:27.888160+08:00,false,false,false,false,false,false,true,2025th,
examples/开源工程/extracted/icar_autopilot_2025th_FZ3B/icar_autopilot_2025th/build/CMakeFiles/detection.dir/build.make,build.make,.make,7849,0d0a5b5b37f7c8d2035837a63a23a22a8531b8886afc0cef75c81130a003dcb8,2026-07-15T23:09:27.890836+08:00,false,false,false,false,false,false,true,2025th,
examples/开源工程/extracted/icar_autopilot_2025th_FZ3B/icar_autopilot_2025th/build/CMakeFiles/detection.dir/cmake_clean.cmake,cmake_clean.cmake,.cmake,316,bf00277f661de828d12e11c33a49fffa245d3fef6e2e5c6bb6b19a9cb5092eb0,2026-07-15T23:09:27.892223+08:00,false,false,true,false,false,false,true,2025th,
examples/开源工程/extracted/icar_autopilot_2025th_FZ3B/icar_autopilot_2025th/build/CMakeFiles/detection.dir/CXX.includecache,CXX.includecache,.includecache,64488,3211698f162d14bf6e7ccd70e48e7a09f6ff16fae686b80d6dd3c8eb4db30f0d,2026-07-15T23:09:27.892804+08:00,false,false,false,false,false,false,true,2025th,
examples/开源工程/extracted/icar_autopilot_2025th_FZ3B/icar_autopilot_2025th/build/CMakeFiles/detection.dir/depend.internal,depend.internal,.internal,31386,4013ef72cbfd2d0f63d7eb5c832f373ddc28dfee66f5b285d522576bc6b526a8,2026-07-15T23:09:27.894321+08:00,false,false,false,false,false,false,true,2025th,
examples/开源工程/extracted/icar_autopilot_2025th_FZ3B/icar_autopilot_2025th/build/CMakeFiles/detection.dir/depend.make,depend.make,.make,61212,d66d7a5ee2cfb6e71aa5f089029991a7bae36d349b1dbc16c967909fbee149b7,2026-07-15T23:09:27.895763+08:00,false,false,false,false,false,false,true,2025th,
examples/开源工程/extracted/icar_autopilot_2025th_FZ3B/icar_autopilot_2025th/build/CMakeFiles/detection.dir/DependInfo.cmake,DependInfo.cmake,.cmake,956,237ea8e0788a0665549aaf1f328b9532bd646ac97a7165faa204b750d416af21,2026-07-15T23:09:27.896774+08:00,false,false,true,false,false,false,true,2025th,
examples/开源工程/extracted/icar_autopilot_2025th_FZ3B/icar_autopilot_2025th/build/CMakeFiles/detection.dir/flags.make,flags.make,.make,487,de7580898041aea89b603308ffa5c2e9bab73b60b931bca7c31214acd761d7fd,2026-07-15T23:09:27.897770+08:00,false,false,false,false,false,false,true,2025th,
examples/开源工程/extracted/icar_autopilot_2025th_FZ3B/icar_autopilot_2025th/build/CMakeFiles/detection.dir/link.txt,link.txt,.txt,1008,c5f049bdfdc4508235cee49e37f2658aa54845fd27ae0c5bfee136f1e2887cef,2026-07-15T23:09:27.898769+08:00,false,true,false,false,false,false,true,2025th,
examples/开源工程/extracted/icar_autopilot_2025th_FZ3B/icar_autopilot_2025th/build/CMakeFiles/detection.dir/progress.make,progress.make,.make,67,554b9304b651e4c155844a84e2db92106079e413619d5456d14e47d8e81200cb,2026-07-15T23:09:27.898769+08:00,false,false,false,false,false,false,true,2025th,
examples/开源工程/extracted/icar_autopilot_2025th_FZ3B/icar_autopilot_2025th/build/CMakeFiles/detection.dir/src/ctrl/predeal.cpp.o,predeal.cpp.o,.cpp.o,286696,e74ee1ed7eed64ec5889376ecf7f3d90e0e88809b3a070e93f63bd3fa756f1f2,2026-07-15T23:09:27.901771+08:00,false,false,false,false,false,false,true,2025th,
examples/开源工程/extracted/icar_autopilot_2025th_FZ3B/icar_autopilot_2025th/build/CMakeFiles/detection.dir/src/tool/detection.cpp.o,detection.cpp.o,.cpp.o,728336,487584220013647a590842398745dae9c20f8c0542f292781326d57c8b06add7,2026-07-15T23:09:27.907082+08:00,false,false,false,false,false,false,true,2025th,
examples/开源工程/extracted/icar_autopilot_2025th_FZ3B/icar_autopilot_2025th/build/CMakeFiles/feature_tests.bin,feature_tests.bin,.bin,13288,29996851ad2f89f2611c9979cd937f80d4df743de2eccac829d09d7a07a39934,2026-07-15T23:09:27.908516+08:00,false,false,false,false,false,false,true,2025th,
examples/开源工程/extracted/icar_autopilot_2025th_FZ3B/icar_autopilot_2025th/build/CMakeFiles/feature_tests.c,feature_tests.c,.c,688,7e5ffb3a7af8b1379c01d22c52b034216aad9efcddab9f3fbeb252b33ee904b5,2026-07-15T23:09:27.909528+08:00,false,false,true,false,false,false,true,2025th,
examples/开源工程/extracted/icar_autopilot_2025th_FZ3B/icar_autopilot_2025th/build/CMakeFiles/feature_tests.cxx,feature_tests.cxx,.cxx,10011,45094d6d26748a44f24d9e9850acaa817de561544955b644eb4919e57be5a968,2026-07-15T23:09:27.910721+08:00,false,false,true,false,false,false,true,2025th,
examples/开源工程/extracted/icar_autopilot_2025th_FZ3B/icar_autopilot_2025th/build/CMakeFiles/icar.dir/build.make,build.make,.make,25708,da5f9f9cb3e09ec11c2e6b5341b59cca03a43a05333b2575e9fe2dfc0cc476bb,2026-07-15T23:09:27.912180+08:00,false,false,false,false,false,false,true,2025th,
examples/开源工程/extracted/icar_autopilot_2025th_FZ3B/icar_autopilot_2025th/build/CMakeFiles/icar.dir/cmake_clean.cmake,cmake_clean.cmake,.cmake,718,9d8803a2f58038ad496f8209bd751be712105ed45a329f16b5bd6ce09ef9993e,2026-07-15T23:09:27.913199+08:00,false,false,true,false,false,false,true,2025th,
examples/开源工程/extracted/icar_autopilot_2025th_FZ3B/icar_autopilot_2025th/build/CMakeFiles/icar.dir/CXX.includecache,CXX.includecache,.includecache,67796,02ad4e8ac6e6a2a19cbc4056df56cb37bcc3263416903fdcd41a94cb611eb846,2026-07-15T23:09:27.914497+08:00,false,false,false,false,false,false,true,2025th,
examples/开源工程/extracted/icar_autopilot_2025th_FZ3B/icar_autopilot_2025th/build/CMakeFiles/icar.dir/depend.internal,depend.internal,.internal,187843,cbf23f683af080d14d85ed15d27ae0407de4e7202b105baa295e2c247117237d,2026-07-15T23:09:27.915746+08:00,false,false,false,false,false,false,true,2025th,
examples/开源工程/extracted/icar_autopilot_2025th_FZ3B/icar_autopilot_2025th/build/CMakeFiles/icar.dir/depend.make,depend.make,.make,333121,7b7f665f19dc62ed31c82a3fde0e7149b8890eb9ed376628fc0d6e686bfa59c1,2026-07-15T23:09:27.918023+08:00,false,false,false,false,false,false,true,2025th,
examples/开源工程/extracted/icar_autopilot_2025th_FZ3B/icar_autopilot_2025th/build/CMakeFiles/icar.dir/DependInfo.cmake,DependInfo.cmake,.cmake,2380,32d1ae0367d45da39c6ea22df5cb6b2e8918730038f460889c372f455928ed6f,2026-07-15T23:09:27.920510+08:00,false,false,true,false,false,false,true,2025th,
examples/开源工程/extracted/icar_autopilot_2025th_FZ3B/icar_autopilot_2025th/build/CMakeFiles/icar.dir/flags.make,flags.make,.make,487,de7580898041aea89b603308ffa5c2e9bab73b60b931bca7c31214acd761d7fd,2026-07-15T23:09:27.922518+08:00,false,false,false,false,false,false,true,2025th,
examples/开源工程/extracted/icar_autopilot_2025th_FZ3B/icar_autopilot_2025th/build/CMakeFiles/icar.dir/link.txt,link.txt,.txt,1414,ce581e6056ec111c21dfcaa3f7f210a0b0874365a648be5bf69b5e145cada6a6,2026-07-15T23:09:27.923520+08:00,false,true,false,false,false,false,true,2025th,
examples/开源工程/extracted/icar_autopilot_2025th_FZ3B/icar_autopilot_2025th/build/CMakeFiles/icar.dir/progress.make,progress.make,.make,291,cd357fc6078c09ebbb0819f9e5f2bed0909e6bdaa3e8945f1fa2bf9187fb7757,2026-07-15T23:09:27.924518+08:00,false,false,false,false,false,false,true,2025th,
examples/开源工程/extracted/icar_autopilot_2025th_FZ3B/icar_autopilot_2025th/build/CMakeFiles/icar.dir/src/ctrl/center.cpp.o,center.cpp.o,.cpp.o,495760,e431f68fd541c931abc2df873a5f1be52e6adc3a0bd9202e28ba6c7a7feb7526,2026-07-15T23:09:27.927599+08:00,false,false,false,false,false,false,true,2025th,
examples/开源工程/extracted/icar_autopilot_2025th_FZ3B/icar_autopilot_2025th/build/CMakeFiles/icar.dir/src/ctrl/predeal.cpp.o,predeal.cpp.o,.cpp.o,286696,c7d6f5e16d703b2484938f43fa1f27614051989c19555cc6f15429986e438f65,2026-07-15T23:09:27.929599+08:00,false,false,false,false,false,false,true,2025th,
examples/开源工程/extracted/icar_autopilot_2025th_FZ3B/icar_autopilot_2025th/build/CMakeFiles/icar.dir/src/ctrl/track.cpp.o,track.cpp.o,.cpp.o,430064,ebf847d5e42702503147535205ef2d957e3d785f02d0fbf930d916556e9dfe56,2026-07-15T23:09:27.932991+08:00,false,false,false,false,false,false,true,2025th,
examples/开源工程/extracted/icar_autopilot_2025th_FZ3B/icar_autopilot_2025th/build/CMakeFiles/icar.dir/src/fsm/busy.cpp.o,busy.cpp.o,.cpp.o,433640,6798255745d3ce7556dc3c585443de5cb52f7709c41c8e98bae2ee08e2aa0fe9,2026-07-15T23:09:27.934994+08:00,false,false,false,false,false,false,true,2025th,
examples/开源工程/extracted/icar_autopilot_2025th_FZ3B/icar_autopilot_2025th/build/CMakeFiles/icar.dir/src/fsm/cross.cpp.o,cross.cpp.o,.cpp.o,309560,8710fbe507014fd8a6ad72d06f1c622c0225322164836ab93e4ca9c13fa3593c,2026-07-15T23:09:27.937340+08:00,false,false,false,false,false,false,true,2025th,
examples/开源工程/extracted/icar_autopilot_2025th_FZ3B/icar_autopilot_2025th/build/CMakeFiles/icar.dir/src/fsm/curve.cpp.o,curve.cpp.o,.cpp.o,316464,8f20c1acfaff17a5f7a9981225f43d87d8fdd01377129033a1a46cb647efc632,2026-07-15T23:09:27.939987+08:00,false,false,false,false,false,false,true,2025th,
examples/开源工程/extracted/icar_autopilot_2025th_FZ3B/icar_autopilot_2025th/build/CMakeFiles/icar.dir/src/fsm/fine.cpp.o,fine.cpp.o,.cpp.o,307960,5f20fb596abf0bcd24f9b3da9b1b6a2dc8e11d52189fd0b87da204183d321a78,2026-07-15T23:09:27.942988+08:00,false,false,false,false,false,false,true,2025th,
examples/开源工程/extracted/icar_autopilot_2025th_FZ3B/icar_autopilot_2025th/build/CMakeFiles/icar.dir/src/fsm/fork.cpp.o,fork.cpp.o,.cpp.o,523304,e9a80bb68e1af82458ed1d7bf564cdfb36f20f3f3118869058ff978d1ae94feb,2026-07-15T23:09:27.945899+08:00,false,false,false,false,false,false,true,2025th,
examples/开源工程/extracted/icar_autopilot_2025th_FZ3B/icar_autopilot_2025th/build/CMakeFiles/icar.dir/src/fsm/park.cpp.o,park.cpp.o,.cpp.o,766736,316ad458fc8a9b40ec57fcc8424ed5dea2e2dcc8b6e6f91f96f5c112e2b16d33,2026-07-15T23:09:27.949243+08:00,false,false,false,false,false,false,true,2025th,
examples/开源工程/extracted/icar_autopilot_2025th_FZ3B/icar_autopilot_2025th/build/CMakeFiles/icar.dir/src/fsm/slow.cpp.o,slow.cpp.o,.cpp.o,301392,d454a33a1a346050ba656a37a458c3ff8a713dcfc4fa6af3ab8bd8dc670c312e,2026-07-15T23:09:27.953245+08:00,false,false,false,false,false,false,true,2025th,
examples/开源工程/extracted/icar_autopilot_2025th_FZ3B/icar_autopilot_2025th/build/CMakeFiles/icar.dir/src/fsm/stop.cpp.o,stop.cpp.o,.cpp.o,485792,bd747904ded50ec952aebece2180d4808cc537f72542d55b4fff54324d3836dd,2026-07-15T23:09:27.955837+08:00,false,false,false,false,false,false,true,2025th,
examples/开源工程/extracted/icar_autopilot_2025th_FZ3B/icar_autopilot_2025th/build/CMakeFiles/icar.dir/src/icar.cpp.o,icar.cpp.o,.cpp.o,2871504,2dc2d6acdc307c8e31aa081a35c8dc13d1e82280e2a662407ac87079c31c653a,2026-07-15T23:09:27.968404+08:00,false,false,false,false,false,false,true,2025th,
examples/开源工程/extracted/icar_autopilot_2025th_FZ3B/icar_autopilot_2025th/build/CMakeFiles/img2video.dir/build.make,build.make,.make,5786,d450bb65cb2c44f43fae036f516f6cd18ea90e62603f7d264007d6a1dbbdbb38,2026-07-15T23:09:27.969538+08:00,false,false,false,false,false,false,true,2025th,
examples/开源工程/extracted/icar_autopilot_2025th_FZ3B/icar_autopilot_2025th/build/CMakeFiles/img2video.dir/cmake_clean.cmake,cmake_clean.cmake,.cmake,264,6876c279989b835af0f33c400b38121c38f8a1641b657ef3e59d23ba813c0ab4,2026-07-15T23:09:27.971036+08:00,false,false,true,false,false,false,true,2025th,
examples/开源工程/extracted/icar_autopilot_2025th_FZ3B/icar_autopilot_2025th/build/CMakeFiles/img2video.dir/CXX.includecache,CXX.includecache,.includecache,61134,7f700d2278905ca675302ef9f7a55bfc69ac7ea3e25094f9d95f14a839c406d6,2026-07-15T23:09:27.972044+08:00,false,false,false,false,false,false,true,2025th,
examples/开源工程/extracted/icar_autopilot_2025th_FZ3B/icar_autopilot_2025th/build/CMakeFiles/img2video.dir/depend.internal,depend.internal,.internal,15541,15782c2331fe1eb1deee5fd2310a8d1657b016a6ebc409113d91c298a768c042,2026-07-15T23:09:27.973461+08:00,false,false,false,false,false,false,true,2025th,
examples/开源工程/extracted/icar_autopilot_2025th_FZ3B/icar_autopilot_2025th/build/CMakeFiles/img2video.dir/depend.make,depend.make,.make,30457,1ebbbefba6abb39a03aa27ee95d3812d37f46e0f5a2efe263fb59faba28060bd,2026-07-15T23:09:27.975471+08:00,false,false,false,false,false,false,true,2025th,
examples/开源工程/extracted/icar_autopilot_2025th_FZ3B/icar_autopilot_2025th/build/CMakeFiles/img2video.dir/DependInfo.cmake,DependInfo.cmake,.cmake,799,1176f9f8c1ed9b30f16b922c0ac8e8656b6caf8fedb01a2a6b2ef91770a03c9c,2026-07-15T23:09:27.977523+08:00,false,false,true,false,false,false,true,2025th,
examples/开源工程/extracted/icar_autopilot_2025th_FZ3B/icar_autopilot_2025th/build/CMakeFiles/img2video.dir/flags.make,flags.make,.make,487,de7580898041aea89b603308ffa5c2e9bab73b60b931bca7c31214acd761d7fd,2026-07-15T23:09:27.978527+08:00,false,false,false,false,false,false,true,2025th,
examples/开源工程/extracted/icar_autopilot_2025th_FZ3B/icar_autopilot_2025th/build/CMakeFiles/img2video.dir/link.txt,link.txt,.txt,960,1d9419ca538d824e76c62e6e3bcd4286110d645ab8fbfba586bd9e08217ac652,2026-07-15T23:09:27.979524+08:00,false,true,false,false,false,false,true,2025th,
examples/开源工程/extracted/icar_autopilot_2025th_FZ3B/icar_autopilot_2025th/build/CMakeFiles/img2video.dir/progress.make,progress.make,.make,45,99388f82556460b4d00ae26edd8e2418ae8510cbffadaeb7c50a539174cd9a8f,2026-07-15T23:09:27.980525+08:00,false,false,false,false,false,false,true,2025th,
examples/开源工程/extracted/icar_autopilot_2025th_FZ3B/icar_autopilot_2025th/build/CMakeFiles/img2video.dir/src/tool/img2video.cpp.o,img2video.cpp.o,.cpp.o,428864,6c54b8aecd19fa8f587c71af900267e1c5f1c227b9ddc3dd77370447d817959f,2026-07-15T23:09:27.985037+08:00,false,false,false,false,false,false,true,2025th,
examples/开源工程/extracted/icar_autopilot_2025th_FZ3B/icar_autopilot_2025th/build/CMakeFiles/imging.dir/build.make,build.make,.make,7504,7ac46d6fc4bda290fc28f1bb331887a499f38599a173b00463e778125910fda0,2026-07-15T23:09:27.986547+08:00,false,false,false,false,false,false,true,2025th,
examples/开源工程/extracted/icar_autopilot_2025th_FZ3B/icar_autopilot_2025th/build/CMakeFiles/imging.dir/cmake_clean.cmake,cmake_clean.cmake,.cmake,298,63fed0cfd4917298b67d9080b4f8579fbd203fecdc8efb8bcd4151d684cb9490,2026-07-15T23:09:27.988019+08:00,false,false,true,false,false,false,true,2025th,
examples/开源工程/extracted/icar_autopilot_2025th_FZ3B/icar_autopilot_2025th/build/CMakeFiles/imging.dir/CXX.includecache,CXX.includecache,.includecache,63747,f9b712492ef36888b0cf332b385daa2770455ac50f6bab490e7bfda386618b14,2026-07-15T23:09:27.990026+08:00,false,false,false,false,false,false,true,2025th,
examples/开源工程/extracted/icar_autopilot_2025th_FZ3B/icar_autopilot_2025th/build/CMakeFiles/imging.dir/depend.internal,depend.internal,.internal,31192,cf7a0df19264f8df8084bd688a5ad1a3e741f45549917ace6b8df46454297e30,2026-07-15T23:09:27.991026+08:00,false,false,false,false,false,false,true,2025th,
examples/开源工程/extracted/icar_autopilot_2025th_FZ3B/icar_autopilot_2025th/build/CMakeFiles/imging.dir/depend.make,depend.make,.make,58091,145f8fdd20f3c8a1349ee62e99c04d53c2069bdf044d1dc05ae5f9a49c7ba1a5,2026-07-15T23:09:27.992028+08:00,false,false,false,false,false,false,true,2025th,
examples/开源工程/extracted/icar_autopilot_2025th_FZ3B/icar_autopilot_2025th/build/CMakeFiles/imging.dir/DependInfo.cmake,DependInfo.cmake,.cmake,944,4f0fe7167f692c41fa3640e9eb86bc748e9c44efda7e11405b3d5cda90e7692e,2026-07-15T23:09:27.993027+08:00,false,false,true,false,false,false,true,2025th,
examples/开源工程/extracted/icar_autopilot_2025th_FZ3B/icar_autopilot_2025th/build/CMakeFiles/imging.dir/flags.make,flags.make,.make,487,de7580898041aea89b603308ffa5c2e9bab73b60b931bca7c31214acd761d7fd,2026-07-15T23:09:27.993027+08:00,false,false,false,false,false,false,true,2025th,
examples/开源工程/extracted/icar_autopilot_2025th_FZ3B/icar_autopilot_2025th/build/CMakeFiles/imging.dir/link.txt,link.txt,.txt,996,9455a96940157456ff43e0af00fafb56021c073cf710fe803b3f9782af295ef3,2026-07-15T23:09:27.994523+08:00,false,true,false,false,false,false,true,2025th,
examples/开源工程/extracted/icar_autopilot_2025th_FZ3B/icar_autopilot_2025th/build/CMakeFiles/imging.dir/progress.make,progress.make,.make,67,0a2383f07624c7341e2b856b05ed4cdabed4c361e6b9113a0598d367b2de1278,2026-07-15T23:09:27.995637+08:00,false,false,false,false,false,false,true,2025th,
examples/开源工程/extracted/icar_autopilot_2025th_FZ3B/icar_autopilot_2025th/build/CMakeFiles/imging.dir/src/ctrl/predeal.cpp.o,predeal.cpp.o,.cpp.o,286696,35044428a21e4b8e5c82b6443cfd6bab23d4a0b3ba317cd913890c7bdd74bc26,2026-07-15T23:09:28.000016+08:00,false,false,false,false,false,false,true,2025th,
examples/开源工程/extracted/icar_autopilot_2025th_FZ3B/icar_autopilot_2025th/build/CMakeFiles/imging.dir/src/tool/imging.cpp.o,imging.cpp.o,.cpp.o,372136,6391a3beca0cb010e9b803e0bb0b56a1c2f120134774794038d224663b8453e8,2026-07-15T23:09:28.002579+08:00,false,false,false,false,false,false,true,2025th,
examples/开源工程/extracted/icar_autopilot_2025th_FZ3B/icar_autopilot_2025th/build/CMakeFiles/Makefile.cmake,Makefile.cmake,.cmake,7401,5263c6a9c0d3375cad7826356fae086c5f6d87d1a1099af0e4ff819dfdeb8149,2026-07-15T23:09:28.003581+08:00,false,false,true,false,false,false,true,2025th,
examples/开源工程/extracted/icar_autopilot_2025th_FZ3B/icar_autopilot_2025th/build/CMakeFiles/Makefile2,Makefile2,,12720,cd443a3d0b7b455aa9edaafb6958e636bc3707b8e22ea6622ab4cbd095752598,2026-07-15T23:09:28.004580+08:00,false,false,false,false,false,false,true,2025th,
examples/开源工程/extracted/icar_autopilot_2025th_FZ3B/icar_autopilot_2025th/build/CMakeFiles/progress.marks,progress.marks,.marks,3,32c2643e0dc65524c9f1f6f9f00937322fd68d59986bc381d9ff2285d23e353d,2026-07-15T23:09:28.005581+08:00,false,false,false,false,false,false,true,2025th,
examples/开源工程/extracted/icar_autopilot_2025th_FZ3B/icar_autopilot_2025th/build/CMakeFiles/TargetDirectories.txt,TargetDirectories.txt,.txt,682,84845b33cfcee203069b302b28981f465cb60f4e142cbadf9f71f3dfd2530a06,2026-07-15T23:09:28.007089+08:00,false,true,false,false,false,false,true,2025th,
examples/开源工程/extracted/icar_autopilot_2025th_FZ3B/icar_autopilot_2025th/build/collection,collection,,272936,2a0d5ceb01a799654fe5a3495193ef38d5f206ebb421b407809f08910085841b,2026-07-15T23:09:28.010098+08:00,false,false,false,false,false,false,true,2025th,
examples/开源工程/extracted/icar_autopilot_2025th_FZ3B/icar_autopilot_2025th/build/compile_commands.json,compile_commands.json,.json,13440,977091f31d7301f530b1cabef1d8b5e93c4c6ca67f81c7aaa132fe4348357e84,2026-07-15T23:09:28.011097+08:00,false,false,true,false,false,false,true,2025th,
examples/开源工程/extracted/icar_autopilot_2025th_FZ3B/icar_autopilot_2025th/build/icar,icar,,2268712,2218feb2759f1d87ef64c252437a275e0a6948c4a924d3c5bde667a78a8db64d,2026-07-15T23:09:28.021614+08:00,false,false,false,false,false,false,true,2025th,
examples/开源工程/extracted/icar_autopilot_2025th_FZ3B/icar_autopilot_2025th/build/img2video,img2video,,109520,2971f06c8bbdc11e9bc26b1473c1112b7d2cd2df8d564c13c2ee408967edfbe0,2026-07-15T23:09:28.023612+08:00,false,false,false,false,false,false,true,2025th,
examples/开源工程/extracted/icar_autopilot_2025th_FZ3B/icar_autopilot_2025th/build/imging,imging,,218600,4e24c4f18a9e461f83666d0e494d32aa6f5094118dc6187100b118861e849ecd,2026-07-15T23:09:28.024612+08:00,false,false,false,false,false,false,true,2025th,
examples/开源工程/extracted/icar_autopilot_2025th_FZ3B/icar_autopilot_2025th/build/Makefile,Makefile,,23826,991961a03e7be5f5899a97ed8793bce76e4ae0ace787cdf5c909c8fa644dae79,2026-07-15T23:09:28.025613+08:00,false,false,true,false,false,false,true,2025th,
examples/开源工程/extracted/icar_autopilot_2025th_FZ3B/icar_autopilot_2025th/build/nohup.out,nohup.out,.out,0,e3b0c44298fc1c149afbf4c8996fb92427ae41e4649b934ca495991b7852b855,2026-07-15T23:09:28.026613+08:00,false,false,false,false,false,false,true,2025th,
examples/开源工程/extracted/icar_autopilot_2025th_FZ3B/icar_autopilot_2025th/CMakeLists.txt,CMakeLists.txt,.txt,4098,265eaae65a50518972863f6f5ae4466b5a98329c184200d8ead2b1d095a4e469,2026-07-15T23:09:28.028121+08:00,false,true,true,false,false,false,true,2025th,
examples/开源工程/extracted/icar_autopilot_2025th_FZ3B/icar_autopilot_2025th/include/com/client.hpp,client.hpp,.hpp,7786,37ab9f7851948d606fa6f53689b71125060e91f323a160fa42e1f15e207d150b,2026-07-15T23:09:28.030130+08:00,false,false,true,false,false,false,true,2025th,
examples/开源工程/extracted/icar_autopilot_2025th_FZ3B/icar_autopilot_2025th/include/com/server.hpp,server.hpp,.hpp,5007,46f3363246dab04744cf52435c33e5e6341f6d31cba12dd147cafdb33df34288,2026-07-15T23:09:28.031132+08:00,false,false,true,false,false,false,true,2025th,
examples/开源工程/extracted/icar_autopilot_2025th_FZ3B/icar_autopilot_2025th/include/com/uart.hpp,uart.hpp,.hpp,14363,bc5305a07b9254c5abbed98a86c7747db7063654a9ab7520ca811934d0cc5837,2026-07-15T23:09:28.032130+08:00,false,false,true,false,false,false,true,2025th,
examples/开源工程/extracted/icar_autopilot_2025th_FZ3B/icar_autopilot_2025th/include/ctrl/center.hpp,center.hpp,.hpp,1943,3e751017e653c3281ba85533f22ba6db4f9b02f4c7abcf299660db68aa1e13f8,2026-07-15T23:09:28.034133+08:00,false,false,true,false,false,false,true,2025th,
examples/开源工程/extracted/icar_autopilot_2025th_FZ3B/icar_autopilot_2025th/include/ctrl/mapping.hpp,mapping.hpp,.hpp,9126,9c024fc3627751e5d7336dd6729396eb491db01057710fb5c6dbd5a849f2a6d7,2026-07-15T23:09:28.035315+08:00,false,false,true,false,false,false,true,2025th,
examples/开源工程/extracted/icar_autopilot_2025th_FZ3B/icar_autopilot_2025th/include/ctrl/motion.hpp,motion.hpp,.hpp,6203,5ba80af53147daf2bde7aae5e090181d0e0b61ccb163e7767368166002db3c1d,2026-07-15T23:09:28.036320+08:00,false,false,true,false,false,false,true,2025th,
examples/开源工程/extracted/icar_autopilot_2025th_FZ3B/icar_autopilot_2025th/include/ctrl/predeal.hpp,predeal.hpp,.hpp,1512,aef4a10b74d6231dd05fba272673bcadead03d5c606329a2328ad8290a35fe26,2026-07-15T23:09:28.037321+08:00,false,false,true,false,false,false,true,2025th,
examples/开源工程/extracted/icar_autopilot_2025th_FZ3B/icar_autopilot_2025th/include/ctrl/track.hpp,track.hpp,.hpp,2187,3c6df11fdcfc62d00eb712be9e91d41da81bbef05f6e1e32b2bed483ce7a6bc6,2026-07-15T23:09:28.038320+08:00,false,false,true,false,false,false,true,2025th,
examples/开源工程/extracted/icar_autopilot_2025th_FZ3B/icar_autopilot_2025th/include/fsm/busy.hpp,busy.hpp,.hpp,1594,4db4e9756a099474091730b14fe065c8f073aefbcf423c6d94dd9642bd4e163c,2026-07-15T23:09:28.040834+08:00,false,false,true,false,false,false,true,2025th,
examples/开源工程/extracted/icar_autopilot_2025th_FZ3B/icar_autopilot_2025th/include/fsm/cross.hpp,cross.hpp,.hpp,1724,543345f300656cb2bb9ba0b190ebed4d02d669042fcd452ba0890e12cb0824bc,2026-07-15T23:09:28.041833+08:00,false,false,true,false,false,false,true,2025th,
examples/开源工程/extracted/icar_autopilot_2025th_FZ3B/icar_autopilot_2025th/include/fsm/curve.hpp,curve.hpp,.hpp,1607,5521735fecd64dadb88b37a233c360741fb37154ea31bafb3d4a56fd1c827943,2026-07-15T23:09:28.043201+08:00,false,false,true,false,false,false,true,2025th,
examples/开源工程/extracted/icar_autopilot_2025th_FZ3B/icar_autopilot_2025th/include/fsm/fine.hpp,fine.hpp,.hpp,1696,32709a292c421ff8461add3cff37d7a61ee00f70bd625fe254c5fcd2ed0afe2f,2026-07-15T23:09:28.044210+08:00,false,false,true,false,false,false,true,2025th,
examples/开源工程/extracted/icar_autopilot_2025th_FZ3B/icar_autopilot_2025th/include/fsm/fork.hpp,fork.hpp,.hpp,2696,1ff8ad551cf2b902b78b37d496874c9ad92f8be7b8e1165c0fdb2ea02296f8d7,2026-07-15T23:09:28.045209+08:00,false,false,true,false,false,false,true,2025th,
examples/开源工程/extracted/icar_autopilot_2025th_FZ3B/icar_autopilot_2025th/include/fsm/fsm.hpp,fsm.hpp,.hpp,1537,20c8e4eb8c84dae889a3d0ae751f53ed6b9ba34a260f5965c4b0a82ae157a75a,2026-07-15T23:09:28.046716+08:00,false,false,true,false,false,false,true,2025th,
examples/开源工程/extracted/icar_autopilot_2025th_FZ3B/icar_autopilot_2025th/include/fsm/park.hpp,park.hpp,.hpp,4780,e15341ce5bc726c4ce044de5e2403bed45e6d7e0dbed20503a7c23ce037b87c7,2026-07-15T23:09:28.049232+08:00,false,false,true,false,false,false,true,2025th,
examples/开源工程/extracted/icar_autopilot_2025th_FZ3B/icar_autopilot_2025th/include/fsm/slow.hpp,slow.hpp,.hpp,1603,fc0025219211f361bc2b6d1501c1719221b5972660ee1a2507556561791bcdc5,2026-07-15T23:09:28.051243+08:00,false,false,true,false,false,false,true,2025th,
examples/开源工程/extracted/icar_autopilot_2025th_FZ3B/icar_autopilot_2025th/include/fsm/stop.hpp,stop.hpp,.hpp,2084,5e64f395643c2f85403619e13a6588d12872c29d8642363707800e5a2c7ece25,2026-07-15T23:09:28.052242+08:00,false,false,true,false,false,false,true,2025th,
examples/开源工程/extracted/icar_autopilot_2025th_FZ3B/icar_autopilot_2025th/include/icar.hpp,icar.hpp,.hpp,13284,5c4c76e1472a000c976155d770f733597d3f873c419cc188adc78b0339294471,2026-07-15T23:09:28.053239+08:00,false,false,true,false,false,false,true,2025th,
examples/开源工程/extracted/icar_autopilot_2025th_FZ3B/icar_autopilot_2025th/include/utils/detection.hpp,detection.hpp,.hpp,10907,205b0560fc51ad54c192b8caa69eca78493029f0c9efe678f4eebf3e217df069,2026-07-15T23:09:28.055240+08:00,false,false,true,false,false,false,true,2025th,
examples/开源工程/extracted/icar_autopilot_2025th_FZ3B/icar_autopilot_2025th/include/utils/joystick.hpp,joystick.hpp,.hpp,7537,7923758bfa9e75708565a35755e1b54051ae2f1b54a447bb159ae9434872a06a,2026-07-15T23:09:28.056239+08:00,false,false,true,false,false,false,true,2025th,
examples/开源工程/extracted/icar_autopilot_2025th_FZ3B/icar_autopilot_2025th/include/utils/json.hpp,json.hpp,.hpp,960430,f3970c00605f45ced0ecd9292f1ef3c572f0a37251f8bf8896ed3e931719acbd,2026-07-15T23:09:28.059744+08:00,false,false,true,false,false,false,true,2025th,
examples/开源工程/extracted/icar_autopilot_2025th_FZ3B/icar_autopilot_2025th/include/utils/loop.hpp,loop.hpp,.hpp,4141,9b5f6f62589d1dce6093847b25bbb0536185e53ccfbeef7d40dfae11df9882f4,2026-07-15T23:09:28.061751+08:00,false,false,true,false,false,false,true,2025th,
examples/开源工程/extracted/icar_autopilot_2025th_FZ3B/icar_autopilot_2025th/include/utils/params.hpp,params.hpp,.hpp,6604,f356a1f99c184c55e149e8c2beef74dc9ac666f2f55c505d73ef4d60f24edfdc,2026-07-15T23:09:28.063148+08:00,false,false,true,false,false,false,true,2025th,
examples/开源工程/extracted/icar_autopilot_2025th_FZ3B/icar_autopilot_2025th/include/utils/show.hpp,show.hpp,.hpp,4543,039264becc595ee06456a70757ecd6d9e5b4315c16b9afa41005e3b9826d5ab5,2026-07-15T23:09:28.063655+08:00,false,false,true,false,false,false,true,2025th,
examples/开源工程/extracted/icar_autopilot_2025th_FZ3B/icar_autopilot_2025th/include/utils/tools.hpp,tools.hpp,.hpp,11654,916297ef2005505c461ea1d6d6a38c888a5c8b1a72493088ab895a13a500bfc6,2026-07-15T23:09:28.065080+08:00,false,false,true,false,false,false,true,2025th,
examples/开源工程/extracted/icar_autopilot_2025th_FZ3B/icar_autopilot_2025th/res/calibration/assessment.txt,assessment.txt,.txt,19911,bfd800a22ab4c9442ed2b3c16cf757a84dc9e3ccd520cff94dd00c6f5295a1c0,2026-07-15T23:09:28.067563+08:00,false,true,false,false,false,false,true,2025th,
examples/开源工程/extracted/icar_autopilot_2025th_FZ3B/icar_autopilot_2025th/res/calibration/calibration.xml,calibration.xml,.xml,533,de95e141fb39deff0a7ee83c848938d12f3053dd985b59b00378ca22235b92c3,2026-07-15T23:09:28.069565+08:00,false,false,true,false,false,false,true,2025th,
examples/开源工程/extracted/icar_autopilot_2025th_FZ3B/icar_autopilot_2025th/res/calibration/checkerboard.png,checkerboard.png,.png,222858,8300ad8f0df6c0be9fa3298ec58bcfc481510ee17cc1a75ed93d04b3b2f8fd58,2026-07-15T23:09:28.071080+08:00,false,false,false,false,false,false,true,2025th,
examples/开源工程/extracted/icar_autopilot_2025th_FZ3B/icar_autopilot_2025th/res/calibration/corners/1.jpg,1.jpg,.jpg,46598,252f37dd8678db9b12b3f4881558e664982cf739bf9035924ad874bdb4152fab,2026-07-15T23:09:28.072079+08:00,false,false,false,false,false,false,true,2025th,
examples/开源工程/extracted/icar_autopilot_2025th_FZ3B/icar_autopilot_2025th/res/calibration/corners/10.jpg,10.jpg,.jpg,53621,94477bb9f0014a7172afc3fd8a6e7a89b82bb011b878998d432de61f56110dc7,2026-07-15T23:09:28.074084+08:00,false,false,false,false,false,false,true,2025th,
examples/开源工程/extracted/icar_autopilot_2025th_FZ3B/icar_autopilot_2025th/res/calibration/corners/11.jpg,11.jpg,.jpg,51727,3ee8043d8d9c26267b2c123aaedc92eb84eac14151c32473793b4ba110a9dc02,2026-07-15T23:09:28.075107+08:00,false,false,false,false,false,false,true,2025th,
examples/开源工程/extracted/icar_autopilot_2025th_FZ3B/icar_autopilot_2025th/res/calibration/corners/13.jpg,13.jpg,.jpg,47371,17a1512a62541764aba735b43d6ee115373774b1474ad425e37ec05f7bce405d,2026-07-15T23:09:28.076467+08:00,false,false,false,false,false,false,true,2025th,
examples/开源工程/extracted/icar_autopilot_2025th_FZ3B/icar_autopilot_2025th/res/calibration/corners/14.jpg,14.jpg,.jpg,47054,22ca883fa75716bd2ac7a8c5b50332bb892762bd1a9060c03456a3920857c27d,2026-07-15T23:09:28.077481+08:00,false,false,false,false,false,false,true,2025th,
examples/开源工程/extracted/icar_autopilot_2025th_FZ3B/icar_autopilot_2025th/res/calibration/corners/21.jpg,21.jpg,.jpg,45433,cb6a7fb7e6ac57b4271366b475262bdae1590803733156de1dd5f16596d10969,2026-07-15T23:09:28.078479+08:00,false,false,false,false,false,false,true,2025th,
examples/开源工程/extracted/icar_autopilot_2025th_FZ3B/icar_autopilot_2025th/res/calibration/corners/22.jpg,22.jpg,.jpg,45941,817c6710f758412ce3a6f58385c69fb2755e621127ab93db34a21b5c1f0b9f7c,2026-07-15T23:09:28.081127+08:00,false,false,false,false,false,false,true,2025th,
examples/开源工程/extracted/icar_autopilot_2025th_FZ3B/icar_autopilot_2025th/res/calibration/corners/23.jpg,23.jpg,.jpg,46617,f566f71e83e86a078d37361c7fc325578ae2ed06c0addc71e96f779783b013f5,2026-07-15T23:09:28.082127+08:00,false,false,false,false,false,false,true,2025th,
examples/开源工程/extracted/icar_autopilot_2025th_FZ3B/icar_autopilot_2025th/res/calibration/corners/24.jpg,24.jpg,.jpg,47639,533d0b11e741c145897c27d9ebcf392aa677d9f5a87e07ec6c3d2304d337dd18,2026-07-15T23:09:28.084331+08:00,false,false,false,false,false,false,true,2025th,
examples/开源工程/extracted/icar_autopilot_2025th_FZ3B/icar_autopilot_2025th/res/calibration/corners/25.jpg,25.jpg,.jpg,50792,84f0d6c012c0fc2e54041f89c2a741a2e642bea9bef272385ea4ed290b1ce169,2026-07-15T23:09:28.085330+08:00,false,false,false,false,false,false,true,2025th,
examples/开源工程/extracted/icar_autopilot_2025th_FZ3B/icar_autopilot_2025th/res/calibration/corners/27.jpg,27.jpg,.jpg,50131,93ba0c39716fb98eac950863670edf4faa1f7e1f3954b9f42868e0edbbaef7d5,2026-07-15T23:09:28.087331+08:00,false,false,false,false,false,false,true,2025th,
examples/开源工程/extracted/icar_autopilot_2025th_FZ3B/icar_autopilot_2025th/res/calibration/corners/28.jpg,28.jpg,.jpg,49365,c9547e601612c6846dd9eecbf316709f1b56e15e23cd014fdd746ac519138687,2026-07-15T23:09:28.088331+08:00,false,false,false,false,false,false,true,2025th,
examples/开源工程/extracted/icar_autopilot_2025th_FZ3B/icar_autopilot_2025th/res/calibration/corners/29.jpg,29.jpg,.jpg,48067,2aface632b237bf5bba7b6a1e6143e1a069469593a5dce5a5840d7a270069bd2,2026-07-15T23:09:28.089332+08:00,false,false,false,false,false,false,true,2025th,
examples/开源工程/extracted/icar_autopilot_2025th_FZ3B/icar_autopilot_2025th/res/calibration/corners/3.jpg,3.jpg,.jpg,50114,c99d818630934e23627d5f4a49862471c0f0b5885fc3a3a6f2f563b7b9f5218c,2026-07-15T23:09:28.090835+08:00,false,false,false,false,false,false,true,2025th,
examples/开源工程/extracted/icar_autopilot_2025th_FZ3B/icar_autopilot_2025th/res/calibration/corners/30.jpg,30.jpg,.jpg,46632,6fcacef785b65dce65ffa012186717532134e5824a918bb2efaad1ab5df9d1fb,2026-07-15T23:09:28.091844+08:00,false,false,false,false,false,false,true,2025th,
examples/开源工程/extracted/icar_autopilot_2025th_FZ3B/icar_autopilot_2025th/res/calibration/corners/38.jpg,38.jpg,.jpg,46035,7dd9ed9bb1211c179d7ce073671ad543d934d996435bda91ffa23a6ee75e449d,2026-07-15T23:09:28.092846+08:00,false,false,false,false,false,false,true,2025th,
examples/开源工程/extracted/icar_autopilot_2025th_FZ3B/icar_autopilot_2025th/res/calibration/corners/39.jpg,39.jpg,.jpg,46776,b103b050a0906f75ca30b381cf052deb7e6744b7041aa6db513d18aae492d9ce,2026-07-15T23:09:28.093843+08:00,false,false,false,false,false,false,true,2025th,
examples/开源工程/extracted/icar_autopilot_2025th_FZ3B/icar_autopilot_2025th/res/calibration/corners/4.jpg,4.jpg,.jpg,46896,a7be0cd4a5d109099c84a9f8e4c2a9910c237fdfdb940c1cf5c37fc7441bf747,2026-07-15T23:09:28.094843+08:00,false,false,false,false,false,false,true,2025th,
examples/开源工程/extracted/icar_autopilot_2025th_FZ3B/icar_autopilot_2025th/res/calibration/corners/40.jpg,40.jpg,.jpg,47499,114f72904c80c8eec8ff3873c853ec4756dc67c6b5573d0f31415bdb5ce9ff4e,2026-07-15T23:09:28.097317+08:00,false,false,false,false,false,false,true,2025th,
examples/开源工程/extracted/icar_autopilot_2025th_FZ3B/icar_autopilot_2025th/res/calibration/corners/42.jpg,42.jpg,.jpg,52921,244ad89f10d377912f8fc6fe5bc13f154587b0f335c98ba90415b3401024c271,2026-07-15T23:09:28.098325+08:00,false,false,false,false,false,false,true,2025th,
examples/开源工程/extracted/icar_autopilot_2025th_FZ3B/icar_autopilot_2025th/res/calibration/corners/43.jpg,43.jpg,.jpg,51594,91487d2b4a4883e53c17c0ca516c61580c1e3d6f79a7985fd7e5b85d4da5553d,2026-07-15T23:09:28.099324+08:00,false,false,false,false,false,false,true,2025th,
examples/开源工程/extracted/icar_autopilot_2025th_FZ3B/icar_autopilot_2025th/res/calibration/corners/44.jpg,44.jpg,.jpg,50989,2e5e3f5f5b99bd934fd05e524292c2ccdaf524051b4bcbaae09d7dfd3f25d7db,2026-07-15T23:09:28.100829+08:00,false,false,false,false,false,false,true,2025th,
examples/开源工程/extracted/icar_autopilot_2025th_FZ3B/icar_autopilot_2025th/res/calibration/corners/5.jpg,5.jpg,.jpg,48190,f199ef434beabc1ef58cf4d21da08eb21530bd4f487cadd329da26936a793b0e,2026-07-15T23:09:28.103841+08:00,false,false,false,false,false,false,true,2025th,
examples/开源工程/extracted/icar_autopilot_2025th_FZ3B/icar_autopilot_2025th/res/calibration/corners/50.jpg,50.jpg,.jpg,48507,10045b2d4e90b8d83f525ce26d6b95e80c0e4c19c2df9964e6f80ea2f973186d,2026-07-15T23:09:28.104836+08:00,false,false,false,false,false,false,true,2025th,
examples/开源工程/extracted/icar_autopilot_2025th_FZ3B/icar_autopilot_2025th/res/calibration/corners/51.jpg,51.jpg,.jpg,50500,8244f6cb0615588c2bb6468619ad24e912845774e4dcd8336e904764ebae3443,2026-07-15T23:09:28.105836+08:00,false,false,false,false,false,false,true,2025th,
examples/开源工程/extracted/icar_autopilot_2025th_FZ3B/icar_autopilot_2025th/res/calibration/corners/53.jpg,53.jpg,.jpg,49419,af0572783ca33c202605d6bdbaccf838d3ac285f0db1905f8752094572dd5481,2026-07-15T23:09:28.107176+08:00,false,false,false,false,false,false,true,2025th,
examples/开源工程/extracted/icar_autopilot_2025th_FZ3B/icar_autopilot_2025th/res/calibration/corners/54.jpg,54.jpg,.jpg,48745,31854cd0eeb6dd6f92c328b9b8da11a30fc84322c17fa944be1a858ed3026070,2026-07-15T23:09:28.108188+08:00,false,false,false,false,false,false,true,2025th,
examples/开源工程/extracted/icar_autopilot_2025th_FZ3B/icar_autopilot_2025th/res/calibration/corners/55.jpg,55.jpg,.jpg,48050,573340d8e1673314f67e22c449342ee34775086e8564e1cacc034b754b2d8d87,2026-07-15T23:09:28.109189+08:00,false,false,false,false,false,false,true,2025th,
examples/开源工程/extracted/icar_autopilot_2025th_FZ3B/icar_autopilot_2025th/res/calibration/corners/56.jpg,56.jpg,.jpg,47560,7b07712bfcda4c7b76f6aed9a8d130503bb057d9bac7b38a1e078e67b9f7ac7e,2026-07-15T23:09:28.110189+08:00,false,false,false,false,false,false,true,2025th,
examples/开源工程/extracted/icar_autopilot_2025th_FZ3B/icar_autopilot_2025th/res/calibration/corners/57.jpg,57.jpg,.jpg,46946,515b1a16257e96abfb50f4bdef3b78c702ea275bee8e8f74e5a3f0b176cc3046,2026-07-15T23:09:28.111695+08:00,false,false,false,false,false,false,true,2025th,
examples/开源工程/extracted/icar_autopilot_2025th_FZ3B/icar_autopilot_2025th/res/calibration/corners/58.jpg,58.jpg,.jpg,46670,d271dfba173e610a039e555308513c66c3f99c834cb87f5a9af91e5be7857b60,2026-07-15T23:09:28.112702+08:00,false,false,false,false,false,false,true,2025th,
examples/开源工程/extracted/icar_autopilot_2025th_FZ3B/icar_autopilot_2025th/res/calibration/corners/59.jpg,59.jpg,.jpg,46190,b47e4b28bcf36d7108bd9ace827cf9cf2632a6324b58e06e4c9a6947eaa2aa24,2026-07-15T23:09:28.113703+08:00,false,false,false,false,false,false,true,2025th,
examples/开源工程/extracted/icar_autopilot_2025th_FZ3B/icar_autopilot_2025th/res/calibration/corners/6.jpg,6.jpg,.jpg,50729,0bc159590a638572624eb240092cef8d26d88b6a69f125ad28324113ea44405d,2026-07-15T23:09:28.115704+08:00,false,false,false,false,false,false,true,2025th,
examples/开源工程/extracted/icar_autopilot_2025th_FZ3B/icar_autopilot_2025th/res/calibration/corners/7.jpg,7.jpg,.jpg,55259,6b97d5197b0d3542bf5702fb4fcba9000142000401c91756112a8edff83376a4,2026-07-15T23:09:28.116702+08:00,false,false,false,false,false,false,true,2025th,
examples/开源工程/extracted/icar_autopilot_2025th_FZ3B/icar_autopilot_2025th/res/calibration/corners/77.jpg,77.jpg,.jpg,44322,767282e357c6bdb198553984e6ff5f0a15c6cf7d12e8da15778cc5917f0ded5d,2026-07-15T23:09:28.117976+08:00,false,false,false,false,false,false,true,2025th,
examples/开源工程/extracted/icar_autopilot_2025th_FZ3B/icar_autopilot_2025th/res/calibration/corners/78.jpg,78.jpg,.jpg,45557,70fffd1b1421d3761f782896e5b67f498b7c5bdeacccca95c2aa1d9768e780bc,2026-07-15T23:09:28.118989+08:00,false,false,false,false,false,false,true,2025th,
examples/开源工程/extracted/icar_autopilot_2025th_FZ3B/icar_autopilot_2025th/res/calibration/corners/8.jpg,8.jpg,.jpg,52529,e6c5e4ae14730b4b556346a8a65b2b304e1bb825c8efaa6cd91f381606f99d00,2026-07-15T23:09:28.119988+08:00,false,false,false,false,false,false,true,2025th,
examples/开源工程/extracted/icar_autopilot_2025th_FZ3B/icar_autopilot_2025th/res/calibration/corners/80.jpg,80.jpg,.jpg,47633,c3eccc3ef251d8e556fcbb8284fcd5444ddd32da4268733938e02b516e2ad77b,2026-07-15T23:09:28.121495+08:00,false,false,false,false,false,false,true,2025th,
examples/开源工程/extracted/icar_autopilot_2025th_FZ3B/icar_autopilot_2025th/res/calibration/corners/81.jpg,81.jpg,.jpg,48459,aed620a3e35f68d1fa2d925a48380c3156e640c7f25c4eebb1cb0eed6f0920d5,2026-07-15T23:09:28.122504+08:00,false,false,false,false,false,false,true,2025th,
examples/开源工程/extracted/icar_autopilot_2025th_FZ3B/icar_autopilot_2025th/res/calibration/corners/82.jpg,82.jpg,.jpg,48092,7e5da205bc41356fd6e919a9f6bb84e4864b42e6221bc3708e46937e237ee7d5,2026-07-15T23:09:28.123502+08:00,false,false,false,false,false,false,true,2025th,
examples/开源工程/extracted/icar_autopilot_2025th_FZ3B/icar_autopilot_2025th/res/calibration/corners/83.jpg,83.jpg,.jpg,47750,e54a24b3bc533f140b8a488b02f3536aba14bd939dfbdc344de9bc6a1eee0c77,2026-07-15T23:09:28.124505+08:00,false,false,false,false,false,false,true,2025th,
examples/开源工程/extracted/icar_autopilot_2025th_FZ3B/icar_autopilot_2025th/res/calibration/corners/84.jpg,84.jpg,.jpg,45059,e4a53bcbbd2b66e05080c61a16a8024fa4ea520c807f133efbadf4a7dfcfc98f,2026-07-15T23:09:28.130527+08:00,false,false,false,false,false,false,true,2025th,
examples/开源工程/extracted/icar_autopilot_2025th_FZ3B/icar_autopilot_2025th/res/calibration/corners/9.jpg,9.jpg,.jpg,52323,662d706765df19ffd578a70020233d457a7fc36186ceb4046299d0b4a968c25a,2026-07-15T23:09:28.132035+08:00,false,false,false,false,false,false,true,2025th,
examples/开源工程/extracted/icar_autopilot_2025th_FZ3B/icar_autopilot_2025th/res/calibration/correct/1.jpg,1.jpg,.jpg,37466,f58532b1ec30d511cf486d69c9fb66a524e1ad9165f9daf9e23aefb6711a4699,2026-07-15T23:09:28.133046+08:00,false,false,false,false,false,false,true,2025th,
examples/开源工程/extracted/icar_autopilot_2025th_FZ3B/icar_autopilot_2025th/res/calibration/correct/10.jpg,10.jpg,.jpg,40498,a6936b3cf8ddea76b467b7e413b2fb5849aeb48915bd24860b3088ef80694940,2026-07-15T23:09:28.134043+08:00,false,false,false,false,false,false,true,2025th,
examples/开源工程/extracted/icar_autopilot_2025th_FZ3B/icar_autopilot_2025th/res/calibration/correct/11.jpg,11.jpg,.jpg,39754,1c95885b8122f4769ec92283a3a51d4ee57e32ceae386cb8e393fb4e4f424746,2026-07-15T23:09:28.135044+08:00,false,false,false,false,false,false,true,2025th,
examples/开源工程/extracted/icar_autopilot_2025th_FZ3B/icar_autopilot_2025th/res/calibration/correct/13.jpg,13.jpg,.jpg,36818,c92623016aeedd8e58a7e72c25f4ddfc1817fad33b9384707ccbf6bd3f0fb70a,2026-07-15T23:09:28.136044+08:00,false,false,false,false,false,false,true,2025th,
examples/开源工程/extracted/icar_autopilot_2025th_FZ3B/icar_autopilot_2025th/res/calibration/correct/14.jpg,14.jpg,.jpg,37632,11983d3ce3e9410c09adc085b2e7741e8d437513c5e1931dd2c0e79b5f990fc5,2026-07-15T23:09:28.137043+08:00,false,false,false,false,false,false,true,2025th,
examples/开源工程/extracted/icar_autopilot_2025th_FZ3B/icar_autopilot_2025th/res/calibration/correct/21.jpg,21.jpg,.jpg,36754,12cbb49e28d70a30d0ac3c3e55890e3601eac1b7b588081509699f2092d86882,2026-07-15T23:09:28.138043+08:00,false,false,false,false,false,false,true,2025th,
examples/开源工程/extracted/icar_autopilot_2025th_FZ3B/icar_autopilot_2025th/res/calibration/correct/22.jpg,22.jpg,.jpg,36656,fd02a95fb43f8e416f9eba59048a8fa4e5032e25bcc6bd76ddbf4115e8f12c31,2026-07-15T23:09:28.140378+08:00,false,false,false,false,false,false,true,2025th,
examples/开源工程/extracted/icar_autopilot_2025th_FZ3B/icar_autopilot_2025th/res/calibration/correct/23.jpg,23.jpg,.jpg,36417,ceae071419db30f736f29441ac9eef806453d19752bd2de19adaf186ec1467db,2026-07-15T23:09:28.141553+08:00,false,false,false,false,false,false,true,2025th,
examples/开源工程/extracted/icar_autopilot_2025th_FZ3B/icar_autopilot_2025th/res/calibration/correct/24.jpg,24.jpg,.jpg,36912,fcf681842e439b3359f158646e0c314eb2485f8fe8276d7a0c30a5e87d4107ae,2026-07-15T23:09:28.142562+08:00,false,false,false,false,false,false,true,2025th,
examples/开源工程/extracted/icar_autopilot_2025th_FZ3B/icar_autopilot_2025th/res/calibration/correct/25.jpg,25.jpg,.jpg,40621,3b9f145ed26b298327a350ec05011d4505bbe0530a3cb0be3beb2b49ed3788bf,2026-07-15T23:09:28.144759+08:00,false,false,false,false,false,false,true,2025th,
examples/开源工程/extracted/icar_autopilot_2025th_FZ3B/icar_autopilot_2025th/res/calibration/correct/27.jpg,27.jpg,.jpg,38714,adfb334072d43f92d040ecedc54e0d0420a718db17d7ea73ff0f208e7d259faf,2026-07-15T23:09:28.146267+08:00,false,false,false,false,false,false,true,2025th,
examples/开源工程/extracted/icar_autopilot_2025th_FZ3B/icar_autopilot_2025th/res/calibration/correct/28.jpg,28.jpg,.jpg,38610,146603da1b0ba80a83a0a98111f35bc3d6f69575976accaf8d402289dafb32e1,2026-07-15T23:09:28.147696+08:00,false,false,false,false,false,false,true,2025th,
examples/开源工程/extracted/icar_autopilot_2025th_FZ3B/icar_autopilot_2025th/res/calibration/correct/29.jpg,29.jpg,.jpg,39695,d7e53f4df18c2f002178287cf7ecd838c33dfc999b74e59b1fb6b120ed1a6652,2026-07-15T23:09:28.149094+08:00,false,false,false,false,false,false,true,2025th,
examples/开源工程/extracted/icar_autopilot_2025th_FZ3B/icar_autopilot_2025th/res/calibration/correct/3.jpg,3.jpg,.jpg,40242,a6e309033927a49b194f8e6ae619bdc9d7ac5b5436f8d66b40e59bc9673214fd,2026-07-15T23:09:28.150440+08:00,false,false,false,false,false,false,true,2025th,
examples/开源工程/extracted/icar_autopilot_2025th_FZ3B/icar_autopilot_2025th/res/calibration/correct/30.jpg,30.jpg,.jpg,38074,8d2843bc8449c9649f9759db940059b8ba13ea8517cda9d7abcb461286d3975e,2026-07-15T23:09:28.151723+08:00,false,false,false,false,false,false,true,2025th,
examples/开源工程/extracted/icar_autopilot_2025th_FZ3B/icar_autopilot_2025th/res/calibration/correct/38.jpg,38.jpg,.jpg,37300,208608cd6c4adf728a739d33380248fac8c9fcbf27cfd72abf1586e45a843cfb,2026-07-15T23:09:28.153141+08:00,false,false,false,false,false,false,true,2025th,
examples/开源工程/extracted/icar_autopilot_2025th_FZ3B/icar_autopilot_2025th/res/calibration/correct/39.jpg,39.jpg,.jpg,37516,e49ef151e80f45db6931be136ba90106f94396f06a0856e878b76a444652915e,2026-07-15T23:09:28.154150+08:00,false,false,false,false,false,false,true,2025th,
examples/开源工程/extracted/icar_autopilot_2025th_FZ3B/icar_autopilot_2025th/res/calibration/correct/4.jpg,4.jpg,.jpg,37608,07247865cce20a6796b7af15cbc52d118e5d954a5184ac2d8392f9deaed9a05b,2026-07-15T23:09:28.155152+08:00,false,false,false,false,false,false,true,2025th,
examples/开源工程/extracted/icar_autopilot_2025th_FZ3B/icar_autopilot_2025th/res/calibration/correct/40.jpg,40.jpg,.jpg,37435,83516959738619b6a8c7520c3e94a98c0cb370b0c9d6d11552d124cef5b960e7,2026-07-15T23:09:28.156615+08:00,false,false,false,false,false,false,true,2025th,
examples/开源工程/extracted/icar_autopilot_2025th_FZ3B/icar_autopilot_2025th/res/calibration/correct/42.jpg,42.jpg,.jpg,39483,0d64ca842449137f3311786ed9f44649d833be9740c2bf2c4260bab037daecb7,2026-07-15T23:09:28.157709+08:00,false,false,false,false,false,false,true,2025th,
examples/开源工程/extracted/icar_autopilot_2025th_FZ3B/icar_autopilot_2025th/res/calibration/correct/43.jpg,43.jpg,.jpg,39784,2077ad742ff823dd923aeed656ca5abcdfa46fa7d95f52c74da109049f161afc,2026-07-15T23:09:28.158716+08:00,false,false,false,false,false,false,true,2025th,
examples/开源工程/extracted/icar_autopilot_2025th_FZ3B/icar_autopilot_2025th/res/calibration/correct/44.jpg,44.jpg,.jpg,40777,9984f4c363c031f116e2834552d1e7669190f7bbac2495d2d7b4d471c9610a38,2026-07-15T23:09:28.160325+08:00,false,false,false,false,false,false,true,2025th,
examples/开源工程/extracted/icar_autopilot_2025th_FZ3B/icar_autopilot_2025th/res/calibration/correct/5.jpg,5.jpg,.jpg,37109,7c941e8068a2544280b736be82f304e55d08f263120fcdc49261612fde7703fd,2026-07-15T23:09:28.161831+08:00,false,false,false,false,false,false,true,2025th,
examples/开源工程/extracted/icar_autopilot_2025th_FZ3B/icar_autopilot_2025th/res/calibration/correct/50.jpg,50.jpg,.jpg,39918,b011ad9cf315b94fd9dc7356fc47367de9b8900b656de653c0bc79505f3ec2e4,2026-07-15T23:09:28.162839+08:00,false,false,false,false,false,false,true,2025th,
examples/开源工程/extracted/icar_autopilot_2025th_FZ3B/icar_autopilot_2025th/res/calibration/correct/51.jpg,51.jpg,.jpg,40741,5b2f6a4bad7fdc1d4669dceda6f8e1da8ec780759160ab2c287a9b40b4bf3030,2026-07-15T23:09:28.163838+08:00,false,false,false,false,false,false,true,2025th,
examples/开源工程/extracted/icar_autopilot_2025th_FZ3B/icar_autopilot_2025th/res/calibration/correct/53.jpg,53.jpg,.jpg,39585,57021810de8d85179c388f549f7ed559451d751a9f5c91e9b7b51b60f4df6b24,2026-07-15T23:09:28.164839+08:00,false,false,false,false,false,false,true,2025th,
examples/开源工程/extracted/icar_autopilot_2025th_FZ3B/icar_autopilot_2025th/res/calibration/correct/54.jpg,54.jpg,.jpg,38695,74215cea35883567b9f980aeb3c7202a147a7d7dd61c1a8256d03ef964bee133,2026-07-15T23:09:28.165839+08:00,false,false,false,false,false,false,true,2025th,
examples/开源工程/extracted/icar_autopilot_2025th_FZ3B/icar_autopilot_2025th/res/calibration/correct/55.jpg,55.jpg,.jpg,38267,6a0c0baee2f123d433aad4c826c8857576e9a0772487da21c1a14ca24939d947,2026-07-15T23:09:28.167039+08:00,false,false,false,false,false,false,true,2025th,
examples/开源工程/extracted/icar_autopilot_2025th_FZ3B/icar_autopilot_2025th/res/calibration/correct/56.jpg,56.jpg,.jpg,37700,e4f4d5169ec2b4588ed23b67d8733d60b12ad73fdf6efba01bd12da8cd2b5b3f,2026-07-15T23:09:28.169197+08:00,false,false,false,false,false,false,true,2025th,
examples/开源工程/extracted/icar_autopilot_2025th_FZ3B/icar_autopilot_2025th/res/calibration/correct/57.jpg,57.jpg,.jpg,37358,c433e97480ee1bcb70840540d93d28fb5086e6ac88b13bfd762ee4b8f9b5cc74,2026-07-15T23:09:28.169197+08:00,false,false,false,false,false,false,true,2025th,
examples/开源工程/extracted/icar_autopilot_2025th_FZ3B/icar_autopilot_2025th/res/calibration/correct/58.jpg,58.jpg,.jpg,37197,bd7b378f3f5e66332ee79f1c3a07223355511c8e42dc63e187aadceba9f9efa3,2026-07-15T23:09:28.170545+08:00,false,false,false,false,false,false,true,2025th,
examples/开源工程/extracted/icar_autopilot_2025th_FZ3B/icar_autopilot_2025th/res/calibration/correct/59.jpg,59.jpg,.jpg,36729,80693a9190a21ac8a6349fba807cd8a7236e5fe31c3e4e7fc207ff52b69d646b,2026-07-15T23:09:28.172057+08:00,false,false,false,false,false,false,true,2025th,
examples/开源工程/extracted/icar_autopilot_2025th_FZ3B/icar_autopilot_2025th/res/calibration/correct/6.jpg,6.jpg,.jpg,39059,716f8ec8a24b94b11b9d20b4af4b8072a4281fda76dacaeea0b98764f725ba3d,2026-07-15T23:09:28.173246+08:00,false,false,false,false,false,false,true,2025th,
examples/开源工程/extracted/icar_autopilot_2025th_FZ3B/icar_autopilot_2025th/res/calibration/correct/7.jpg,7.jpg,.jpg,38081,140f2c426fe3a7740bb847fc82d05f7c9524578f2b57becbad3d59119d2a842d,2026-07-15T23:09:28.174256+08:00,false,false,false,false,false,false,true,2025th,
examples/开源工程/extracted/icar_autopilot_2025th_FZ3B/icar_autopilot_2025th/res/calibration/correct/77.jpg,77.jpg,.jpg,37062,59562998f931709f96786d5c5f2c8e4b8ffa31c4eb829a689f84183a02aabdf5,2026-07-15T23:09:28.176254+08:00,false,false,false,false,false,false,true,2025th,
examples/开源工程/extracted/icar_autopilot_2025th_FZ3B/icar_autopilot_2025th/res/calibration/correct/78.jpg,78.jpg,.jpg,38109,7f61b8a9fab70741d00ebfe7bd67d87d98e6e909c523c4c3e91c36a286520ea9,2026-07-15T23:09:28.177253+08:00,false,false,false,false,false,false,true,2025th,
examples/开源工程/extracted/icar_autopilot_2025th_FZ3B/icar_autopilot_2025th/res/calibration/correct/8.jpg,8.jpg,.jpg,37291,98a49cba9dcef902b0ddf3a9f81909e576e798e8b7f7e83789da23f52b7d0921,2026-07-15T23:09:28.178253+08:00,false,false,false,false,false,false,true,2025th,
examples/开源工程/extracted/icar_autopilot_2025th_FZ3B/icar_autopilot_2025th/res/calibration/correct/80.jpg,80.jpg,.jpg,39578,31ea257e2089c3ef58f78680d0aea7a589a6b84c0b05ca399022903b4791bd5f,2026-07-15T23:09:28.179252+08:00,false,false,false,false,false,false,true,2025th,
examples/开源工程/extracted/icar_autopilot_2025th_FZ3B/icar_autopilot_2025th/res/calibration/correct/81.jpg,81.jpg,.jpg,39968,40ccc9885502c17911f977ff352fadaf83adf5b4f1839e63c2172001e75a3004,2026-07-15T23:09:28.180259+08:00,false,false,false,false,false,false,true,2025th,
examples/开源工程/extracted/icar_autopilot_2025th_FZ3B/icar_autopilot_2025th/res/calibration/correct/82.jpg,82.jpg,.jpg,38671,62eb9fc2a1942ac9818f7ebad9b1fbcb25d87e4f54461d6ae52ddc6557b1b444,2026-07-15T23:09:28.182256+08:00,false,false,false,false,false,false,true,2025th,
examples/开源工程/extracted/icar_autopilot_2025th_FZ3B/icar_autopilot_2025th/res/calibration/correct/83.jpg,83.jpg,.jpg,38462,e001ead7919ea161c606d73cb55f73c362839bd4cfbc01df8a4afa2a8fa12fd1,2026-07-15T23:09:28.182765+08:00,false,false,false,false,false,false,true,2025th,
examples/开源工程/extracted/icar_autopilot_2025th_FZ3B/icar_autopilot_2025th/res/calibration/correct/84.jpg,84.jpg,.jpg,36891,dc35577ff82be2cb7f6a0d0fcdb8d35ff1ed38a62e2d6cdb91b30fa29dc24b87,2026-07-15T23:09:28.185774+08:00,false,false,false,false,false,false,true,2025th,
examples/开源工程/extracted/icar_autopilot_2025th_FZ3B/icar_autopilot_2025th/res/calibration/correct/9.jpg,9.jpg,.jpg,37183,f525deacadb565ea9ad5e0baddf95ba79c5d8ce5a523d6181897626c6eab711c,2026-07-15T23:09:28.186964+08:00,false,false,false,false,false,false,true,2025th,
examples/开源工程/extracted/icar_autopilot_2025th_FZ3B/icar_autopilot_2025th/res/calibration/temp/1.jpg,1.jpg,.jpg,44216,9df86d2a274afaf5369679e9782b5f6799894186eaebdaeecad615f6f241ab18,2026-07-15T23:09:28.188200+08:00,false,false,false,false,false,false,true,2025th,
examples/开源工程/extracted/icar_autopilot_2025th_FZ3B/icar_autopilot_2025th/res/calibration/temp/10.jpg,10.jpg,.jpg,48257,1bd269fab0e636a8919390719ddbb74488c1c6c5fec493b8727498f09f303a98,2026-07-15T23:09:28.189236+08:00,false,false,false,false,false,false,true,2025th,
examples/开源工程/extracted/icar_autopilot_2025th_FZ3B/icar_autopilot_2025th/res/calibration/temp/11.jpg,11.jpg,.jpg,47936,94abc34496aaaf4b4e1af0626b76a44301abd0c5bfbc72f473a1f1568486265e,2026-07-15T23:09:28.190236+08:00,false,false,false,false,false,false,true,2025th,
examples/开源工程/extracted/icar_autopilot_2025th_FZ3B/icar_autopilot_2025th/res/calibration/temp/13.jpg,13.jpg,.jpg,43797,cd31e37208c651ee19fc50b0418facb3f5fbb376ea7c9ba3f86eca00b703d7bd,2026-07-15T23:09:28.192302+08:00,false,false,false,false,false,false,true,2025th,
examples/开源工程/extracted/icar_autopilot_2025th_FZ3B/icar_autopilot_2025th/res/calibration/temp/14.jpg,14.jpg,.jpg,45287,9d6640c1d42d94d256dabc008595acd78a5998978859a7fc8c8316dd83a01e5d,2026-07-15T23:09:28.193331+08:00,false,false,false,false,false,false,true,2025th,
examples/开源工程/extracted/icar_autopilot_2025th_FZ3B/icar_autopilot_2025th/res/calibration/temp/21.jpg,21.jpg,.jpg,43496,16202b59c2751aa370f4b85b87740071b93c966cd217599daa6d83437bd3926a,2026-07-15T23:09:28.193331+08:00,false,false,false,false,false,false,true,2025th,
examples/开源工程/extracted/icar_autopilot_2025th_FZ3B/icar_autopilot_2025th/res/calibration/temp/22.jpg,22.jpg,.jpg,43481,ee9d6de1b4868f99bee8b035698cae215f0ee0c6eb9cc9866900340d8179cfcf,2026-07-15T23:09:28.194771+08:00,false,false,false,false,false,false,true,2025th,
examples/开源工程/extracted/icar_autopilot_2025th_FZ3B/icar_autopilot_2025th/res/calibration/temp/23.jpg,23.jpg,.jpg,43500,310316742aa7bc8e778358edcf40772a75fdc7b8f80f6183bdbb4a9090772da5,2026-07-15T23:09:28.196781+08:00,false,false,false,false,false,false,true,2025th,
examples/开源工程/extracted/icar_autopilot_2025th_FZ3B/icar_autopilot_2025th/res/calibration/temp/24.jpg,24.jpg,.jpg,44165,3051e352f71950100480e539f5c7942b5c63e8ef25a9918084ae80ec31530069,2026-07-15T23:09:28.197842+08:00,false,false,false,false,false,false,true,2025th,
examples/开源工程/extracted/icar_autopilot_2025th_FZ3B/icar_autopilot_2025th/res/calibration/temp/25.jpg,25.jpg,.jpg,48184,96c7d07389263ec7d68be89096742ff89ee72a8df32e91956464e8104602228d,2026-07-15T23:09:28.198853+08:00,false,false,false,false,false,false,true,2025th,
examples/开源工程/extracted/icar_autopilot_2025th_FZ3B/icar_autopilot_2025th/res/calibration/temp/27.jpg,27.jpg,.jpg,46938,9a04e64702a88ec1e39d98e7481b1038bf0f7f35c6923ec0df49b380cc8e4e4e,2026-07-15T23:09:28.199853+08:00,false,false,false,false,false,false,true,2025th,
examples/开源工程/extracted/icar_autopilot_2025th_FZ3B/icar_autopilot_2025th/res/calibration/temp/28.jpg,28.jpg,.jpg,46877,0d1f12e0592f8bca9d2a19946f1bdfc633dc50f3d6b035aaacf84714a987d538,2026-07-15T23:09:28.201310+08:00,false,false,false,false,false,false,true,2025th,
examples/开源工程/extracted/icar_autopilot_2025th_FZ3B/icar_autopilot_2025th/res/calibration/temp/29.jpg,29.jpg,.jpg,47241,afcd97c2c5bfc8b91b827ef649addd3af1fb6c2e668957cfc3faaecaaa7fb42f,2026-07-15T23:09:28.202322+08:00,false,false,false,false,false,false,true,2025th,
examples/开源工程/extracted/icar_autopilot_2025th_FZ3B/icar_autopilot_2025th/res/calibration/temp/3.jpg,3.jpg,.jpg,47875,a259a078d72978079577488143b30dc6ccfd3a91a09b24716d65b6b85d91e1a3,2026-07-15T23:09:28.204330+08:00,false,false,false,false,false,false,true,2025th,
examples/开源工程/extracted/icar_autopilot_2025th_FZ3B/icar_autopilot_2025th/res/calibration/temp/30.jpg,30.jpg,.jpg,45849,55e382eae9475dcb328166f7c2b8254c6ec8e227d5d069e77c32035767774b05,2026-07-15T23:09:28.205332+08:00,false,false,false,false,false,false,true,2025th,
examples/开源工程/extracted/icar_autopilot_2025th_FZ3B/icar_autopilot_2025th/res/calibration/temp/38.jpg,38.jpg,.jpg,44586,3529a0bd99d6ac8dd58142017d09a05a6161d038900cd56ae973f60b91cc6ee4,2026-07-15T23:09:28.206333+08:00,false,false,false,false,false,false,true,2025th,
examples/开源工程/extracted/icar_autopilot_2025th_FZ3B/icar_autopilot_2025th/res/calibration/temp/39.jpg,39.jpg,.jpg,44741,80fca90d207c46b494ef22c89cb7853131f2e4eeda2a29a9ef08b4165bea6381,2026-07-15T23:09:28.207335+08:00,false,false,false,false,false,false,true,2025th,
examples/开源工程/extracted/icar_autopilot_2025th_FZ3B/icar_autopilot_2025th/res/calibration/temp/4.jpg,4.jpg,.jpg,44971,243036de7dbc754d3dadb6dfc63d1dcfecb1350383f2a48c96ad91e6c7bb96c4,2026-07-15T23:09:28.208338+08:00,false,false,false,false,false,false,true,2025th,
examples/开源工程/extracted/icar_autopilot_2025th_FZ3B/icar_autopilot_2025th/res/calibration/temp/40.jpg,40.jpg,.jpg,44748,b3e92df958a9fda21aa474d695befc246e37ec5e89cf12659acc464a5c7e0a9c,2026-07-15T23:09:28.209335+08:00,false,false,false,false,false,false,true,2025th,
examples/开源工程/extracted/icar_autopilot_2025th_FZ3B/icar_autopilot_2025th/res/calibration/temp/42.jpg,42.jpg,.jpg,45960,fca7b54650fba8b083773e94b81af4ca3d4877a3bca32581f34f65ad1a6176ac,2026-07-15T23:09:28.210332+08:00,false,false,false,false,false,false,true,2025th,
examples/开源工程/extracted/icar_autopilot_2025th_FZ3B/icar_autopilot_2025th/res/calibration/temp/43.jpg,43.jpg,.jpg,47665,f7dcaeb3ab70820c1bc59eeee07581adeba81c8c305be0bf8ba4df7555673efc,2026-07-15T23:09:28.211333+08:00,false,false,false,false,false,false,true,2025th,
examples/开源工程/extracted/icar_autopilot_2025th_FZ3B/icar_autopilot_2025th/res/calibration/temp/44.jpg,44.jpg,.jpg,48197,a0acbd2cc613bc23f262a4e23ef9ec0a4643b1944d85940fb24e3e5ec3df1973,2026-07-15T23:09:28.212842+08:00,false,false,false,false,false,false,true,2025th,
examples/开源工程/extracted/icar_autopilot_2025th_FZ3B/icar_autopilot_2025th/res/calibration/temp/5.jpg,5.jpg,.jpg,44356,1c6a4d31195ef8f89f625cd9e1fa435d275a95a60ed4ddd5ba2b1a03da5756c3,2026-07-15T23:09:28.214853+08:00,false,false,false,false,false,false,true,2025th,
examples/开源工程/extracted/icar_autopilot_2025th_FZ3B/icar_autopilot_2025th/res/calibration/temp/50.jpg,50.jpg,.jpg,46888,8f63b3c2347eeea7f9dd723ee27b803f29f0593d6e76b624d7f62769e3975704,2026-07-15T23:09:28.215854+08:00,false,false,false,false,false,false,true,2025th,
examples/开源工程/extracted/icar_autopilot_2025th_FZ3B/icar_autopilot_2025th/res/calibration/temp/51.jpg,51.jpg,.jpg,47871,f2f10de217d38db085d028564384ee28ebc7cb52e95d33d967b6299a784356d7,2026-07-15T23:09:28.216852+08:00,false,false,false,false,false,false,true,2025th,
examples/开源工程/extracted/icar_autopilot_2025th_FZ3B/icar_autopilot_2025th/res/calibration/temp/53.jpg,53.jpg,.jpg,46650,2afe9a8a94b9831872d3333c9f590b587a80afd3cd368555f6cdef2daa85bf92,2026-07-15T23:09:28.217849+08:00,false,false,false,false,false,false,true,2025th,
examples/开源工程/extracted/icar_autopilot_2025th_FZ3B/icar_autopilot_2025th/res/calibration/temp/54.jpg,54.jpg,.jpg,45788,380d3685d4b5fbbe7ef2f46f41273f4d9c1585a07e2aa63d98801ccfba956cfa,2026-07-15T23:09:28.218850+08:00,false,false,false,false,false,false,true,2025th,
examples/开源工程/extracted/icar_autopilot_2025th_FZ3B/icar_autopilot_2025th/res/calibration/temp/55.jpg,55.jpg,.jpg,45071,f9d22e58d4feb178ccc8fdecd85ed40470c5e33a4cc81c7ae9ba06ab25c23abc,2026-07-15T23:09:28.220849+08:00,false,false,false,false,false,false,true,2025th,
examples/开源工程/extracted/icar_autopilot_2025th_FZ3B/icar_autopilot_2025th/res/calibration/temp/56.jpg,56.jpg,.jpg,44564,2aa8db6bf0325e01ba886d4b221c65ccb79979563527ac1590eeeba6545eea47,2026-07-15T23:09:28.222358+08:00,false,false,false,false,false,false,true,2025th,
examples/开源工程/extracted/icar_autopilot_2025th_FZ3B/icar_autopilot_2025th/res/calibration/temp/57.jpg,57.jpg,.jpg,44114,608f210cbf2bc93972f54c3afb47568f5544be4883b54b8519ee7586a170a1f1,2026-07-15T23:09:28.223370+08:00,false,false,false,false,false,false,true,2025th,
examples/开源工程/extracted/icar_autopilot_2025th_FZ3B/icar_autopilot_2025th/res/calibration/temp/58.jpg,58.jpg,.jpg,43974,cc4cba886427b066f76d7b17ddd3246868f7110610455158b1877032dd6f8096,2026-07-15T23:09:28.224369+08:00,false,false,false,false,false,false,true,2025th,
examples/开源工程/extracted/icar_autopilot_2025th_FZ3B/icar_autopilot_2025th/res/calibration/temp/59.jpg,59.jpg,.jpg,43702,1ec77cddee24468a64960fc20a25942454c3d46a66027c7ee4950a534aac3997,2026-07-15T23:09:28.225369+08:00,false,false,false,false,false,false,true,2025th,
examples/开源工程/extracted/icar_autopilot_2025th_FZ3B/icar_autopilot_2025th/res/calibration/temp/6.jpg,6.jpg,.jpg,46018,c35e8ea49248f7813895d31e2dd8fe40f08866fff5c0caa0598f09c79f1c192c,2026-07-15T23:09:28.226369+08:00,false,false,false,false,false,false,true,2025th,
examples/开源工程/extracted/icar_autopilot_2025th_FZ3B/icar_autopilot_2025th/res/calibration/temp/7.jpg,7.jpg,.jpg,44861,45eaaa7b3e144b4e9b09566dcd3253e2283d4fc657ecaf3afacf259a66faeecf,2026-07-15T23:09:28.227368+08:00,false,false,false,false,false,false,true,2025th,
examples/开源工程/extracted/icar_autopilot_2025th_FZ3B/icar_autopilot_2025th/res/calibration/temp/77.jpg,77.jpg,.jpg,43514,8b0b824bfe40cbb3d47ab0555ba5b63108184629b74ecef06440194a7cd08ace,2026-07-15T23:09:28.228368+08:00,false,false,false,false,false,false,true,2025th,
examples/开源工程/extracted/icar_autopilot_2025th_FZ3B/icar_autopilot_2025th/res/calibration/temp/78.jpg,78.jpg,.jpg,44414,428490cd52434e564b6b83c967a0e6f70c60823cc576d5cd4137c92b41d63f10,2026-07-15T23:09:28.229369+08:00,false,false,false,false,false,false,true,2025th,
examples/开源工程/extracted/icar_autopilot_2025th_FZ3B/icar_autopilot_2025th/res/calibration/temp/8.jpg,8.jpg,.jpg,44549,1c7700784f48ed6c91401b9cd7cb42997c7f2b91db54b1ed3db742d4be968054,2026-07-15T23:09:28.230368+08:00,false,false,false,false,false,false,true,2025th,
examples/开源工程/extracted/icar_autopilot_2025th_FZ3B/icar_autopilot_2025th/res/calibration/temp/80.jpg,80.jpg,.jpg,45718,515db4c9ccd08dd10b57d481b67613c2e7ab16a895b47f845b7927c62e982f27,2026-07-15T23:09:28.231369+08:00,false,false,false,false,false,false,true,2025th,
examples/开源工程/extracted/icar_autopilot_2025th_FZ3B/icar_autopilot_2025th/res/calibration/temp/81.jpg,81.jpg,.jpg,46241,eeebb19ad9412793bf6c6f2bd8c4d8ed7240a8a74dfe1900027f77c23e0880c6,2026-07-15T23:09:28.232872+08:00,false,false,false,false,false,false,true,2025th,
examples/开源工程/extracted/icar_autopilot_2025th_FZ3B/icar_autopilot_2025th/res/calibration/temp/82.jpg,82.jpg,.jpg,44859,5fa3de0b889c3c52b2ada3b1c77e4a3ae9fb278193fc4c29aca2f3fd20f40ac2,2026-07-15T23:09:28.235192+08:00,false,false,false,false,false,false,true,2025th,
examples/开源工程/extracted/icar_autopilot_2025th_FZ3B/icar_autopilot_2025th/res/calibration/temp/83.jpg,83.jpg,.jpg,44845,3c091f3537baac8272407d84b07003a84a2d2400c6d4e191004de5ecf40d3e7d,2026-07-15T23:09:28.236190+08:00,false,false,false,false,false,false,true,2025th,
examples/开源工程/extracted/icar_autopilot_2025th_FZ3B/icar_autopilot_2025th/res/calibration/temp/84.jpg,84.jpg,.jpg,43470,90ece76108b5188987afa3a8a0d9babf64f153d9de5f557e74c7b2b89858dbb9,2026-07-15T23:09:28.241634+08:00,false,false,false,false,false,false,true,2025th,
examples/开源工程/extracted/icar_autopilot_2025th_FZ3B/icar_autopilot_2025th/res/calibration/temp/9.jpg,9.jpg,.jpg,44194,919d14ecee1225fadc3329ae6b57bbc7e068cc2b33e65dab00562d37046352c5,2026-07-15T23:09:28.243114+08:00,false,false,false,false,false,false,true,2025th,
examples/开源工程/extracted/icar_autopilot_2025th_FZ3B/icar_autopilot_2025th/res/calibration/valid/assessment.txt,assessment.txt,.txt,19911,bfd800a22ab4c9442ed2b3c16cf757a84dc9e3ccd520cff94dd00c6f5295a1c0,2026-07-15T23:09:28.245131+08:00,false,true,false,false,false,false,true,2025th,
examples/开源工程/extracted/icar_autopilot_2025th_FZ3B/icar_autopilot_2025th/res/calibration/valid/calibration.xml,calibration.xml,.xml,533,de95e141fb39deff0a7ee83c848938d12f3053dd985b59b00378ca22235b92c3,2026-07-15T23:09:28.246131+08:00,false,false,true,false,false,false,true,2025th,
examples/开源工程/extracted/icar_autopilot_2025th_FZ3B/icar_autopilot_2025th/res/calibration/文件说明.txt,文件说明.txt,.txt,420,dc456fd3c56048f74133a96117e6c560ff2a873c7a290984fb65514234650676,2026-07-15T23:09:28.246638+08:00,false,true,false,false,false,false,true,2025th,
examples/开源工程/extracted/icar_autopilot_2025th_FZ3B/icar_autopilot_2025th/res/config.json,config.json,.json,2411,9ca06c8d6cb509156d33fc1a6495c03baa0a2bdc74e2885524022259a732df6e,2026-07-15T23:09:28.247645+08:00,false,false,true,false,false,false,true,2025th,
examples/开源工程/extracted/icar_autopilot_2025th_FZ3B/icar_autopilot_2025th/res/models/ssd_mobilenet_v1/label_list.txt,label_list.txt,.txt,95,361b82d8b3033386be730314dc5b7641d3ffcb8b1ac55d050cb38d74e512e0d5,2026-07-15T23:09:28.249648+08:00,false,true,false,true,false,false,true,2025th,
examples/开源工程/extracted/icar_autopilot_2025th_FZ3B/icar_autopilot_2025th/res/models/ssd_mobilenet_v1/mobilenet-ssd-model,mobilenet-ssd-model,,303116,a55293c07634ee0137eb2ebaf21979939caf3a883a79b0fbefc00609808d9d69,2026-07-15T23:09:28.251647+08:00,false,false,false,true,false,false,true,2025th,
examples/开源工程/extracted/icar_autopilot_2025th_FZ3B/icar_autopilot_2025th/res/models/ssd_mobilenet_v1/mobilenet-ssd-params,mobilenet-ssd-params,,22998470,2065e2b38e48f3af054d29dd949baa5031f38278ccd69abff5e0f121ba33bdc3,2026-07-15T23:09:28.375632+08:00,false,false,false,true,false,false,true,2025th,
examples/开源工程/extracted/icar_autopilot_2025th_FZ3B/icar_autopilot_2025th/res/samples/corrent/bin.jpg,bin.jpg,.jpg,27178,1f92200bbe396d9595f061f326dfe0f975af4928314ef83bea02a913a6bdc4e6,2026-07-15T23:09:28.378236+08:00,false,false,false,false,false,false,true,2025th,
examples/开源工程/extracted/icar_autopilot_2025th_FZ3B/icar_autopilot_2025th/res/samples/corrent/origin.jpg,origin.jpg,.jpg,33442,74e821261b9033c77498bf4f56443b9de9ecfcae221d4d160ce36470913a3792,2026-07-15T23:09:28.380237+08:00,false,false,false,false,false,false,true,2025th,
examples/开源工程/extracted/icar_autopilot_2025th_FZ3B/icar_autopilot_2025th/res/samples/fine.mp4,fine.mp4,.mp4,2433300,153f1d550ed7c02853ec0e8d92a8b0dc2cadbe85a8984a18274554666a9adeab,2026-07-15T23:09:28.394333+08:00,false,false,false,false,false,false,true,2025th,
examples/开源工程/extracted/icar_autopilot_2025th_FZ3B/icar_autopilot_2025th/res/samples/park.mp4,park.mp4,.mp4,4001876,d2a7623bfcc960d2ab7ac614c8a0c898cacec24ba2e386c606cba36a97cfd11b,2026-07-15T23:09:28.418279+08:00,false,false,false,false,false,false,true,2025th,
examples/开源工程/extracted/icar_autopilot_2025th_FZ3B/icar_autopilot_2025th/res/samples/sample-1.mp4,sample-1.mp4,.mp4,16844347,6acc03d4e8437c65e14719ab6c8f00c5132ae8b704e1e09e16b18fc30b6881ec,2026-07-15T23:09:28.506527+08:00,false,false,false,false,false,false,true,2025th,
examples/开源工程/extracted/icar_autopilot_2025th_FZ3B/icar_autopilot_2025th/res/samples/sample.mp4,sample.mp4,.mp4,3483291,c7590e877c910c0ea0b4dc75850e327a4cf660e4be509764ad3ee774629a6f15,2026-07-15T23:09:28.525109+08:00,false,false,false,false,false,false,true,2025th,
examples/开源工程/extracted/icar_autopilot_2025th_FZ3B/icar_autopilot_2025th/src/ctrl/center.cpp,center.cpp,.cpp,15431,2c95f997d00ee66a6991f90f8a714dd5a0c9e12f63da6a7a89be76c4bbf49bf0,2026-07-15T23:09:28.534700+08:00,false,false,true,false,false,false,true,2025th,
examples/开源工程/extracted/icar_autopilot_2025th_FZ3B/icar_autopilot_2025th/src/ctrl/predeal.cpp,predeal.cpp,.cpp,3818,f3e5712b6b41f4ee259af31ed27d959e7a8fff7dca2368a7853339e3b758209b,2026-07-15T23:09:28.535698+08:00,false,false,true,false,false,false,true,2025th,
examples/开源工程/extracted/icar_autopilot_2025th_FZ3B/icar_autopilot_2025th/src/ctrl/track.cpp,track.cpp,.cpp,17312,953436f25eae1d2b92ec17188ad01727737ea13c5a4e954e7514c98f3e524e53,2026-07-15T23:09:28.536701+08:00,false,false,true,false,false,false,true,2025th,
examples/开源工程/extracted/icar_autopilot_2025th_FZ3B/icar_autopilot_2025th/src/fsm/busy.cpp,busy.cpp,.cpp,9032,e20f58c7588ad74d81ee14828b74fbd9a3d9bd8a29d2d9391bc46b570a700f05,2026-07-15T23:09:28.538209+08:00,false,false,true,false,false,false,true,2025th,
examples/开源工程/extracted/icar_autopilot_2025th_FZ3B/icar_autopilot_2025th/src/fsm/cross.cpp,cross.cpp,.cpp,5957,e62ef51519b70a0962d543f7f17e2b9d39c49b97e48ce4d864fdec0eed333841,2026-07-15T23:09:28.539218+08:00,false,false,true,false,false,false,true,2025th,
examples/开源工程/extracted/icar_autopilot_2025th_FZ3B/icar_autopilot_2025th/src/fsm/curve.cpp,curve.cpp,.cpp,4053,c3746ef984e2147400fac11d028b563d0addb5128dc5811c2b6c071f3e69947c,2026-07-15T23:09:28.540222+08:00,false,false,true,false,false,false,true,2025th,
examples/开源工程/extracted/icar_autopilot_2025th_FZ3B/icar_autopilot_2025th/src/fsm/fine.cpp,fine.cpp,.cpp,4434,ed277aa489e53b5a58fd1a307af8f3293c047db9e16fd8ec856bd36cd97522db,2026-07-15T23:09:28.540222+08:00,false,false,true,false,false,false,true,2025th,
examples/开源工程/extracted/icar_autopilot_2025th_FZ3B/icar_autopilot_2025th/src/fsm/fork.cpp,fork.cpp,.cpp,41863,f37a8cd09d68c633e3a71971ebe08b97a591b8ae92f8193b6612b05b6720c178,2026-07-15T23:09:28.542703+08:00,false,false,true,false,false,false,true,2025th,
examples/开源工程/extracted/icar_autopilot_2025th_FZ3B/icar_autopilot_2025th/src/fsm/park.cpp,park.cpp,.cpp,34667,5fbb0fccd4492a5cff0fa7dfecfdd41360207668165864e802323da432e45bd1,2026-07-15T23:09:28.543704+08:00,false,false,true,false,false,false,true,2025th,
examples/开源工程/extracted/icar_autopilot_2025th_FZ3B/icar_autopilot_2025th/src/fsm/slow.cpp,slow.cpp,.cpp,4306,256554c786f7b6c0dce2867e5f7207d80fb3cc2108dde314f0d10db7b547dfc5,2026-07-15T23:09:28.544701+08:00,false,false,true,false,false,false,true,2025th,
examples/开源工程/extracted/icar_autopilot_2025th_FZ3B/icar_autopilot_2025th/src/fsm/stop.cpp,stop.cpp,.cpp,12410,ad3aae4a490b87cf41f90c8d51550d7909b861d44dafed1204924e8dff58b254,2026-07-15T23:09:28.545700+08:00,false,false,true,false,false,false,true,2025th,
examples/开源工程/extracted/icar_autopilot_2025th_FZ3B/icar_autopilot_2025th/src/icar.cpp,icar.cpp,.cpp,1776,de406e260bf9fdf4c6eb7f99f7bb1978fe0013f4b7a177d2e4da58aaa43ed4d3,2026-07-15T23:09:28.546701+08:00,false,false,true,false,false,false,true,2025th,
examples/开源工程/extracted/icar_autopilot_2025th_FZ3B/icar_autopilot_2025th/src/tool/boot.cpp,boot.cpp,.cpp,3226,0f35da40fbd2430d1ccb12002e841a229153269fc18f527008af95d3240127a1,2026-07-15T23:09:28.548713+08:00,false,false,true,false,false,false,true,2025th,
examples/开源工程/extracted/icar_autopilot_2025th_FZ3B/icar_autopilot_2025th/src/tool/calibration.cpp,calibration.cpp,.cpp,13977,48ac58773e7656cb9c5901c780c8d1ab09ccef763d3a670f891781efc534b6df,2026-07-15T23:09:28.549722+08:00,false,false,true,false,false,false,true,2025th,
examples/开源工程/extracted/icar_autopilot_2025th_FZ3B/icar_autopilot_2025th/src/tool/camera.cpp,camera.cpp,.cpp,3292,d4c568f9c91d9eec45dde0569eb0d8b2db04f4aad21016c952df5fefee1b5823,2026-07-15T23:09:28.550720+08:00,false,false,true,false,false,false,true,2025th,
examples/开源工程/extracted/icar_autopilot_2025th_FZ3B/icar_autopilot_2025th/src/tool/collection.cpp,collection.cpp,.cpp,9309,93680aeae81dca023951ce1e26fe39eef9a8adce5307c39aaee9c40e666f01ab,2026-07-15T23:09:28.551721+08:00,false,false,true,false,false,false,true,2025th,
examples/开源工程/extracted/icar_autopilot_2025th_FZ3B/icar_autopilot_2025th/src/tool/detection.cpp,detection.cpp,.cpp,4050,800769fef5c59a2700f5b5ac3cfe84244542c588ddf35283eafb5ccc787cebca,2026-07-15T23:09:28.552720+08:00,false,false,true,false,false,false,true,2025th,
examples/开源工程/extracted/icar_autopilot_2025th_FZ3B/icar_autopilot_2025th/src/tool/img2video.cpp,img2video.cpp,.cpp,1883,d67563a681f8574024b3b8eaf3c3b4238edf0d6d36bc54d0be901e839b463c6f,2026-07-15T23:09:28.553721+08:00,false,false,true,false,false,false,true,2025th,
examples/开源工程/extracted/icar_autopilot_2025th_FZ3B/icar_autopilot_2025th/src/tool/imging.cpp,imging.cpp,.cpp,2981,d4c86c877677852be628154168d35479fe73b788671a3dadae791ff24dafefea,2026-07-15T23:09:28.555901+08:00,false,false,true,false,false,false,true,2025th,
examples/开源工程/icar_autopilot_2025th.zip,icar_autopilot_2025th.zip,.zip,92474780,54f0c38151b5844b0108754d3917b2bfcab983e8a8a79f03d0bea8d5eacf69c7,2026-07-15T22:19:57.119824+08:00,true,false,false,false,false,false,false,2025th,
examples/开源工程/icar_autopilot_2025th_FZ3B.zip,icar_autopilot_2025th_FZ3B.zip,.zip,64417705,c03a6a6b74ba0ba18a8f6ff673ea5548201ea55373d1e2a520427111ea7517a4,2026-07-15T21:55:16.142041+08:00,true,false,false,false,false,false,false,2025th,
examples/开源工程/智慧城市无人驾驶算法应用赛-演示及开源说明.mp4,智慧城市无人驾驶算法应用赛-演示及开源说明.mp4,.mp4,236788521,c992c223846334b07ab476c8d49e9b6dfb7ec9226ece9bf95dda6d5e1bb09dd1,2026-07-15T21:57:05.280439+08:00,false,false,false,false,false,false,false,,
hardware/board_image/赛事专用卡-镜像开源资料/01-镜像工具/DRIVER_R4.19.5001.zip,DRIVER_R4.19.5001.zip,.19.5001.zip,16071532,76b8c13127835ba636935961a78f83a63d92cf9b2d9f563d61530be5a10dfc42,2026-07-15T22:14:40.544570+08:00,true,false,false,false,true,true,false,,19.5001
hardware/board_image/赛事专用卡-镜像开源资料/01-镜像工具/extracted/DRIVER_R4.19.5001/.extraction_complete.json,.extraction_complete.json,.json,416,c6b8f924016e3f507d8ea83ff193bc2af5304a51859bed3c77a5d80d27f37a03,2026-07-15T23:09:29.096580+08:00,false,false,true,false,true,true,true,,19.5001
hardware/board_image/赛事专用卡-镜像开源资料/01-镜像工具/extracted/DRIVER_R4.19.5001/DRIVER_R4.19.5001/Doc/Driver Install and Uninstall Guide.pdf,Driver Install and Uninstall Guide.pdf,.pdf,1836675,3c6ae0a5f997bb693b33918fc1b1caa8155da55c82fedb08e5b1f693a468367b,2026-07-15T23:09:28.941181+08:00,false,true,false,false,true,true,true,,19.5001
hardware/board_image/赛事专用卡-镜像开源资料/01-镜像工具/extracted/DRIVER_R4.19.5001/DRIVER_R4.19.5001/Driver_Release_Notes.xlsx,Driver_Release_Notes.xlsx,.xlsx,219783,cb716c9f3c5ad30b8079222d58d6773816b38490f16a779038991c4e5080c2dd,2026-07-15T23:09:28.827046+08:00,false,true,false,false,true,true,true,,19.5001
hardware/board_image/赛事专用卡-镜像开源资料/01-镜像工具/extracted/DRIVER_R4.19.5001/DRIVER_R4.19.5001/DriversForWin10/config.reg,config.reg,.reg,404,3308caf4b2b6296a13314f9669a32d43bac7e9f80121753d3d826e222afc73fe,2026-07-15T23:09:28.884483+08:00,false,false,false,false,true,true,true,,19.5001
hardware/board_image/赛事专用卡-镜像开源资料/01-镜像工具/extracted/DRIVER_R4.19.5001/DRIVER_R4.19.5001/DriversForWin10/dpinst.xml,dpinst.xml,.xml,618,c1f93f7ba5ea235ed3b7154c042f55c653b1e4accac646ab18fde02bcab7c974,2026-07-15T23:09:28.908978+08:00,false,false,true,false,true,true,true,,19.5001
hardware/board_image/赛事专用卡-镜像开源资料/01-镜像工具/extracted/DRIVER_R4.19.5001/DRIVER_R4.19.5001/DriversForWin10/DPInst32.exe,DPInst32.exe,.exe,921992,d84149976bc94a21b21aa0bc99fcbdee9d1ad4f3387d8b62b90f805ac300ba05,2026-07-15T23:09:28.920498+08:00,false,false,false,false,true,true,true,,19.5001
hardware/board_image/赛事专用卡-镜像开源资料/01-镜像工具/extracted/DRIVER_R4.19.5001/DRIVER_R4.19.5001/DriversForWin10/DPInst64.exe,DPInst64.exe,.exe,1050104,181bf85d3b5900ff8abed34bc415afc37fc322d9d7702e14d144f96a908f5cab,2026-07-15T23:09:28.892952+08:00,false,false,false,false,true,true,true,,19.5001
hardware/board_image/赛事专用卡-镜像开源资料/01-镜像工具/extracted/DRIVER_R4.19.5001/DRIVER_R4.19.5001/DriversForWin10/Drivers/amd64/rdavcom.sys,rdavcom.sys,.sys,46024,6c1c919c503bc4b5a6d23cd65df58c70bab8e434d70db60e1f60029451125c5a,2026-07-15T23:09:29.039304+08:00,false,false,false,false,true,true,true,,19.5001
hardware/board_image/赛事专用卡-镜像开源资料/01-镜像工具/extracted/DRIVER_R4.19.5001/DRIVER_R4.19.5001/DriversForWin10/Drivers/amd64/sprdvcom.sys,sprdvcom.sys,.sys,46024,759db53023c394f716498d5870fa5d63486475a47dcd99a63f94b54b244ce793,2026-07-15T23:09:29.042820+08:00,false,false,false,false,true,true,true,,19.5001
hardware/board_image/赛事专用卡-镜像开源资料/01-镜像工具/extracted/DRIVER_R4.19.5001/DRIVER_R4.19.5001/DriversForWin10/Drivers/amd64/sprdvmdm.sys,sprdvmdm.sys,.sys,45000,ce3da23999bd06d25ff8458192d7be9318a9870608789597a958ef975fe3c06b,2026-07-15T23:09:29.053855+08:00,false,false,false,false,true,true,true,,19.5001
hardware/board_image/赛事专用卡-镜像开源资料/01-镜像工具/extracted/DRIVER_R4.19.5001/DRIVER_R4.19.5001/DriversForWin10/Drivers/amd64/WdfCoInstaller01009.dll,WdfCoInstaller01009.dll,.dll,1471504,8c764ec0f47582cfc598566fa39144cb35d87de68c00f8d247962cc25e676e36,2026-07-15T23:09:29.047329+08:00,false,false,false,false,true,true,true,,19.5001
hardware/board_image/赛事专用卡-镜像开源资料/01-镜像工具/extracted/DRIVER_R4.19.5001/DRIVER_R4.19.5001/DriversForWin10/Drivers/amd64/winusbcoinstaller2.dll,winusbcoinstaller2.dll,.dll,860688,c600d3ac6e93f417d1005e17f5f4c0c2defd8db1c27a8e9c579a50786efe7901,2026-07-15T23:09:29.050847+08:00,false,false,false,false,true,true,true,,19.5001
hardware/board_image/赛事专用卡-镜像开源资料/01-镜像工具/extracted/DRIVER_R4.19.5001/DRIVER_R4.19.5001/DriversForWin10/Drivers/i386/rdavcom.sys,rdavcom.sys,.sys,41416,5b0567f3eae1dc7a5cc48e184d25558d8adea149d013a912b049e7ff81cb30ff,2026-07-15T23:09:29.023275+08:00,false,false,false,false,true,true,true,,19.5001
hardware/board_image/赛事专用卡-镜像开源资料/01-镜像工具/extracted/DRIVER_R4.19.5001/DRIVER_R4.19.5001/DriversForWin10/Drivers/i386/sprdvcom.sys,sprdvcom.sys,.sys,41416,e0f759dd96605bf637c43b4d5362568f6153c7a02ff01f13a8f39bb7c2b0f3ce,2026-07-15T23:09:29.025275+08:00,false,false,false,false,true,true,true,,19.5001
hardware/board_image/赛事专用卡-镜像开源资料/01-镜像工具/extracted/DRIVER_R4.19.5001/DRIVER_R4.19.5001/DriversForWin10/Drivers/i386/sprdvmdm.sys,sprdvmdm.sys,.sys,41416,add81f7e0fa2ed25ca9da510cc6993aedacfa482467cb75fb5aeecf698169ff5,2026-07-15T23:09:29.038304+08:00,false,false,false,false,true,true,true,,19.5001
hardware/board_image/赛事专用卡-镜像开源资料/01-镜像工具/extracted/DRIVER_R4.19.5001/DRIVER_R4.19.5001/DriversForWin10/Drivers/i386/WdfCoInstaller01009.dll,WdfCoInstaller01009.dll,.dll,1488512,c4d135f16c0eab7440ae7e0ac391ced15a177da61bc1f28ff31da547b4ad5169,2026-07-15T23:09:29.031793+08:00,false,false,false,false,true,true,true,,19.5001
hardware/board_image/赛事专用卡-镜像开源资料/01-镜像工具/extracted/DRIVER_R4.19.5001/DRIVER_R4.19.5001/DriversForWin10/Drivers/i386/winusbcoinstaller2.dll,winusbcoinstaller2.dll,.dll,877696,986383230ced0174bc759940582ac478ef128a755796bc032c9e1f407d29f9f7,2026-07-15T23:09:29.035791+08:00,false,false,false,false,true,true,true,,19.5001
hardware/board_image/赛事专用卡-镜像开源资料/01-镜像工具/extracted/DRIVER_R4.19.5001/DRIVER_R4.19.5001/DriversForWin10/Drivers/rdavcom.cat,rdavcom.cat,.cat,39035,8ea4997be46023b4118cf47ac98e1e7d922596256111918150e7a117679b5284,2026-07-15T23:09:28.982485+08:00,false,false,false,false,true,true,true,,19.5001
hardware/board_image/赛事专用卡-镜像开源资料/01-镜像工具/extracted/DRIVER_R4.19.5001/DRIVER_R4.19.5001/DriversForWin10/Drivers/rdavcom.inf,rdavcom.inf,.inf,3193,396317e95c7d1941286a894ac11e2132153e7f3add161b659653560caf0adbb2,2026-07-15T23:09:28.971873+08:00,false,false,false,false,true,true,true,,19.5001
hardware/board_image/赛事专用卡-镜像开源资料/01-镜像工具/extracted/DRIVER_R4.19.5001/DRIVER_R4.19.5001/DriversForWin10/Drivers/sprdadb.cat,sprdadb.cat,.cat,39123,d29fe18c386ade9834934560e59c32129c442e13fd2a990799421f43590e6df6,2026-07-15T23:09:28.979872+08:00,false,false,false,false,true,true,true,,19.5001
hardware/board_image/赛事专用卡-镜像开源资料/01-镜像工具/extracted/DRIVER_R4.19.5001/DRIVER_R4.19.5001/DriversForWin10/Drivers/sprdadb.inf,sprdadb.inf,.inf,9107,7283ec209f28b83c5bf86256711667cd6334eed3788551aaa165a8a0177cc752,2026-07-15T23:09:28.967833+08:00,false,false,false,false,true,true,true,,19.5001
hardware/board_image/赛事专用卡-镜像开源资料/01-镜像工具/extracted/DRIVER_R4.19.5001/DRIVER_R4.19.5001/DriversForWin10/Drivers/sprdvcom.cat,sprdvcom.cat,.cat,39047,581edb970c86395ce36c2fd6758a38cf45fab3b9a72711e3391ed10c74c15dc0,2026-07-15T23:09:28.984494+08:00,false,false,false,false,true,true,true,,19.5001
hardware/board_image/赛事专用卡-镜像开源资料/01-镜像工具/extracted/DRIVER_R4.19.5001/DRIVER_R4.19.5001/DriversForWin10/Drivers/sprdvcom.inf,sprdvcom.inf,.inf,42438,f4208c37bb166248c9f52869cc021d141a2b9b0ac68252e13214045eedd4332c,2026-07-15T23:09:28.976288+08:00,false,false,false,false,true,true,true,,19.5001
hardware/board_image/赛事专用卡-镜像开源资料/01-镜像工具/extracted/DRIVER_R4.19.5001/DRIVER_R4.19.5001/DriversForWin10/Drivers/sprdvmdm.cat,sprdvmdm.cat,.cat,39047,d2d546ad5e077bf39777e7b2ff94cb946018aef878293253a53bb4508e5e933f,2026-07-15T23:09:28.977872+08:00,false,false,false,false,true,true,true,,19.5001
hardware/board_image/赛事专用卡-镜像开源资料/01-镜像工具/extracted/DRIVER_R4.19.5001/DRIVER_R4.19.5001/DriversForWin10/Drivers/sprdvmdm.inf,sprdvmdm.inf,.inf,14451,53cb0282b434e30bd69c18a03d5d5bbcac3ee8c37feaadfe96957bbc68e5ad5a,2026-07-15T23:09:28.986595+08:00,false,false,false,false,true,true,true,,19.5001
hardware/board_image/赛事专用卡-镜像开源资料/01-镜像工具/extracted/DRIVER_R4.19.5001/DRIVER_R4.19.5001/DriversForWin10/DriverSetup.exe,DriverSetup.exe,.exe,193024,d8485dce378bc04329593b587e33ae6a5f51be20add98598d718b707c1b666f6,2026-07-15T23:09:28.911986+08:00,false,false,false,false,true,true,true,,19.5001
hardware/board_image/赛事专用卡-镜像开源资料/01-镜像工具/extracted/DRIVER_R4.19.5001/DRIVER_R4.19.5001/DriversForWin10/DriverUninstall32.exe,DriverUninstall32.exe,.exe,1683456,0c5821aa99348c261d8b52932da7496fbcba4ebaaf4f051007418b494d07662b,2026-07-15T23:09:28.932008+08:00,false,false,false,false,true,true,true,,19.5001
hardware/board_image/赛事专用卡-镜像开源资料/01-镜像工具/extracted/DRIVER_R4.19.5001/DRIVER_R4.19.5001/DriversForWin10/DriverUninstall64.exe,DriverUninstall64.exe,.exe,2299392,19679ea35ad1b1598c02671016a13c85a4eb6dee73e0e1336f2b6b6e44678db3,2026-07-15T23:09:28.906466+08:00,false,false,false,false,true,true,true,,19.5001
hardware/board_image/赛事专用卡-镜像开源资料/01-镜像工具/extracted/DRIVER_R4.19.5001/DRIVER_R4.19.5001/DriversForWin78/config.reg,config.reg,.reg,404,3308caf4b2b6296a13314f9669a32d43bac7e9f80121753d3d826e222afc73fe,2026-07-15T23:09:28.832042+08:00,false,false,false,false,true,true,true,,19.5001
hardware/board_image/赛事专用卡-镜像开源资料/01-镜像工具/extracted/DRIVER_R4.19.5001/DRIVER_R4.19.5001/DriversForWin78/dpinst.xml,dpinst.xml,.xml,618,c1f93f7ba5ea235ed3b7154c042f55c653b1e4accac646ab18fde02bcab7c974,2026-07-15T23:09:28.858589+08:00,false,false,true,false,true,true,true,,19.5001
hardware/board_image/赛事专用卡-镜像开源资料/01-镜像工具/extracted/DRIVER_R4.19.5001/DRIVER_R4.19.5001/DriversForWin78/DPInst32.exe,DPInst32.exe,.exe,921992,d84149976bc94a21b21aa0bc99fcbdee9d1ad4f3387d8b62b90f805ac300ba05,2026-07-15T23:09:28.869340+08:00,false,false,false,false,true,true,true,,19.5001
hardware/board_image/赛事专用卡-镜像开源资料/01-镜像工具/extracted/DRIVER_R4.19.5001/DRIVER_R4.19.5001/DriversForWin78/DPInst64.exe,DPInst64.exe,.exe,1050104,181bf85d3b5900ff8abed34bc415afc37fc322d9d7702e14d144f96a908f5cab,2026-07-15T23:09:28.841560+08:00,false,false,false,false,true,true,true,,19.5001
hardware/board_image/赛事专用卡-镜像开源资料/01-镜像工具/extracted/DRIVER_R4.19.5001/DRIVER_R4.19.5001/DriversForWin78/Drivers/amd64/rdavcom.sys,rdavcom.sys,.sys,36512,d88182306b96008b0fd54ee948abe1b69b6e58c8f4d0edaf4574cf6c39714eab,2026-07-15T23:09:29.007876+08:00,false,false,false,false,true,true,true,,19.5001
hardware/board_image/赛事专用卡-镜像开源资料/01-镜像工具/extracted/DRIVER_R4.19.5001/DRIVER_R4.19.5001/DriversForWin78/Drivers/amd64/sprdvcom.sys,sprdvcom.sys,.sys,36512,b80a85464c7ca06a60c35df587172738f6fec998483d9e064d09602ae0c37166,2026-07-15T23:09:29.010382+08:00,false,false,false,false,true,true,true,,19.5001
hardware/board_image/赛事专用卡-镜像开源资料/01-镜像工具/extracted/DRIVER_R4.19.5001/DRIVER_R4.19.5001/DriversForWin78/Drivers/amd64/sprdvmdm.sys,sprdvmdm.sys,.sys,35488,90ff9901b3344fa1c7067a5586fead1be23576ecafb3c191650cf251935eb6eb,2026-07-15T23:09:29.021269+08:00,false,false,false,false,true,true,true,,19.5001
hardware/board_image/赛事专用卡-镜像开源资料/01-镜像工具/extracted/DRIVER_R4.19.5001/DRIVER_R4.19.5001/DriversForWin78/Drivers/amd64/WdfCoInstaller01009.dll,WdfCoInstaller01009.dll,.dll,1461992,7a6bf1f950684381205c717a51af2d9c81b203cb1f3db0006a4602e2df675c77,2026-07-15T23:09:29.015766+08:00,false,false,false,false,true,true,true,,19.5001
hardware/board_image/赛事专用卡-镜像开源资料/01-镜像工具/extracted/DRIVER_R4.19.5001/DRIVER_R4.19.5001/DriversForWin78/Drivers/amd64/winusbcoinstaller2.dll,winusbcoinstaller2.dll,.dll,851176,ebe3b7708dd974ee87efed3113028d266af87ca8dbae77c47c6f7612824d3d6c,2026-07-15T23:09:29.018761+08:00,false,false,false,false,true,true,true,,19.5001
hardware/board_image/赛事专用卡-镜像开源资料/01-镜像工具/extracted/DRIVER_R4.19.5001/DRIVER_R4.19.5001/DriversForWin78/Drivers/i386/rdavcom.sys,rdavcom.sys,.sys,31904,2489baf0eec06067d30bef84eae147b9d83b853e24312e324d71acf07c4161f2,2026-07-15T23:09:28.988603+08:00,false,false,false,false,true,true,true,,19.5001
hardware/board_image/赛事专用卡-镜像开源资料/01-镜像工具/extracted/DRIVER_R4.19.5001/DRIVER_R4.19.5001/DriversForWin78/Drivers/i386/sprdvcom.sys,sprdvcom.sys,.sys,31904,52de05d667958c820f4e7020f32732e81dd56ce9c66d8630647e96541755b8b9,2026-07-15T23:09:28.992118+08:00,false,false,false,false,true,true,true,,19.5001
hardware/board_image/赛事专用卡-镜像开源资料/01-镜像工具/extracted/DRIVER_R4.19.5001/DRIVER_R4.19.5001/DriversForWin78/Drivers/i386/sprdvmdm.sys,sprdvmdm.sys,.sys,31904,f3975568ac39ce921938a7198b1b45b96c0344e6473be05f83dc4fe4d46c0c5c,2026-07-15T23:09:29.004877+08:00,false,false,false,false,true,true,true,,19.5001
hardware/board_image/赛事专用卡-镜像开源资料/01-镜像工具/extracted/DRIVER_R4.19.5001/DRIVER_R4.19.5001/DriversForWin78/Drivers/i386/WdfCoInstaller01009.dll,WdfCoInstaller01009.dll,.dll,1479024,1a8e7a67fbcd1a296c23af77814458d93a4eef4b8382f2739dba2d76591530b1,2026-07-15T23:09:28.997360+08:00,false,false,false,false,true,true,true,,19.5001
hardware/board_image/赛事专用卡-镜像开源资料/01-镜像工具/extracted/DRIVER_R4.19.5001/DRIVER_R4.19.5001/DriversForWin78/Drivers/i386/winusbcoinstaller2.dll,winusbcoinstaller2.dll,.dll,868200,bbe218426e80f78ddab5b683b3f6925e9861b02f279a067ebdafeebd44e6c893,2026-07-15T23:09:29.000869+08:00,false,false,false,false,true,true,true,,19.5001
hardware/board_image/赛事专用卡-镜像开源资料/01-镜像工具/extracted/DRIVER_R4.19.5001/DRIVER_R4.19.5001/DriversForWin78/Drivers/rdavcom.cat,rdavcom.cat,.cat,36202,ac3e9fb0d305f3755bae713a683281110fa280c04fd614324f07570b2a061628,2026-07-15T23:09:28.961480+08:00,false,false,false,false,true,true,true,,19.5001
hardware/board_image/赛事专用卡-镜像开源资料/01-镜像工具/extracted/DRIVER_R4.19.5001/DRIVER_R4.19.5001/DriversForWin78/Drivers/rdavcom.inf,rdavcom.inf,.inf,3193,396317e95c7d1941286a894ac11e2132153e7f3add161b659653560caf0adbb2,2026-07-15T23:09:28.947196+08:00,false,false,false,false,true,true,true,,19.5001
hardware/board_image/赛事专用卡-镜像开源资料/01-镜像工具/extracted/DRIVER_R4.19.5001/DRIVER_R4.19.5001/DriversForWin78/Drivers/sprdadb.cat,sprdadb.cat,.cat,36246,054efaf2cb98ca3903b58db9c0b00481744d0e4a517441e078667649513f780c,2026-07-15T23:09:28.958462+08:00,false,false,false,false,true,true,true,,19.5001
hardware/board_image/赛事专用卡-镜像开源资料/01-镜像工具/extracted/DRIVER_R4.19.5001/DRIVER_R4.19.5001/DriversForWin78/Drivers/sprdadb.inf,sprdadb.inf,.inf,9107,7283ec209f28b83c5bf86256711667cd6334eed3788551aaa165a8a0177cc752,2026-07-15T23:09:28.943176+08:00,false,false,false,false,true,true,true,,19.5001
hardware/board_image/赛事专用卡-镜像开源资料/01-镜像工具/extracted/DRIVER_R4.19.5001/DRIVER_R4.19.5001/DriversForWin78/Drivers/sprdvcom.cat,sprdvcom.cat,.cat,36208,0118a3affb4c1df500d7822dd52262bf1e3f47ae629755249cd37fcda3aab2c0,2026-07-15T23:09:28.963480+08:00,false,false,false,false,true,true,true,,19.5001
hardware/board_image/赛事专用卡-镜像开源资料/01-镜像工具/extracted/DRIVER_R4.19.5001/DRIVER_R4.19.5001/DriversForWin78/Drivers/sprdvcom.inf,sprdvcom.inf,.inf,42438,f4208c37bb166248c9f52869cc021d141a2b9b0ac68252e13214045eedd4332c,2026-07-15T23:09:28.951219+08:00,false,false,false,false,true,true,true,,19.5001
hardware/board_image/赛事专用卡-镜像开源资料/01-镜像工具/extracted/DRIVER_R4.19.5001/DRIVER_R4.19.5001/DriversForWin78/Drivers/sprdvmdm.cat,sprdvmdm.cat,.cat,36208,58dcc346e9e6712ae70164712de2046600d9337c969e6bc43351db696db31480,2026-07-15T23:09:28.952516+08:00,false,false,false,false,true,true,true,,19.5001
hardware/board_image/赛事专用卡-镜像开源资料/01-镜像工具/extracted/DRIVER_R4.19.5001/DRIVER_R4.19.5001/DriversForWin78/Drivers/sprdvmdm.inf,sprdvmdm.inf,.inf,14451,53cb0282b434e30bd69c18a03d5d5bbcac3ee8c37feaadfe96957bbc68e5ad5a,2026-07-15T23:09:28.965834+08:00,false,false,false,false,true,true,true,,19.5001
hardware/board_image/赛事专用卡-镜像开源资料/01-镜像工具/extracted/DRIVER_R4.19.5001/DRIVER_R4.19.5001/DriversForWin78/DriverSetup.exe,DriverSetup.exe,.exe,193024,d8485dce378bc04329593b587e33ae6a5f51be20add98598d718b707c1b666f6,2026-07-15T23:09:28.862102+08:00,false,false,false,false,true,true,true,,19.5001
hardware/board_image/赛事专用卡-镜像开源资料/01-镜像工具/extracted/DRIVER_R4.19.5001/DRIVER_R4.19.5001/DriversForWin78/DriverUninstall32.exe,DriverUninstall32.exe,.exe,1683456,0c5821aa99348c261d8b52932da7496fbcba4ebaaf4f051007418b494d07662b,2026-07-15T23:09:28.881484+08:00,false,false,false,false,true,true,true,,19.5001
hardware/board_image/赛事专用卡-镜像开源资料/01-镜像工具/extracted/DRIVER_R4.19.5001/DRIVER_R4.19.5001/DriversForWin78/DriverUninstall64.exe,DriverUninstall64.exe,.exe,2299392,19679ea35ad1b1598c02671016a13c85a4eb6dee73e0e1336f2b6b6e44678db3,2026-07-15T23:09:28.855071+08:00,false,false,false,false,true,true,true,,19.5001
hardware/board_image/赛事专用卡-镜像开源资料/01-镜像工具/extracted/USB Image Tool/.extraction_complete.json,.extraction_complete.json,.json,408,cdd0bd244eb8ebd09973da6749c6421a66d1518c79f0746c821d0b040b0440c2,2026-07-15T23:09:29.193762+08:00,false,false,true,false,true,true,true,,
hardware/board_image/赛事专用卡-镜像开源资料/01-镜像工具/extracted/USB Image Tool/USB Image Tool/license.txt,license.txt,.txt,1488,6476bdeaf2594b35ba485af6d0554785793b9945d5537a48502e782234f04310,2013-05-26T17:13:06+08:00,false,true,false,false,true,true,true,,
hardware/board_image/赛事专用卡-镜像开源资料/01-镜像工具/extracted/USB Image Tool/USB Image Tool/USB Image Tool Helper.dll,USB Image Tool Helper.dll,.dll,15872,92d4d100b090ee0eae5644e44d05fe067c9d5907dac6422b8ac8079b8241b59f,2013-05-26T17:17:42+08:00,false,false,false,false,true,true,true,,
hardware/board_image/赛事专用卡-镜像开源资料/01-镜像工具/extracted/USB Image Tool/USB Image Tool/USB Image Tool.exe,USB Image Tool.exe,.exe,96768,0df54ff50ab9ddac23a0054951b8cf68b822f21be8a5bd8a4b682ebe9171af19,2013-05-26T17:17:44+08:00,false,false,false,false,true,true,true,,
hardware/board_image/赛事专用卡-镜像开源资料/01-镜像工具/extracted/USB Image Tool/USB Image Tool/usbit32.dll,usbit32.dll,.dll,145920,cd2a3132288ed1db0624a1c99cfd9fd7c48dfe2ae67d6bbe0e8a12ae7d6ecd54,2013-05-26T17:15:38+08:00,false,false,false,false,true,true,true,,
hardware/board_image/赛事专用卡-镜像开源资料/01-镜像工具/extracted/USB Image Tool/USB Image Tool/usbit32.txt,usbit32.txt,.txt,4911,0c3ee4878aae2db3d6ad304c7c75f052deb1ab6f34c933bd21fb4ca48f9659b8,2013-05-26T17:13:44+08:00,false,true,false,false,true,true,true,,
hardware/board_image/赛事专用卡-镜像开源资料/01-镜像工具/extracted/USB Image Tool/USB Image Tool/usbitcmd.exe,usbitcmd.exe,.exe,172032,23d25aa336f4ab6a5e3903d19861070d86f6813c7a91878add19792ccda47d6e,2013-05-26T17:15:44+08:00,false,false,false,false,true,true,true,,
hardware/board_image/赛事专用卡-镜像开源资料/01-镜像工具/extracted/产线-Upgrade_Download_R27.22.3801/.extraction_complete.json,.extraction_complete.json,.json,434,9e7ecdcca7b977f0852a6ceae8f8e4cb6935c984910661f027dc613b8381a579,2026-07-15T23:09:30.351583+08:00,false,false,true,false,true,true,true,,22.3801
hardware/board_image/赛事专用卡-镜像开源资料/01-镜像工具/extracted/产线-Upgrade_Download_R27.22.3801/Upgrade_Download_R27.22.3801/Download_R27.22.3801/Bin/App/BinPack.ini,BinPack.ini,.ini,360,113cf4dadf9bdbf99cc93ce9129f8918216c0f3433fb62bc2e5cf9e480ccd560,2022-09-14T13:48:02.680799+08:00,false,false,false,false,true,true,true,,22.3801
hardware/board_image/赛事专用卡-镜像开源资料/01-镜像工具/extracted/产线-Upgrade_Download_R27.22.3801/Upgrade_Download_R27.22.3801/Download_R27.22.3801/Bin/App/BMAConfig.xml,BMAConfig.xml,.xml,11567,880ca60af6e8b463ece5a440d6b718fbb071e3f1b5ec1766a02184e8dfb876f9,2022-04-22T16:17:54.211038+08:00,false,false,true,false,true,true,true,,22.3801
hardware/board_image/赛事专用卡-镜像开源资料/01-镜像工具/extracted/产线-Upgrade_Download_R27.22.3801/Upgrade_Download_R27.22.3801/Download_R27.22.3801/Bin/App/BMAFrame9.dll,BMAFrame9.dll,.dll,3490816,e82ce4ceabf3ca1815f06426f738c3e1acf4d957aced7f13889306345acc5f7a,2022-09-14T14:00:16.646946+08:00,false,false,false,false,true,true,true,,22.3801
hardware/board_image/赛事专用卡-镜像开源资料/01-镜像工具/extracted/产线-Upgrade_Download_R27.22.3801/Upgrade_Download_R27.22.3801/Download_R27.22.3801/Bin/App/BMError.ini,BMError.ini,.ini,3069,b2c1f908b369d1f99b84864664c11226990d31769f769081780103714b18109c,2022-07-12T10:59:47.107131+08:00,false,false,false,false,true,true,true,,22.3801
hardware/board_image/赛事专用卡-镜像开源资料/01-镜像工具/extracted/产线-Upgrade_Download_R27.22.3801/Upgrade_Download_R27.22.3801/Download_R27.22.3801/Bin/App/BMFileType.ini,BMFileType.ini,.ini,8187,69387d44f0fee5762564b40efa970661c2da6c08ec982c6a207e4c4b86e35a56,2022-09-13T20:53:19.003185+08:00,false,false,false,false,true,true,true,,22.3801
hardware/board_image/赛事专用卡-镜像开源资料/01-镜像工具/extracted/产线-Upgrade_Download_R27.22.3801/Upgrade_Download_R27.22.3801/Download_R27.22.3801/Bin/App/BMPlatform9.dll,BMPlatform9.dll,.dll,3568640,4c9a7319c30d572b6501bc1d75152ef8f3765420e1ed1d640cef80dc40d0cfff,2022-09-14T14:00:09.371420+08:00,false,false,false,false,true,true,true,,22.3801
hardware/board_image/赛事专用卡-镜像开源资料/01-镜像工具/extracted/产线-Upgrade_Download_R27.22.3801/Upgrade_Download_R27.22.3801/Download_R27.22.3801/Bin/App/BMTimeout.ini,BMTimeout.ini,.ini,1566,c1e5ebb22c57b396c0cf46f482a49937f64f4ce5a274e9e99bf9f7bdb5021f6c,2022-08-23T15:10:43.060716+08:00,false,false,false,false,true,true,true,,22.3801
hardware/board_image/赛事专用卡-镜像开源资料/01-镜像工具/extracted/产线-Upgrade_Download_R27.22.3801/Upgrade_Download_R27.22.3801/Download_R27.22.3801/Bin/App/Callback.dll,Callback.dll,.dll,13312,de3f1369576c78541e250cef4045e73ff935bb65460598ea18fb54ad20bd8a32,2022-09-14T13:59:55.975302+08:00,false,false,false,false,true,true,true,,22.3801
hardware/board_image/赛事专用卡-镜像开源资料/01-镜像工具/extracted/产线-Upgrade_Download_R27.22.3801/Upgrade_Download_R27.22.3801/Download_R27.22.3801/Bin/App/Channel.ini,Channel.ini,.ini,1357,4e282d3e657b387ead99db80d71542f46702cfefcfd313da4908e29f8697d8e6,2021-04-08T10:37:50.608608+08:00,false,false,false,false,true,true,true,,22.3801
hardware/board_image/赛事专用卡-镜像开源资料/01-镜像工具/extracted/产线-Upgrade_Download_R27.22.3801/Upgrade_Download_R27.22.3801/Download_R27.22.3801/Bin/App/Channel9.dll,Channel9.dll,.dll,252928,2ea32417ee9d81751d936d318b1147c1ba5066bfdba84bfad1136254a4f33c20,2022-04-22T16:17:54.241040+08:00,false,false,false,false,true,true,true,,22.3801
hardware/board_image/赛事专用卡-镜像开源资料/01-镜像工具/extracted/产线-Upgrade_Download_R27.22.3801/Upgrade_Download_R27.22.3801/Download_R27.22.3801/Bin/App/CmdDloader.ini,CmdDloader.ini,.ini,178,afe76de0de879bb3181a7240c24730e432b3b6838bb64f6a23bfd63715a4bdcd,2022-07-12T10:59:47.125084+08:00,false,false,false,false,true,true,true,,22.3801
hardware/board_image/赛事专用卡-镜像开源资料/01-镜像工具/extracted/产线-Upgrade_Download_R27.22.3801/Upgrade_Download_R27.22.3801/Download_R27.22.3801/Bin/App/Codec.dll,Codec.dll,.dll,138752,aa575ae3a8802eaad042e2d1bfaec645d0a1bf955adaa0eadf9bd40df3aa54f2,2022-09-14T13:59:53.587687+08:00,false,false,false,false,true,true,true,,22.3801
hardware/board_image/赛事专用卡-镜像开源资料/01-镜像工具/extracted/产线-Upgrade_Download_R27.22.3801/Upgrade_Download_R27.22.3801/Download_R27.22.3801/Bin/App/Config.dll,Config.dll,.dll,79872,409d5d3f266a925ab89c1e4374cef2a5d8bb7df48be9c6d4d90573b32acabc9f,2022-09-14T14:00:00.258847+08:00,false,false,false,false,true,true,true,,22.3801
hardware/board_image/赛事专用卡-镜像开源资料/01-镜像工具/extracted/产线-Upgrade_Download_R27.22.3801/Upgrade_Download_R27.22.3801/Download_R27.22.3801/Bin/App/CrashDump.dll,CrashDump.dll,.dll,46080,d60daa825331ab424f23903ac81816db510fcc5902b08f6c9bf0cd78b4c19e9e,2022-04-24T09:49:12.480656+08:00,false,false,false,false,true,true,true,,22.3801
hardware/board_image/赛事专用卡-镜像开源资料/01-镜像工具/extracted/产线-Upgrade_Download_R27.22.3801/Upgrade_Download_R27.22.3801/Download_R27.22.3801/Bin/App/Customized/AuthenticationLib.dll,AuthenticationLib.dll,.dll,16384,c8141029ee7ae599d7d37711fd34e5e88f0da5da5a4ff76630fa90eb2d3e171e,2022-09-14T13:59:52.796802+08:00,false,false,false,false,true,true,true,,22.3801
hardware/board_image/赛事专用卡-镜像开源资料/01-镜像工具/extracted/产线-Upgrade_Download_R27.22.3801/Upgrade_Download_R27.22.3801/Download_R27.22.3801/Bin/App/Customized/FlashOperationLib.dll,FlashOperationLib.dll,.dll,17408,65ac45db9d51442ea5cfefd65411274450e4948635ac8593a71bb8be50a572ca,2022-09-14T13:59:53.330375+08:00,false,false,false,false,true,true,true,,22.3801
hardware/board_image/赛事专用卡-镜像开源资料/01-镜像工具/extracted/产线-Upgrade_Download_R27.22.3801/Upgrade_Download_R27.22.3801/Download_R27.22.3801/Bin/App/Customized/MesLib.dll,MesLib.dll,.dll,42496,25277472edd0e5dc95828df10abb9a027599eda2f3c5ea3c0c19de5ad5e760b5,2022-09-14T13:59:55.159485+08:00,false,false,false,false,true,true,true,,22.3801
hardware/board_image/赛事专用卡-镜像开源资料/01-镜像工具/extracted/产线-Upgrade_Download_R27.22.3801/Upgrade_Download_R27.22.3801/Download_R27.22.3801/Bin/App/DLFramework.dll,DLFramework.dll,.dll,2418688,2446f7dd892cd0d69bb74d0abd20d6654d53c35af15096b28f8d76b84eee5a5b,2022-09-14T14:00:27.912243+08:00,false,false,false,false,true,true,true,,22.3801
hardware/board_image/赛事专用卡-镜像开源资料/01-镜像工具/extracted/产线-Upgrade_Download_R27.22.3801/Upgrade_Download_R27.22.3801/Download_R27.22.3801/Bin/App/DLFramework.ini,DLFramework.ini,.ini,1463,064f4f39d640e358d65618da20033a688c581258eff6a29b1b164ad46a9c52de,2022-09-05T22:39:35.712358+08:00,false,false,false,false,true,true,true,,22.3801
hardware/board_image/赛事专用卡-镜像开源资料/01-镜像工具/extracted/产线-Upgrade_Download_R27.22.3801/Upgrade_Download_R27.22.3801/Download_R27.22.3801/Bin/App/iSpLog.dll,iSpLog.dll,.dll,59392,1d24f7c0a127933734cad89f73668a9680181e51d691d009445e61ff968791b6,2022-04-22T16:17:54.261042+08:00,false,false,false,false,true,true,true,,22.3801
hardware/board_image/赛事专用卡-镜像开源资料/01-镜像工具/extracted/产线-Upgrade_Download_R27.22.3801/Upgrade_Download_R27.22.3801/Download_R27.22.3801/Bin/App/iSpLog.ini,iSpLog.ini,.ini,723,9a5e0ed704ab0f4ff42323af97dd1c4f421391b3152e5455529a1a4e850790b2,2022-07-12T10:59:47.127080+08:00,false,false,false,false,true,true,true,,22.3801
hardware/board_image/赛事专用卡-镜像开源资料/01-镜像工具/extracted/产线-Upgrade_Download_R27.22.3801/Upgrade_Download_R27.22.3801/Download_R27.22.3801/Bin/App/LiveUpdatesDLL.dll,LiveUpdatesDLL.dll,.dll,327680,ebfa945059862d82d21396d6be63b3a960c86f22c6109399df6cd2d3bbe152a3,2022-03-18T14:00:31.666059+08:00,false,false,false,false,true,true,true,,22.3801
hardware/board_image/赛事专用卡-镜像开源资料/01-镜像工具/extracted/产线-Upgrade_Download_R27.22.3801/Upgrade_Download_R27.22.3801/Download_R27.22.3801/Bin/App/LiveUpdatesDLL.ini,LiveUpdatesDLL.ini,.ini,543,4198c0e73f6611c0a5ad1d9015d64a4001627bbe003e2f6192fd002597e32568,2021-04-08T10:37:50.796088+08:00,false,false,false,false,true,true,true,,22.3801
hardware/board_image/赛事专用卡-镜像开源资料/01-镜像工具/extracted/产线-Upgrade_Download_R27.22.3801/Upgrade_Download_R27.22.3801/Download_R27.22.3801/Bin/App/MCPType.ini,MCPType.ini,.ini,2413,03997977d978ed5d1f946aaf05aa42269dd86fd88631cd2c2a4491c41b037ad7,2022-09-13T20:53:19.036129+08:00,false,false,false,false,true,true,true,,22.3801
hardware/board_image/赛事专用卡-镜像开源资料/01-镜像工具/extracted/产线-Upgrade_Download_R27.22.3801/Upgrade_Download_R27.22.3801/Download_R27.22.3801/Bin/App/PhaseCheck.ini,PhaseCheck.ini,.ini,554,485f8589cbc30d6939bc31db3c03602962cad6020427c6bcee4f6d2effeb6b6c,2022-10-06T16:30:22.645245+08:00,false,false,false,false,true,true,true,,22.3801
hardware/board_image/赛事专用卡-镜像开源资料/01-镜像工具/extracted/产线-Upgrade_Download_R27.22.3801/Upgrade_Download_R27.22.3801/Download_R27.22.3801/Bin/App/PortHound9.dll,PortHound9.dll,.dll,233472,653e39071ec595ed933c1ba2b98d25426fec6af1ba2e0e5a127ba6452412527f,2022-04-22T16:17:54.191036+08:00,false,false,false,false,true,true,true,,22.3801
hardware/board_image/赛事专用卡-镜像开源资料/01-镜像工具/extracted/产线-Upgrade_Download_R27.22.3801/Upgrade_Download_R27.22.3801/Download_R27.22.3801/Bin/App/SecBinPack9.dll,SecBinPack9.dll,.dll,3233280,6da8fe5d6bb013025abc418a2dc953e18cd2da19e91bd3b5a37eb18671a9ad63,2022-09-14T13:59:58.385855+08:00,false,false,false,false,true,true,true,,22.3801
hardware/board_image/赛事专用卡-镜像开源资料/01-镜像工具/extracted/产线-Upgrade_Download_R27.22.3801/Upgrade_Download_R27.22.3801/Download_R27.22.3801/Bin/App/Sparce2Raw.dll,Sparce2Raw.dll,.dll,81920,77c3d01de769dfcf9d8e7978458404928acb9d48be826e8fff1308403bc97c4e,2022-09-14T13:59:52.759899+08:00,false,false,false,false,true,true,true,,22.3801
hardware/board_image/赛事专用卡-镜像开源资料/01-镜像工具/extracted/产线-Upgrade_Download_R27.22.3801/Upgrade_Download_R27.22.3801/Download_R27.22.3801/Bin/App/UnisocMES/Unisoc_MES_Login.exe,Unisoc_MES_Login.exe,.exe,309760,339ef53c6edae3fa8571a5886ca56db2c7b1fb6172cde1deeb51fd23348e04d2,2022-08-26T16:39:48.287758+08:00,false,false,false,false,true,true,true,,22.3801
hardware/board_image/赛事专用卡-镜像开源资料/01-镜像工具/extracted/产线-Upgrade_Download_R27.22.3801/Upgrade_Download_R27.22.3801/Download_R27.22.3801/Bin/App/UnisocMES/Unisoc_MES_Manage.exe,Unisoc_MES_Manage.exe,.exe,415744,d93e078e49f8ae83b36954e7ff7f4c51c2f0cd757379270da8b4a5dc1bb63fd7,2022-08-26T16:39:48.298619+08:00,false,false,false,false,true,true,true,,22.3801
hardware/board_image/赛事专用卡-镜像开源资料/01-镜像工具/extracted/产线-Upgrade_Download_R27.22.3801/Upgrade_Download_R27.22.3801/Download_R27.22.3801/Bin/App/UnisocMES/Unisoc_Solution_MES.dll,Unisoc_Solution_MES.dll,.dll,364032,053cce9bbebfaf3edd9b24a09844090f0e170590586cab933833664c820d6db5,2022-08-26T16:39:48.308593+08:00,false,false,false,false,true,true,true,,22.3801
hardware/board_image/赛事专用卡-镜像开源资料/01-镜像工具/extracted/产线-Upgrade_Download_R27.22.3801/Upgrade_Download_R27.22.3801/Download_R27.22.3801/Bin/App/UnisocMES/Unisoc_Solution_MES.ini,Unisoc_Solution_MES.ini,.ini,4242,0147152850cddc332ded0c77de9ef2d609ab950dbfc745a9b23f210a33d34c91,2022-09-08T18:30:15.212951+08:00,false,false,false,false,true,true,true,,22.3801
hardware/board_image/赛事专用卡-镜像开源资料/01-镜像工具/extracted/产线-Upgrade_Download_R27.22.3801/Upgrade_Download_R27.22.3801/Download_R27.22.3801/Bin/App/UnisocMES/Unisoc_Solution_PrintLog.dll,Unisoc_Solution_PrintLog.dll,.dll,86016,48dd58824722d0d48aa86224e8e2f20be7b4f6feb1a9aa23527cf958e3fa2ab6,2022-08-26T16:39:48.314577+08:00,false,false,false,false,true,true,true,,22.3801
hardware/board_image/赛事专用卡-镜像开源资料/01-镜像工具/extracted/产线-Upgrade_Download_R27.22.3801/Upgrade_Download_R27.22.3801/Download_R27.22.3801/Bin/Setting/UpgradeDownload.ini,UpgradeDownload.ini,.ini,2796,71cd5386d3dcaa1ac9e31eb5541a13c7fed394678638eecefc24424fa4834f61,2022-09-14T13:47:41.183865+08:00,false,false,false,false,true,true,true,,22.3801
hardware/board_image/赛事专用卡-镜像开源资料/01-镜像工具/extracted/产线-Upgrade_Download_R27.22.3801/Upgrade_Download_R27.22.3801/Download_R27.22.3801/Bin/System/bmp/fdl_bkmark.bmp,fdl_bkmark.bmp,.bmp,120056,602c730017c544ca29e2e2074cfeb0f1135855fca64b9c59bc375e8698771cd6,2022-05-28T14:51:18.657267+08:00,false,false,false,false,true,true,true,,22.3801
hardware/board_image/赛事专用卡-镜像开源资料/01-镜像工具/extracted/产线-Upgrade_Download_R27.22.3801/Upgrade_Download_R27.22.3801/Download_R27.22.3801/Bin/System/bmp/rdl_bkmark.bmp,rdl_bkmark.bmp,.bmp,76856,4050dd77bd2cd7cfccf6d92a856912ee0eac0be3265fca86909bff62cd55836a,2022-05-28T14:51:19.716361+08:00,false,false,false,false,true,true,true,,22.3801
hardware/board_image/赛事专用卡-镜像开源资料/01-镜像工具/extracted/产线-Upgrade_Download_R27.22.3801/Upgrade_Download_R27.22.3801/Download_R27.22.3801/Bin/System/bmp/udl_bkmark.bmp,udl_bkmark.bmp,.bmp,120056,71ea415706f3d599ae1a22bb2f5c2d7c540bf90cb8d1b85de68a7c4bdb408825,2022-05-28T14:51:19.166831+08:00,false,false,false,false,true,true,true,,22.3801
hardware/board_image/赛事专用卡-镜像开源资料/01-镜像工具/extracted/产线-Upgrade_Download_R27.22.3801/Upgrade_Download_R27.22.3801/Download_R27.22.3801/Bin/System/Tools/7zip/32/7z.dll,7z.dll,.dll,1142272,346523f444763c5dc814ffa1700c9956284138c7064a89c56511963e522045cd,2022-05-10T17:10:07.454165+08:00,false,false,false,false,true,true,true,,22.3801
hardware/board_image/赛事专用卡-镜像开源资料/01-镜像工具/extracted/产线-Upgrade_Download_R27.22.3801/Upgrade_Download_R27.22.3801/Download_R27.22.3801/Bin/System/Tools/7zip/32/7z.exe,7z.exe,.exe,293888,f968cbffb91ecd328dc7fec93ecf1ed821a7cfe26f18c50a6c5dcd0595deaf83,2022-05-10T17:10:07.459152+08:00,false,false,false,false,true,true,true,,22.3801
hardware/board_image/赛事专用卡-镜像开源资料/01-镜像工具/extracted/产线-Upgrade_Download_R27.22.3801/Upgrade_Download_R27.22.3801/Download_R27.22.3801/Bin/UpgradeDownload.exe,UpgradeDownload.exe,.exe,4717568,019d8dd1b0cc6380f73ba097430f84b8833f82515121e8bb66c3e8a4bb933775,2022-09-14T14:01:15.306933+08:00,false,false,false,false,true,true,true,,22.3801
hardware/board_image/赛事专用卡-镜像开源资料/01-镜像工具/extracted/产线-Upgrade_Download_R27.22.3801/Upgrade_Download_R27.22.3801/Download_R27.22.3801/Doc/Customized/Flash操作/Download_ReadFlash_客制化动态库使用说明.pdf,Download_ReadFlash_客制化动态库使用说明.pdf,.pdf,537692,3f1370498fc9020830a0cace74c914e7192e262c6ecd968a0e5f117365ee81e3,2022-08-19T09:31:17.608776+08:00,false,true,false,false,true,true,true,,22.3801
hardware/board_image/赛事专用卡-镜像开源资料/01-镜像工具/extracted/产线-Upgrade_Download_R27.22.3801/Upgrade_Download_R27.22.3801/Download_R27.22.3801/Doc/Customized/鉴权/Download_AUTH_客制化动态库使用说明.pdf,Download_AUTH_客制化动态库使用说明.pdf,.pdf,492271,a536da99b663602b7368e723bd969f1dca8667806a1c12548e5615fe03a39109,2022-08-19T09:31:17.638748+08:00,false,true,false,false,true,true,true,,22.3801
hardware/board_image/赛事专用卡-镜像开源资料/01-镜像工具/extracted/产线-Upgrade_Download_R27.22.3801/Upgrade_Download_R27.22.3801/Download_R27.22.3801/Doc/Customized/鉴权/下载模式鉴权交互说明-CN.pdf,下载模式鉴权交互说明-CN.pdf,.pdf,728728,a4e54df2d3058cc48d8e51e1d5b8b30ab52d9a84d7e4ea7cd4f3520b307fc8c4,2022-08-19T09:31:17.648748+08:00,false,true,false,false,true,true,true,,22.3801
hardware/board_image/赛事专用卡-镜像开源资料/01-镜像工具/extracted/产线-Upgrade_Download_R27.22.3801/Upgrade_Download_R27.22.3801/Download_R27.22.3801/Doc/Download Error Message Description.xlsx,Download Error Message Description.xlsx,.xlsx,34936,f71304926d78976bbbec2f3c9c0b62790b67508a46bad4dff85f74ab465c6919,2022-08-19T09:31:23.248755+08:00,false,true,false,false,true,true,true,,22.3801
hardware/board_image/赛事专用卡-镜像开源资料/01-镜像工具/extracted/产线-Upgrade_Download_R27.22.3801/Upgrade_Download_R27.22.3801/Download_R27.22.3801/Doc/Download Tool User Guide V4.3.pdf,Download Tool User Guide V4.3.pdf,.3.pdf,1848590,1b5fb35c518a2a44b8f0728f0fab42dc566462ccd4410babeb46046d12c3c9a7,2022-08-19T09:31:23.238778+08:00,false,true,false,false,true,true,true,,22.3801;V4.3
hardware/board_image/赛事专用卡-镜像开源资料/01-镜像工具/extracted/产线-Upgrade_Download_R27.22.3801/Upgrade_Download_R27.22.3801/Download_R27.22.3801/Doc/Download动态库下载使用说明1.1.pdf,Download动态库下载使用说明1.1.pdf,.1.pdf,1136985,2c3afe390e98b05f02b365bd0169687932bc1e036c38d521b524242e05d8be0b,2022-08-19T09:31:22.978754+08:00,false,true,false,false,true,true,true,,1.1;22.3801
hardware/board_image/赛事专用卡-镜像开源资料/01-镜像工具/extracted/产线-Upgrade_Download_R27.22.3801/Upgrade_Download_R27.22.3801/Download_R27.22.3801/Doc/下载工具使用指南V4.3.pdf,下载工具使用指南V4.3.pdf,.3.pdf,2471359,ec76062de72296ab8bd984a66107fdc283a4535859b1e34ab1d2723fe8b39f30,2022-08-19T09:31:23.248755+08:00,false,true,false,false,true,true,true,,22.3801;V4.3
hardware/board_image/赛事专用卡-镜像开源资料/01-镜像工具/extracted/产线-Upgrade_Download_R27.22.3801/Upgrade_Download_R27.22.3801/Download_R27.22.3801/Download Release notes.xls,Download Release notes.xls,.xls,308224,584b5533b81348c42f35508303543755078ba7562546463069d286b98d9cd2b4,2022-09-19T15:56:19.033897+08:00,false,true,false,false,true,true,true,,22.3801
hardware/board_image/赛事专用卡-镜像开源资料/01-镜像工具/extracted/产线-Upgrade_Download_R27.22.3801/Upgrade_Download_R27.22.3801/Download_R27.22.3801/Source/Common/CheckAlgo/crc16.c,crc16.c,.c,2924,b231e892aef496d0e1fdc10f1a38f684d4592f63dba125438297f56b8e3cffb1,2022-06-28T17:52:47.743710+08:00,false,false,true,false,true,true,true,,22.3801
hardware/board_image/赛事专用卡-镜像开源资料/01-镜像工具/extracted/产线-Upgrade_Download_R27.22.3801/Upgrade_Download_R27.22.3801/Download_R27.22.3801/Source/Common/CheckAlgo/crc16.h,crc16.h,.h,423,126561706a93419d9bf2593214b4dbd527ee26f04d2a18dd813726b308f3185e,2022-06-28T17:52:47.753710+08:00,false,false,true,false,true,true,true,,22.3801
hardware/board_image/赛事专用卡-镜像开源资料/01-镜像工具/extracted/产线-Upgrade_Download_R27.22.3801/Upgrade_Download_R27.22.3801/Download_R27.22.3801/Source/Common/CheckAlgo/md5.h,md5.h,.h,2351,1647b650c29af795c40fee3cb1035a369650cb7abb220351377c04537476b932,2022-06-28T17:52:47.763710+08:00,false,false,true,false,true,true,true,,22.3801
hardware/board_image/赛事专用卡-镜像开源资料/01-镜像工具/extracted/产线-Upgrade_Download_R27.22.3801/Upgrade_Download_R27.22.3801/Download_R27.22.3801/Source/Common/CheckAlgo/MD5Algo.cpp,MD5Algo.cpp,.cpp,6194,73e90fc4f775150a5ee4e4a4fe408a87f4c761a0dd6f02e1bad7a7d72f94edd7,2022-08-30T10:04:44.383369+08:00,false,false,true,false,true,true,true,,22.3801
hardware/board_image/赛事专用卡-镜像开源资料/01-镜像工具/extracted/产线-Upgrade_Download_R27.22.3801/Upgrade_Download_R27.22.3801/Download_R27.22.3801/Source/Common/CheckAlgo/MD5Algo.h,MD5Algo.h,.h,2757,db9325d5c05d925ada852b379952203d01a4441f0dd32e57e14eca8d6692faba,2022-08-30T10:04:50.930205+08:00,false,false,true,false,true,true,true,,22.3801
hardware/board_image/赛事专用卡-镜像开源资料/01-镜像工具/extracted/产线-Upgrade_Download_R27.22.3801/Upgrade_Download_R27.22.3801/Download_R27.22.3801/Source/Common/CheckAlgo/md5c.c,md5c.c,.c,10633,90d7d06615e3509f169fb35c8fcfce8a34e32b03736f77d74105071cadb4b48a,2022-06-28T17:52:47.753710+08:00,false,false,true,false,true,true,true,,22.3801
hardware/board_image/赛事专用卡-镜像开源资料/01-镜像工具/extracted/产线-Upgrade_Download_R27.22.3801/Upgrade_Download_R27.22.3801/Download_R27.22.3801/Source/Common/CheckAlgo/sha256.c,sha256.c,.c,11125,0ed161ffcb63cfbd93788c38aa16893e3379b3dd6f4e6f1eb6ba451e250fc8b1,2022-06-28T17:52:47.753710+08:00,false,false,true,false,true,true,true,,22.3801
hardware/board_image/赛事专用卡-镜像开源资料/01-镜像工具/extracted/产线-Upgrade_Download_R27.22.3801/Upgrade_Download_R27.22.3801/Download_R27.22.3801/Source/Common/CheckAlgo/sha256.h,sha256.h,.h,443,e12690b0728b0944c47d1946731fed2cfd0134cbcd5e2ba1b23d0bc10e32b337,2022-06-28T17:52:47.743710+08:00,false,false,true,false,true,true,true,,22.3801
hardware/board_image/赛事专用卡-镜像开源资料/01-镜像工具/extracted/产线-Upgrade_Download_R27.22.3801/Upgrade_Download_R27.22.3801/Download_R27.22.3801/Source/Common/DLFWDef/DLFWContainerExDef.h,DLFWContainerExDef.h,.h,2023,4ae92f92fb3b3fcdeca7df1f55de395b1dc26c695a8d2ad8b1c920fc4abeab87,2022-08-13T10:28:43.355939+08:00,false,false,true,false,true,true,true,,22.3801
hardware/board_image/赛事专用卡-镜像开源资料/01-镜像工具/extracted/产线-Upgrade_Download_R27.22.3801/Upgrade_Download_R27.22.3801/Download_R27.22.3801/Source/Common/DLFWDef/DLFWDef.h,DLFWDef.h,.h,1560,eadabe0e806b8dc853b708c5c1336ef014c7ac587466c7e2622506dbb82c3be2,2022-06-28T17:52:47.683710+08:00,false,false,true,false,true,true,true,,22.3801
hardware/board_image/赛事专用卡-镜像开源资料/01-镜像工具/extracted/产线-Upgrade_Download_R27.22.3801/Upgrade_Download_R27.22.3801/Download_R27.22.3801/Source/Common/DLFWDef/DLFWEnumExDef.h,DLFWEnumExDef.h,.h,1082,205916bab20fbb7c3042983eef1db3d8a7585325b2c494f10d1836d59f972f3d,2022-08-21T18:28:18.356716+08:00,false,false,true,false,true,true,true,,22.3801
hardware/board_image/赛事专用卡-镜像开源资料/01-镜像工具/extracted/产线-Upgrade_Download_R27.22.3801/Upgrade_Download_R27.22.3801/Download_R27.22.3801/Source/Common/DLFWDef/DLFWNvDef.h,DLFWNvDef.h,.h,24590,4b418f8e19bdd4863ad6cd7b3ccac56d8345d3a045889d193fade299282b381b,2022-06-28T17:52:47.703711+08:00,false,false,true,false,true,true,true,,22.3801
hardware/board_image/赛事专用卡-镜像开源资料/01-镜像工具/extracted/产线-Upgrade_Download_R27.22.3801/Upgrade_Download_R27.22.3801/Download_R27.22.3801/Source/Common/DLFWDef/DLFWStructExDef.h,DLFWStructExDef.h,.h,11200,abae20ea42650bf16590d65559bd8e223e0cbe7ed866a00b8af839bcdb44d4f0,2022-09-06T11:01:35.944581+08:00,false,false,true,false,true,true,true,,22.3801
hardware/board_image/赛事专用卡-镜像开源资料/01-镜像工具/extracted/产线-Upgrade_Download_R27.22.3801/Upgrade_Download_R27.22.3801/Download_R27.22.3801/Source/Common/Drv/DLFWDriver.cpp,DLFWDriver.cpp,.cpp,6488,baa7deb18e9f965c6e12795650ef10a8979e76ab713e61f175d50ebfe2b36274,2022-08-12T11:39:12.948897+08:00,false,false,true,false,true,true,true,,22.3801
hardware/board_image/赛事专用卡-镜像开源资料/01-镜像工具/extracted/产线-Upgrade_Download_R27.22.3801/Upgrade_Download_R27.22.3801/Download_R27.22.3801/Source/Common/Drv/DLFWDriver.h,DLFWDriver.h,.h,1534,0310e9d7d3e44027b4d21752c76792803c8a8ac4aec12fab0f6845c0792e9378,2022-08-21T12:16:12.210739+08:00,false,false,true,false,true,true,true,,22.3801
hardware/board_image/赛事专用卡-镜像开源资料/01-镜像工具/extracted/产线-Upgrade_Download_R27.22.3801/Upgrade_Download_R27.22.3801/Download_R27.22.3801/Source/Common/Drv/DLFWDrvDef.h,DLFWDrvDef.h,.h,3960,f8a76b8d7d51564caf910cd9b809c6d98038b9f84e2fdcbf196ed75467151422,2022-08-11T13:36:15.723468+08:00,false,false,true,false,true,true,true,,22.3801
hardware/board_image/赛事专用卡-镜像开源资料/01-镜像工具/extracted/产线-Upgrade_Download_R27.22.3801/Upgrade_Download_R27.22.3801/Download_R27.22.3801/Source/Common/Drv/MESDriver.cpp,MESDriver.cpp,.cpp,15131,4f9d276e29f0d5ee482e880a664f9b22d587f53b8d8247b11ffe1048c42b0d43,2022-08-30T16:54:55.276837+08:00,false,false,true,false,true,true,true,,22.3801
hardware/board_image/赛事专用卡-镜像开源资料/01-镜像工具/extracted/产线-Upgrade_Download_R27.22.3801/Upgrade_Download_R27.22.3801/Download_R27.22.3801/Source/Common/Drv/MESDriver.h,MESDriver.h,.h,3120,52d263d3164d0bb44c082b92582cf063a8968de840c18a54f114cd0ef8c75f98,2022-08-30T09:48:06.960171+08:00,false,false,true,false,true,true,true,,22.3801
hardware/board_image/赛事专用卡-镜像开源资料/01-镜像工具/extracted/产线-Upgrade_Download_R27.22.3801/Upgrade_Download_R27.22.3801/Download_R27.22.3801/Source/Common/Drv/MESDrvDef.h,MESDrvDef.h,.h,4401,d33d2cd8acc9875a3aa48aede128d86c26df5fbf3859bb81ae4b2641d8be25b4,2022-08-29T20:54:31.083898+08:00,false,false,true,false,true,true,true,,22.3801
hardware/board_image/赛事专用卡-镜像开源资料/01-镜像工具/extracted/产线-Upgrade_Download_R27.22.3801/Upgrade_Download_R27.22.3801/Download_R27.22.3801/Source/Common/Helper/LcdHelper.cpp,LcdHelper.cpp,.cpp,3869,64f46e8c783386d4b32b267203a4445be80c984b27c154a41a8c23a674ea23b2,2022-06-28T17:52:47.713712+08:00,false,false,true,false,true,true,true,,22.3801
hardware/board_image/赛事专用卡-镜像开源资料/01-镜像工具/extracted/产线-Upgrade_Download_R27.22.3801/Upgrade_Download_R27.22.3801/Download_R27.22.3801/Source/Common/Helper/LcdHelper.h,LcdHelper.h,.h,523,b7a225379c09456fff46a4acfa3b2705f7ca76bc2225c7d98b663a9127a25778,2022-06-28T17:52:47.723710+08:00,false,false,true,false,true,true,true,,22.3801
hardware/board_image/赛事专用卡-镜像开源资料/01-镜像工具/extracted/产线-Upgrade_Download_R27.22.3801/Upgrade_Download_R27.22.3801/Download_R27.22.3801/Source/Common/Helper/OperationHelper.cpp,OperationHelper.cpp,.cpp,37787,a7ddedc8652d78c6892c5adabe4bcd17f3772e1caa732b9bba9ed78841152076,2022-08-30T19:15:56.203363+08:00,false,false,true,false,true,true,true,,22.3801
hardware/board_image/赛事专用卡-镜像开源资料/01-镜像工具/extracted/产线-Upgrade_Download_R27.22.3801/Upgrade_Download_R27.22.3801/Download_R27.22.3801/Source/Common/Helper/OperationHelper.h,OperationHelper.h,.h,5138,1089fb12060448b157d0f016776b2981cd3e30b5773583c729ae0a40c4f4b681,2022-08-11T14:30:56.330626+08:00,false,false,true,false,true,true,true,,22.3801
hardware/board_image/赛事专用卡-镜像开源资料/01-镜像工具/extracted/产线-Upgrade_Download_R27.22.3801/Upgrade_Download_R27.22.3801/Download_R27.22.3801/Source/Common/Helper/XRandom.cpp,XRandom.cpp,.cpp,1511,b05f0d6ee87bbdedaa517cf124866709b5c4ae3eec4bbde5cfa7ac60c02900cc,2022-06-28T17:52:47.723710+08:00,false,false,true,false,true,true,true,,22.3801
hardware/board_image/赛事专用卡-镜像开源资料/01-镜像工具/extracted/产线-Upgrade_Download_R27.22.3801/Upgrade_Download_R27.22.3801/Download_R27.22.3801/Source/Common/Helper/XRandom.h,XRandom.h,.h,764,fc3567037289135fe34884bd62aea36c2489c2de2058568f8af54c16326acea1,2022-06-28T17:52:47.733710+08:00,false,false,true,false,true,true,true,,22.3801
hardware/board_image/赛事专用卡-镜像开源资料/01-镜像工具/extracted/产线-Upgrade_Download_R27.22.3801/Upgrade_Download_R27.22.3801/Download_R27.22.3801/Source/Common/Include/def/callback_def.h,callback_def.h,.h,7740,3ee52525855ac8a03e81ad80094a6a18e3160cc3808ebfc26ec67933867e35bd,2022-08-29T13:50:40.340740+08:00,false,false,true,false,true,true,true,,22.3801
hardware/board_image/赛事专用卡-镜像开源资料/01-镜像工具/extracted/产线-Upgrade_Download_R27.22.3801/Upgrade_Download_R27.22.3801/Download_R27.22.3801/Source/Common/Include/def/global_def.h,global_def.h,.h,5135,53dd2b27d3eda147051ee9f55991f7ddc17f21e673c70ef73ea32dcdddc6dc7b,2022-08-09T13:34:53.748387+08:00,false,false,true,false,true,true,true,,22.3801
hardware/board_image/赛事专用卡-镜像开源资料/01-镜像工具/extracted/产线-Upgrade_Download_R27.22.3801/Upgrade_Download_R27.22.3801/Download_R27.22.3801/Source/Common/Include/def/global_err.h,global_err.h,.h,7595,419f88b06d232daf123c5a05a44a8728829465e47d4d668a2da03a9b665cd774,2022-08-09T13:55:05.059681+08:00,false,false,true,false,true,true,true,,22.3801
hardware/board_image/赛事专用卡-镜像开源资料/01-镜像工具/extracted/产线-Upgrade_Download_R27.22.3801/Upgrade_Download_R27.22.3801/Download_R27.22.3801/Source/Common/Include/def/packet_def.h,packet_def.h,.h,3679,4d2d7fe6945b2c2f5efc0397313b9f592dbca9f441c28a7942718d5ed4d9ce1f,2022-08-11T13:45:57.058528+08:00,false,false,true,false,true,true,true,,22.3801
hardware/board_image/赛事专用卡-镜像开源资料/01-镜像工具/extracted/产线-Upgrade_Download_R27.22.3801/Upgrade_Download_R27.22.3801/Download_R27.22.3801/Source/Common/Include/DLFrameworkExport.h,DLFrameworkExport.h,.h,14282,1e7cacb3e30fe1e35163d0be44bb280b40cc7fad5868a5961b2440a9495c9655,2022-08-21T20:45:41.472150+08:00,false,false,true,false,true,true,true,,22.3801
hardware/board_image/赛事专用卡-镜像开源资料/01-镜像工具/extracted/产线-Upgrade_Download_R27.22.3801/Upgrade_Download_R27.22.3801/Download_R27.22.3801/Source/Common/Include/ICallback.h,ICallback.h,.h,1739,c0b278dbd7ead49841a34f9e821b0ffdc63f60172f78f3f8d87ff5b0edeafe64,2022-06-28T17:52:47.803713+08:00,false,false,true,false,true,true,true,,22.3801
hardware/board_image/赛事专用卡-镜像开源资料/01-镜像工具/extracted/产线-Upgrade_Download_R27.22.3801/Upgrade_Download_R27.22.3801/Download_R27.22.3801/Source/Common/Include/IConfig.h,IConfig.h,.h,4050,e2d7888395c7cef2b57a947f610b2dfa189a3044774ffd262b72adb5b232ae4f,2022-09-06T11:21:44.544225+08:00,false,false,true,false,true,true,true,,22.3801
hardware/board_image/赛事专用卡-镜像开源资料/01-镜像工具/extracted/产线-Upgrade_Download_R27.22.3801/Upgrade_Download_R27.22.3801/Download_R27.22.3801/Source/Common/IncludeEx/BMAFExport.h,BMAFExport.h,.h,485,30cd357d42468b940d7bf74981ffd7227790f49f3252200d4622c02a2b92dd8e,2022-06-28T17:52:47.653710+08:00,false,false,true,false,true,true,true,,22.3801
hardware/board_image/赛事专用卡-镜像开源资料/01-镜像工具/extracted/产线-Upgrade_Download_R27.22.3801/Upgrade_Download_R27.22.3801/Download_R27.22.3801/Source/Common/IncludeEx/BMAGlobal.h,BMAGlobal.h,.h,17011,95a721ee85511ac160165331e15db1ce2cb1c2cfa7b6c84a62663d7b747b8997,2022-08-29T14:20:58.569905+08:00,false,false,true,false,true,true,true,,22.3801
hardware/board_image/赛事专用卡-镜像开源资料/01-镜像工具/extracted/产线-Upgrade_Download_R27.22.3801/Upgrade_Download_R27.22.3801/Download_R27.22.3801/Source/Common/IncludeEx/BMFile.h,BMFile.h,.h,1384,3f78f31606e694e6344f668b2ee59acfeb9712b25d186ae07e02025e26c3f435,2022-06-28T17:52:47.643712+08:00,false,false,true,false,true,true,true,,22.3801
hardware/board_image/赛事专用卡-镜像开源资料/01-镜像工具/extracted/产线-Upgrade_Download_R27.22.3801/Upgrade_Download_R27.22.3801/Download_R27.22.3801/Source/Common/IncludeEx/BMFileImpl.h,BMFileImpl.h,.h,1979,7adc6cabd313ebdc4e5dc7b42166e85b9224ce6f8dc238eae200cfda0e4918b8,2022-06-28T17:52:47.673710+08:00,false,false,true,false,true,true,true,,22.3801
hardware/board_image/赛事专用卡-镜像开源资料/01-镜像工具/extracted/产线-Upgrade_Download_R27.22.3801/Upgrade_Download_R27.22.3801/Download_R27.22.3801/Source/Common/IncludeEx/BMInitParamsDef.h,BMInitParamsDef.h,.h,1491,8edeaebb9e4073377f2e50d4a9f31beaa930b5188c7f634138a7ef1695784456,2022-09-08T17:54:34.113161+08:00,false,false,true,false,true,true,true,,22.3801
hardware/board_image/赛事专用卡-镜像开源资料/01-镜像工具/extracted/产线-Upgrade_Download_R27.22.3801/Upgrade_Download_R27.22.3801/Download_R27.22.3801/Source/Common/IncludeEx/bmpacket.h,bmpacket.h,.h,1681,1f7597cd7d0a99960f6fa97996678a3ae14643151a1850883e85b58d86d86b4b,2022-06-28T17:52:47.603711+08:00,false,false,true,false,true,true,true,,22.3801
hardware/board_image/赛事专用卡-镜像开源资料/01-镜像工具/extracted/产线-Upgrade_Download_R27.22.3801/Upgrade_Download_R27.22.3801/Download_R27.22.3801/Source/Common/IncludeEx/BootModeitf.h,BootModeitf.h,.h,9921,b31ae085517a296fdb82fe538d48fd4fc7099f880b26bb08e64dfe84c2ea559f,2022-08-10T17:10:47.224037+08:00,false,false,true,false,true,true,true,,22.3801
hardware/board_image/赛事专用卡-镜像开源资料/01-镜像工具/extracted/产线-Upgrade_Download_R27.22.3801/Upgrade_Download_R27.22.3801/Download_R27.22.3801/Source/Common/IncludeEx/BootModeObj.h,BootModeObj.h,.h,4345,7fe902e0689f4ce8e89bed485e77b411396b7e38ccd6cd53de580f058a4a8b98,2022-06-28T17:52:47.653710+08:00,false,false,true,false,true,true,true,,22.3801
hardware/board_image/赛事专用卡-镜像开源资料/01-镜像工具/extracted/产线-Upgrade_Download_R27.22.3801/Upgrade_Download_R27.22.3801/Download_R27.22.3801/Source/Common/IncludeEx/BootModeOpr.h,BootModeOpr.h,.h,5530,3bc4e1f848d7a85d1ecc6368c75405e3c560aefd71a3beea70ff658fd27959ca,2022-06-28T17:52:47.613710+08:00,false,false,true,false,true,true,true,,22.3801
hardware/board_image/赛事专用卡-镜像开源资料/01-镜像工具/extracted/产线-Upgrade_Download_R27.22.3801/Upgrade_Download_R27.22.3801/Download_R27.22.3801/Source/Common/IncludeEx/CrashDumpExport.h,CrashDumpExport.h,.h,655,599d9acd0814011ab7383c0c2589ef9a38403b6033436b89058aace62369c6f7,2022-06-28T17:52:47.613710+08:00,false,false,true,false,true,true,true,,22.3801
hardware/board_image/赛事专用卡-镜像开源资料/01-镜像工具/extracted/产线-Upgrade_Download_R27.22.3801/Upgrade_Download_R27.22.3801/Download_R27.22.3801/Source/Common/IncludeEx/DiagChan.h,DiagChan.h,.h,1946,0ba746910c1550276035612523b0083f44b1278ff974cad7ffc861e2992862c1,2022-06-28T17:52:47.633710+08:00,false,false,true,false,true,true,true,,22.3801
hardware/board_image/赛事专用卡-镜像开源资料/01-镜像工具/extracted/产线-Upgrade_Download_R27.22.3801/Upgrade_Download_R27.22.3801/Download_R27.22.3801/Source/Common/IncludeEx/Global.h,Global.h,.h,20636,fee640fe7e07429120e89232b0f476b13b0e1015e5c2d97605d28d39fb0a9d11,2022-08-09T15:39:25.425873+08:00,false,false,true,false,true,true,true,,22.3801
hardware/board_image/赛事专用卡-镜像开源资料/01-镜像工具/extracted/产线-Upgrade_Download_R27.22.3801/Upgrade_Download_R27.22.3801/Download_R27.22.3801/Source/Common/IncludeEx/IAuthentication.h,IAuthentication.h,.h,1422,6ba3de986d46e2ed0f26461fbfeac9aeb505bb480ce893986e6ea927a640f3e3,2022-09-08T14:00:54.032259+08:00,false,false,true,false,true,true,true,,22.3801
hardware/board_image/赛事专用卡-镜像开源资料/01-镜像工具/extracted/产线-Upgrade_Download_R27.22.3801/Upgrade_Download_R27.22.3801/Download_R27.22.3801/Source/Common/IncludeEx/IBMAFramework.h,IBMAFramework.h,.h,1133,3223f0c976210f913955da1171967346923183c7668fff4f78836638d443dc76,2022-08-10T17:09:58.399561+08:00,false,false,true,false,true,true,true,,22.3801
hardware/board_image/赛事专用卡-镜像开源资料/01-镜像工具/extracted/产线-Upgrade_Download_R27.22.3801/Upgrade_Download_R27.22.3801/Download_R27.22.3801/Source/Common/IncludeEx/ICodec.h,ICodec.h,.h,467,26d162ae8371662bbb8db5fa6990b85b1a059e834a6d77aa2ad8dbb3049a0930,2022-06-28T17:52:47.603711+08:00,false,false,true,false,true,true,true,,22.3801
hardware/board_image/赛事专用卡-镜像开源资料/01-镜像工具/extracted/产线-Upgrade_Download_R27.22.3801/Upgrade_Download_R27.22.3801/Download_R27.22.3801/Source/Common/IncludeEx/ICommChannel.h,ICommChannel.h,.h,8409,4f4c48503432f274630b32b846b1e2747565eb318c18b153627931e7fafc5827,2022-06-28T17:52:47.633710+08:00,false,false,true,false,true,true,true,,22.3801
hardware/board_image/赛事专用卡-镜像开源资料/01-镜像工具/extracted/产线-Upgrade_Download_R27.22.3801/Upgrade_Download_R27.22.3801/Download_R27.22.3801/Source/Common/IncludeEx/IDevHound.h,IDevHound.h,.h,2605,11e2887edeb0ac5ed8b64194d204aa059c3789b1c0cf7bad2f48f21ff72985e4,2022-06-28T17:52:47.593712+08:00,false,false,true,false,true,true,true,,22.3801
hardware/board_image/赛事专用卡-镜像开源资料/01-镜像工具/extracted/产线-Upgrade_Download_R27.22.3801/Upgrade_Download_R27.22.3801/Download_R27.22.3801/Source/Common/IncludeEx/IFlashOperation.h,IFlashOperation.h,.h,2335,ef171e7470ec035ef9b9d25834a9dca5df53a15ab4996e78abe726f69e9a3877,2022-09-08T14:05:14.347720+08:00,false,false,true,false,true,true,true,,22.3801
hardware/board_image/赛事专用卡-镜像开源资料/01-镜像工具/extracted/产线-Upgrade_Download_R27.22.3801/Upgrade_Download_R27.22.3801/Download_R27.22.3801/Source/Common/IncludeEx/IMes.h,IMes.h,.h,1019,7feaf6948d41431f5eb129ec842cf3ec7fdd9beeda61e982999523c0129805a5,2022-09-08T15:34:43.472960+08:00,false,false,true,false,true,true,true,,22.3801
hardware/board_image/赛事专用卡-镜像开源资料/01-镜像工具/extracted/产线-Upgrade_Download_R27.22.3801/Upgrade_Download_R27.22.3801/Download_R27.22.3801/Source/Common/IncludeEx/IXmlConfigParse.h,IXmlConfigParse.h,.h,1400,e9eab1e779edc8832b2bc71e4ac10d19124e1a40998dffa14b0f87121170bec7,2022-08-04T21:47:05.728715+08:00,false,false,true,false,true,true,true,,22.3801
hardware/board_image/赛事专用卡-镜像开源资料/01-镜像工具/extracted/产线-Upgrade_Download_R27.22.3801/Upgrade_Download_R27.22.3801/Download_R27.22.3801/Source/Common/IncludeEx/LiveUpdatesApi.h,LiveUpdatesApi.h,.h,1316,2530b02d5374fb37e9687a6fdc635dad1604c60320132f34773054d7c14938c5,2022-06-28T17:52:47.673710+08:00,false,false,true,false,true,true,true,,22.3801
hardware/board_image/赛事专用卡-镜像开源资料/01-镜像工具/extracted/产线-Upgrade_Download_R27.22.3801/Upgrade_Download_R27.22.3801/Download_R27.22.3801/Source/Common/IncludeEx/ProtoChan.h,ProtoChan.h,.h,6627,03f3707eccdd0f2d0c1ef7eab900a2018b53304ee437f0cf3cffaf81102952a9,2022-06-28T17:52:47.633710+08:00,false,false,true,false,true,true,true,,22.3801
hardware/board_image/赛事专用卡-镜像开源资料/01-镜像工具/extracted/产线-Upgrade_Download_R27.22.3801/Upgrade_Download_R27.22.3801/Download_R27.22.3801/Source/Common/IncludeEx/RepartitionDef.h,RepartitionDef.h,.h,394,aeb8df1a55e8d3da962fc7644b9492fe40aed67701517811fbce84ad6ec341d9,2022-06-28T17:52:47.703711+08:00,false,false,true,false,true,true,true,,22.3801
hardware/board_image/赛事专用卡-镜像开源资料/01-镜像工具/extracted/产线-Upgrade_Download_R27.22.3801/Upgrade_Download_R27.22.3801/Download_R27.22.3801/Source/Common/IncludeEx/SecBinPackApi.h,SecBinPackApi.h,.h,4102,5decdd03a5cb6179298b94d7e0e06a71d6ab5f13c23f4ccd574a231bfd0d2899,2022-08-11T20:30:29.340985+08:00,false,false,true,false,true,true,true,,22.3801
hardware/board_image/赛事专用卡-镜像开源资料/01-镜像工具/extracted/产线-Upgrade_Download_R27.22.3801/Upgrade_Download_R27.22.3801/Download_R27.22.3801/Source/Common/IncludeEx/Sparce2Raw.h,Sparce2Raw.h,.h,2327,d96e7b03bc5a3c475c883653da6bb3e56611c76e849d5fbdf21ff1c7b4028a96,2022-08-20T16:39:57.808628+08:00,false,false,true,false,true,true,true,,22.3801
hardware/board_image/赛事专用卡-镜像开源资料/01-镜像工具/extracted/产线-Upgrade_Download_R27.22.3801/Upgrade_Download_R27.22.3801/Download_R27.22.3801/Source/Common/IncludeEx/Unisoc_Solution_MES.h,Unisoc_Solution_MES.h,.h,20116,7305f7e23c73ae6168e8718f739d6c7a5d3c8fbdd0d5752b4094b644d4819c0c,2022-08-30T15:30:32.419248+08:00,false,false,true,false,true,true,true,,22.3801
hardware/board_image/赛事专用卡-镜像开源资料/01-镜像工具/extracted/产线-Upgrade_Download_R27.22.3801/Upgrade_Download_R27.22.3801/Download_R27.22.3801/Source/Common/Lib/iSpLog.lib,iSpLog.lib,.lib,4224,879859c7af219c76f27283c27fd95459642e2ec6ea7345286300e4d494af4f58,2022-06-28T17:52:47.533751+08:00,false,false,false,false,true,true,true,,22.3801
hardware/board_image/赛事专用卡-镜像开源资料/01-镜像工具/extracted/产线-Upgrade_Download_R27.22.3801/Upgrade_Download_R27.22.3801/Download_R27.22.3801/Source/Common/Lock/CLocks.cpp,CLocks.cpp,.cpp,367,d59441b64e880837ed0cdf0bda17f535b860771793e13ac650145c388b56689e,2022-06-28T17:52:46.193727+08:00,false,false,true,false,true,true,true,,22.3801
hardware/board_image/赛事专用卡-镜像开源资料/01-镜像工具/extracted/产线-Upgrade_Download_R27.22.3801/Upgrade_Download_R27.22.3801/Download_R27.22.3801/Source/Common/Lock/CLocks.h,CLocks.h,.h,759,1c31acfd095fcad921ddb3b272ba2f822f0f9173cc29d5cdeb4bf835c1be3d10,2022-06-28T17:52:46.213712+08:00,false,false,true,false,true,true,true,,22.3801
hardware/board_image/赛事专用卡-镜像开源资料/01-镜像工具/extracted/产线-Upgrade_Download_R27.22.3801/Upgrade_Download_R27.22.3801/Download_R27.22.3801/Source/Common/Lock/CRWQueue.h,CRWQueue.h,.h,11415,7062556f58688ee625b74d3c476c3cde876d33b532a1536b930ae57b2ea93db0,2022-06-28T17:52:46.223712+08:00,false,false,true,false,true,true,true,,22.3801
hardware/board_image/赛事专用卡-镜像开源资料/01-镜像工具/extracted/产线-Upgrade_Download_R27.22.3801/Upgrade_Download_R27.22.3801/Download_R27.22.3801/Source/Common/Lock/CSimpleLock.cpp,CSimpleLock.cpp,.cpp,321,012c23b1882b511801f57a1ffde625ba2cf9ed5fb7725ff60a487335b2d8c167,2022-06-28T17:52:46.233712+08:00,false,false,true,false,true,true,true,,22.3801
hardware/board_image/赛事专用卡-镜像开源资料/01-镜像工具/extracted/产线-Upgrade_Download_R27.22.3801/Upgrade_Download_R27.22.3801/Download_R27.22.3801/Source/Common/Lock/CSimpleLock.h,CSimpleLock.h,.h,923,01a3fed047fed825a3d1b074ddb619dba355820dd88907269c20e6a39071c159,2022-06-28T17:52:46.253712+08:00,false,false,true,false,true,true,true,,22.3801
hardware/board_image/赛事专用卡-镜像开源资料/01-镜像工具/extracted/产线-Upgrade_Download_R27.22.3801/Upgrade_Download_R27.22.3801/Download_R27.22.3801/Source/Common/Lock/SpinLock.cpp,SpinLock.cpp,.cpp,1038,b5dc6191bde2c096883518de292c7c86c81b79701ba7a0d07f1fb99e444aa490,2022-06-28T17:52:46.203711+08:00,false,false,true,false,true,true,true,,22.3801
hardware/board_image/赛事专用卡-镜像开源资料/01-镜像工具/extracted/产线-Upgrade_Download_R27.22.3801/Upgrade_Download_R27.22.3801/Download_R27.22.3801/Source/Common/Lock/SpinLock.h,SpinLock.h,.h,586,ed3148d9419179ce64f0b771463c5360854c341899c2154e6daa1be33340fe5a,2022-06-28T17:52:46.243717+08:00,false,false,true,false,true,true,true,,22.3801
hardware/board_image/赛事专用卡-镜像开源资料/01-镜像工具/extracted/产线-Upgrade_Download_R27.22.3801/Upgrade_Download_R27.22.3801/Download_R27.22.3801/Source/Common/PhaseCheck/PhaseCheckBuild.cpp,PhaseCheckBuild.cpp,.cpp,29697,636c06672075e4a335735799fc01d4a6b23af7728c5039772d3bccfd263bfec3,2022-06-28T17:52:46.273711+08:00,false,false,true,false,true,true,true,,22.3801
hardware/board_image/赛事专用卡-镜像开源资料/01-镜像工具/extracted/产线-Upgrade_Download_R27.22.3801/Upgrade_Download_R27.22.3801/Download_R27.22.3801/Source/Common/PhaseCheck/PhaseCheckBuild.h,PhaseCheckBuild.h,.h,2921,09055578142f4d7ffb610bd86671c7820497dadfda3911b65255505d30c1241c,2022-06-28T17:52:46.283715+08:00,false,false,true,false,true,true,true,,22.3801
hardware/board_image/赛事专用卡-镜像开源资料/01-镜像工具/extracted/产线-Upgrade_Download_R27.22.3801/Upgrade_Download_R27.22.3801/Download_R27.22.3801/Source/Common/PhaseCheck/phdef.h,phdef.h,.h,6794,ec3e45f7205272e5977180e9b024301bcc50146f3a2f0aa80a7578ce9d9ddeb3,2022-06-28T17:52:46.263714+08:00,false,false,true,false,true,true,true,,22.3801
hardware/board_image/赛事专用卡-镜像开源资料/01-镜像工具/extracted/产线-Upgrade_Download_R27.22.3801/Upgrade_Download_R27.22.3801/Download_R27.22.3801/Source/Common/Thread/Thread.cpp,Thread.cpp,.cpp,2472,0ff48ef9243057a834a211e1ac24c5f6462ee733aeaf8f1c037460e38fb8df27,2022-06-28T17:52:47.593712+08:00,false,false,true,false,true,true,true,,22.3801
hardware/board_image/赛事专用卡-镜像开源资料/01-镜像工具/extracted/产线-Upgrade_Download_R27.22.3801/Upgrade_Download_R27.22.3801/Download_R27.22.3801/Source/Common/Thread/Thread.h,Thread.h,.h,4666,11d4ff67e67338d22299792ad01787d2b955b0e69bdafda5b1e1dc7a63730409,2022-06-28T17:52:47.583724+08:00,false,false,true,false,true,true,true,,22.3801
hardware/board_image/赛事专用卡-镜像开源资料/01-镜像工具/extracted/产线-Upgrade_Download_R27.22.3801/Upgrade_Download_R27.22.3801/Download_R27.22.3801/Source/Common/Tr/ISpLogExport.h,ISpLogExport.h,.h,18241,aa27ef12703e724af00c3164d5ec2e94f896e8d68f085c483a236777b9f832e5,2022-06-28T17:52:47.833710+08:00,false,false,true,false,true,true,true,,22.3801
hardware/board_image/赛事专用卡-镜像开源资料/01-镜像工具/extracted/产线-Upgrade_Download_R27.22.3801/Upgrade_Download_R27.22.3801/Download_R27.22.3801/Source/Common/Tr/Tr.cpp,Tr.cpp,.cpp,5443,762c669dd58a721a01120f3d28890691e74386422096ad2e2b7083f9522eb9fb,2022-08-23T11:35:29.571935+08:00,false,false,true,false,true,true,true,,22.3801
hardware/board_image/赛事专用卡-镜像开源资料/01-镜像工具/extracted/产线-Upgrade_Download_R27.22.3801/Upgrade_Download_R27.22.3801/Download_R27.22.3801/Source/Common/Tr/Tr.h,Tr.h,.h,3021,9cf277e39291eaa4caef67867bd86d14c9b478c687f5cc59ab595388a4bf0af7,2022-08-23T11:35:16.307005+08:00,false,false,true,false,true,true,true,,22.3801
hardware/board_image/赛事专用卡-镜像开源资料/01-镜像工具/extracted/产线-Upgrade_Download_R27.22.3801/Upgrade_Download_R27.22.3801/Download_R27.22.3801/Source/Common/UtilFn/AppVer.cpp,AppVer.cpp,.cpp,2997,4258bf7c2497875d361c22c52c8c316cad53aa47693ea484a43eb2f6aded6619,2022-09-05T22:17:55.623402+08:00,false,false,true,false,true,true,true,,22.3801
hardware/board_image/赛事专用卡-镜像开源资料/01-镜像工具/extracted/产线-Upgrade_Download_R27.22.3801/Upgrade_Download_R27.22.3801/Download_R27.22.3801/Source/Common/UtilFn/AppVer.h,AppVer.h,.h,577,738979a27feab61d5cb29eb708538e76c28e41aa28273718d12efc01e3ea5d7b,2022-09-05T21:54:27.056854+08:00,false,false,true,false,true,true,true,,22.3801
hardware/board_image/赛事专用卡-镜像开源资料/01-镜像工具/extracted/产线-Upgrade_Download_R27.22.3801/Upgrade_Download_R27.22.3801/Download_R27.22.3801/Source/Common/UtilFn/Utility.cpp,Utility.cpp,.cpp,30044,bd6ec0a1c8bf7b647ecb3a9ec0b58cf0c03df3991b2c18c326729157f3328b3c,2022-06-28T17:52:46.313745+08:00,false,false,true,false,true,true,true,,22.3801
hardware/board_image/赛事专用卡-镜像开源资料/01-镜像工具/extracted/产线-Upgrade_Download_R27.22.3801/Upgrade_Download_R27.22.3801/Download_R27.22.3801/Source/Common/UtilFn/Utility.h,Utility.h,.h,7549,29902294078bd4076399f754667916a2394a929b0e4e1f29afb956598a8176e5,2022-06-28T17:52:46.323713+08:00,false,false,true,false,true,true,true,,22.3801
hardware/board_image/赛事专用卡-镜像开源资料/01-镜像工具/extracted/产线-Upgrade_Download_R27.22.3801/Upgrade_Download_R27.22.3801/Download_R27.22.3801/Source/Customized/AuthenticationLib/AuthenticationImpl.cpp,AuthenticationImpl.cpp,.cpp,9489,a6f9a96713a186594fa1b9815b6b49efb9c340fd3041895fa44d442cb759b3dc,2022-09-08T13:58:41.744420+08:00,false,false,true,false,true,true,true,,22.3801
hardware/board_image/赛事专用卡-镜像开源资料/01-镜像工具/extracted/产线-Upgrade_Download_R27.22.3801/Upgrade_Download_R27.22.3801/Download_R27.22.3801/Source/Customized/AuthenticationLib/AuthenticationImpl.h,AuthenticationImpl.h,.h,507,048d89d8b27be765c64bfc8e5757877e9793058d7405345369d28b32180f1e9e,2022-09-08T13:58:21.322474+08:00,false,false,true,false,true,true,true,,22.3801
hardware/board_image/赛事专用卡-镜像开源资料/01-镜像工具/extracted/产线-Upgrade_Download_R27.22.3801/Upgrade_Download_R27.22.3801/Download_R27.22.3801/Source/Customized/AuthenticationLib/AuthenticationLib.cpp,AuthenticationLib.cpp,.cpp,750,174278e50a7d2aa6ca31c76cedf187b31cdb570f36092e9ea9623dba700b63da,2022-09-08T13:58:52.258285+08:00,false,false,true,false,true,true,true,,22.3801
hardware/board_image/赛事专用卡-镜像开源资料/01-镜像工具/extracted/产线-Upgrade_Download_R27.22.3801/Upgrade_Download_R27.22.3801/Download_R27.22.3801/Source/Customized/AuthenticationLib/AuthenticationLib.rc,AuthenticationLib.rc,.rc,2402,009bcab2ffcbf198f22cd8a13579c2bd8a40316e50dd145b289d595c4a81f449,2022-09-14T13:59:38.218299+08:00,false,false,false,false,true,true,true,,22.3801
hardware/board_image/赛事专用卡-镜像开源资料/01-镜像工具/extracted/产线-Upgrade_Download_R27.22.3801/Upgrade_Download_R27.22.3801/Download_R27.22.3801/Source/Customized/AuthenticationLib/AuthenticationLib.vcxproj,AuthenticationLib.vcxproj,.vcxproj,10282,91e8e09b1ef580bf2b4d26f1d56bc2bd616d6559638cd35809fd1b731628f55d,2022-09-08T13:58:57.095942+08:00,false,false,false,false,true,true,true,,22.3801
hardware/board_image/赛事专用卡-镜像开源资料/01-镜像工具/extracted/产线-Upgrade_Download_R27.22.3801/Upgrade_Download_R27.22.3801/Download_R27.22.3801/Source/Customized/AuthenticationLib/AuthenticationLib.vcxproj.filters,AuthenticationLib.vcxproj.filters,.vcxproj.filters,2289,dfa37783d6812dbd8cf3f14b522c46bd75a26261541c5426334fe1fdf1df207d,2022-09-08T13:58:57.056031+08:00,false,false,false,false,true,true,true,,22.3801
hardware/board_image/赛事专用卡-镜像开源资料/01-镜像工具/extracted/产线-Upgrade_Download_R27.22.3801/Upgrade_Download_R27.22.3801/Download_R27.22.3801/Source/Customized/AuthenticationLib/AuthenticationLib.vcxproj.user,AuthenticationLib.vcxproj.user,.vcxproj.user,168,c06a75b13f855a94d46616796e024c52b499f8f92cf00ccb571ddbc6ff574676,2022-08-09T13:22:09.402372+08:00,false,false,false,false,true,true,true,,22.3801
hardware/board_image/赛事专用卡-镜像开源资料/01-镜像工具/extracted/产线-Upgrade_Download_R27.22.3801/Upgrade_Download_R27.22.3801/Download_R27.22.3801/Source/Customized/AuthenticationLib/framework.h,framework.h,.h,159,ff8a09dcdae188436337ec0bfdf56ccca20708d75f17831f1406e2ca20424158,2022-08-09T13:22:09.935982+08:00,false,false,true,false,true,true,true,,22.3801
hardware/board_image/赛事专用卡-镜像开源资料/01-镜像工具/extracted/产线-Upgrade_Download_R27.22.3801/Upgrade_Download_R27.22.3801/Download_R27.22.3801/Source/Customized/AuthenticationLib/resource.h,resource.h,.h,396,38fb7342aa7c06a2011d0ae86586aa2dbf184f16fe13db9a468ac021de22f760,2022-09-05T22:23:27.589331+08:00,false,false,true,false,true,true,true,,22.3801
hardware/board_image/赛事专用卡-镜像开源资料/01-镜像工具/extracted/产线-Upgrade_Download_R27.22.3801/Upgrade_Download_R27.22.3801/Download_R27.22.3801/Source/Customized/AuthenticationLib/StdAfx.cpp,StdAfx.cpp,.cpp,161,c3bdd1948b8ef98de9c5cc3b673e2e188f7d0063d0d459eedcdea245af17dd31,2022-08-09T14:25:05.160644+08:00,false,false,true,false,true,true,true,,22.3801
hardware/board_image/赛事专用卡-镜像开源资料/01-镜像工具/extracted/产线-Upgrade_Download_R27.22.3801/Upgrade_Download_R27.22.3801/Download_R27.22.3801/Source/Customized/AuthenticationLib/StdAfx.h,StdAfx.h,.h,544,067525f2e3cc463559231a3d749d24857627f14e360d398a82f8e549e8c79fc3,2022-08-09T13:22:10.370871+08:00,false,false,true,false,true,true,true,,22.3801
hardware/board_image/赛事专用卡-镜像开源资料/01-镜像工具/extracted/产线-Upgrade_Download_R27.22.3801/Upgrade_Download_R27.22.3801/Download_R27.22.3801/Source/Customized/Customized.sln,Customized.sln,.sln,2253,5982879a184c0f425cecf1a76174f3d301112611e9cad1a443ec9bc38573f11d,2022-08-12T09:55:21.673972+08:00,false,false,false,false,true,true,true,,22.3801
hardware/board_image/赛事专用卡-镜像开源资料/01-镜像工具/extracted/产线-Upgrade_Download_R27.22.3801/Upgrade_Download_R27.22.3801/Download_R27.22.3801/Source/Customized/FlashOperationLib/FlashOperationImpl.cpp,FlashOperationImpl.cpp,.cpp,4282,5bb54c6c8374d1fd531ef513c5f730befd3d36121341904232f332fbc37a0553,2022-09-09T18:30:36.446264+08:00,false,false,true,false,true,true,true,,22.3801
hardware/board_image/赛事专用卡-镜像开源资料/01-镜像工具/extracted/产线-Upgrade_Download_R27.22.3801/Upgrade_Download_R27.22.3801/Download_R27.22.3801/Source/Customized/FlashOperationLib/FlashOperationImpl.h,FlashOperationImpl.h,.h,918,4a73a6064c5bd54e3c06cb70b9bdb162ffc3c0fce7586208e63108aea283783e,2022-09-08T14:04:38.444228+08:00,false,false,true,false,true,true,true,,22.3801
hardware/board_image/赛事专用卡-镜像开源资料/01-镜像工具/extracted/产线-Upgrade_Download_R27.22.3801/Upgrade_Download_R27.22.3801/Download_R27.22.3801/Source/Customized/FlashOperationLib/FlashOperationLib.cpp,FlashOperationLib.cpp,.cpp,1094,9484c44cc867f42bf8746ca97e38d7ad77bce69d79ab7c3c10a8b6744d8bd8a8,2022-09-08T14:03:57.083966+08:00,false,false,true,false,true,true,true,,22.3801
hardware/board_image/赛事专用卡-镜像开源资料/01-镜像工具/extracted/产线-Upgrade_Download_R27.22.3801/Upgrade_Download_R27.22.3801/Download_R27.22.3801/Source/Customized/FlashOperationLib/FlashOperationLib.rc,FlashOperationLib.rc,.rc,2402,c6cbf443af0e1273b4e717b3f78ee7b3abd9d94ff4bb5760ca59885efdb80192,2022-09-14T13:59:38.253204+08:00,false,false,false,false,true,true,true,,22.3801
hardware/board_image/赛事专用卡-镜像开源资料/01-镜像工具/extracted/产线-Upgrade_Download_R27.22.3801/Upgrade_Download_R27.22.3801/Download_R27.22.3801/Source/Customized/FlashOperationLib/FlashOperationLib.vcxproj,FlashOperationLib.vcxproj,.vcxproj,10282,157787a2d36446c8f22ad4801f6b34662cbfb7470c2887f1439c40fa8b1fd129,2022-09-08T14:04:46.102346+08:00,false,false,false,false,true,true,true,,22.3801
hardware/board_image/赛事专用卡-镜像开源资料/01-镜像工具/extracted/产线-Upgrade_Download_R27.22.3801/Upgrade_Download_R27.22.3801/Download_R27.22.3801/Source/Customized/FlashOperationLib/FlashOperationLib.vcxproj.filters,FlashOperationLib.vcxproj.filters,.vcxproj.filters,2289,a4f422f84415845500d86e2a6abb048fbbe49e645c7d3daf6dcbcc79699ab28b,2022-09-08T14:04:46.097385+08:00,false,false,false,false,true,true,true,,22.3801
hardware/board_image/赛事专用卡-镜像开源资料/01-镜像工具/extracted/产线-Upgrade_Download_R27.22.3801/Upgrade_Download_R27.22.3801/Download_R27.22.3801/Source/Customized/FlashOperationLib/FlashOperationLib.vcxproj.user,FlashOperationLib.vcxproj.user,.vcxproj.user,168,c06a75b13f855a94d46616796e024c52b499f8f92cf00ccb571ddbc6ff574676,2022-08-09T13:22:09.402372+08:00,false,false,false,false,true,true,true,,22.3801
hardware/board_image/赛事专用卡-镜像开源资料/01-镜像工具/extracted/产线-Upgrade_Download_R27.22.3801/Upgrade_Download_R27.22.3801/Download_R27.22.3801/Source/Customized/FlashOperationLib/framework.h,framework.h,.h,159,ff8a09dcdae188436337ec0bfdf56ccca20708d75f17831f1406e2ca20424158,2022-08-09T13:22:09.935982+08:00,false,false,true,false,true,true,true,,22.3801
hardware/board_image/赛事专用卡-镜像开源资料/01-镜像工具/extracted/产线-Upgrade_Download_R27.22.3801/Upgrade_Download_R27.22.3801/Download_R27.22.3801/Source/Customized/FlashOperationLib/resource.h,resource.h,.h,396,973b8327362161761e43e5438feea1729699b838562efa585b8c122534fb66bf,2022-09-05T22:26:41.327547+08:00,false,false,true,false,true,true,true,,22.3801
hardware/board_image/赛事专用卡-镜像开源资料/01-镜像工具/extracted/产线-Upgrade_Download_R27.22.3801/Upgrade_Download_R27.22.3801/Download_R27.22.3801/Source/Customized/FlashOperationLib/StdAfx.cpp,StdAfx.cpp,.cpp,161,c3bdd1948b8ef98de9c5cc3b673e2e188f7d0063d0d459eedcdea245af17dd31,2022-08-09T14:25:05.160644+08:00,false,false,true,false,true,true,true,,22.3801
hardware/board_image/赛事专用卡-镜像开源资料/01-镜像工具/extracted/产线-Upgrade_Download_R27.22.3801/Upgrade_Download_R27.22.3801/Download_R27.22.3801/Source/Customized/FlashOperationLib/StdAfx.h,StdAfx.h,.h,544,067525f2e3cc463559231a3d749d24857627f14e360d398a82f8e549e8c79fc3,2022-08-09T13:22:10.370871+08:00,false,false,true,false,true,true,true,,22.3801
hardware/board_image/赛事专用卡-镜像开源资料/01-镜像工具/extracted/产线-Upgrade_Download_R27.22.3801/Upgrade_Download_R27.22.3801/Download_R27.22.3801/Source/Customized/MesLib/framework.h,framework.h,.h,159,ff8a09dcdae188436337ec0bfdf56ccca20708d75f17831f1406e2ca20424158,2022-08-09T13:22:09.935982+08:00,false,false,true,false,true,true,true,,22.3801
hardware/board_image/赛事专用卡-镜像开源资料/01-镜像工具/extracted/产线-Upgrade_Download_R27.22.3801/Upgrade_Download_R27.22.3801/Download_R27.22.3801/Source/Customized/MesLib/MesImpl.cpp,MesImpl.cpp,.cpp,1581,1d0e9418f68ff3a0825b1978b68d20f0e4487480d9f87dd414f9d1ad392d5974,2022-09-08T15:34:07.596676+08:00,false,false,true,false,true,true,true,,22.3801
hardware/board_image/赛事专用卡-镜像开源资料/01-镜像工具/extracted/产线-Upgrade_Download_R27.22.3801/Upgrade_Download_R27.22.3801/Download_R27.22.3801/Source/Customized/MesLib/MesImpl.h,MesImpl.h,.h,750,d22d38fe9ac66c46bae8a41eb5f3e9492a2cf79d88b7ad1425686122360c1e02,2022-09-08T15:34:58.569404+08:00,false,false,true,false,true,true,true,,22.3801
hardware/board_image/赛事专用卡-镜像开源资料/01-镜像工具/extracted/产线-Upgrade_Download_R27.22.3801/Upgrade_Download_R27.22.3801/Download_R27.22.3801/Source/Customized/MesLib/MesLib.cpp,MesLib.cpp,.cpp,1274,d35759ec38b05c97538be593747d2d9f1eed52d920143cdd78c45061a71b82ee,2022-09-08T15:33:55.813714+08:00,false,false,true,false,true,true,true,,22.3801
hardware/board_image/赛事专用卡-镜像开源资料/01-镜像工具/extracted/产线-Upgrade_Download_R27.22.3801/Upgrade_Download_R27.22.3801/Download_R27.22.3801/Source/Customized/MesLib/MesLib.rc,MesLib.rc,.rc,2360,1772d6a08c154cbfec0938858216ab8c5dbb27cab0e9a01d4876f41115ef2ab1,2022-09-14T13:59:38.287114+08:00,false,false,false,false,true,true,true,,22.3801
hardware/board_image/赛事专用卡-镜像开源资料/01-镜像工具/extracted/产线-Upgrade_Download_R27.22.3801/Upgrade_Download_R27.22.3801/Download_R27.22.3801/Source/Customized/MesLib/MesLib.vcxproj,MesLib.vcxproj,.vcxproj,10946,637bf5a98454ad211cfd01bd30354a19766f41fc9d865a9d5f72bdbb39c0cc44,2022-09-08T14:12:57.115777+08:00,false,false,false,false,true,true,true,,22.3801
hardware/board_image/赛事专用卡-镜像开源资料/01-镜像工具/extracted/产线-Upgrade_Download_R27.22.3801/Upgrade_Download_R27.22.3801/Download_R27.22.3801/Source/Customized/MesLib/MesLib.vcxproj.filters,MesLib.vcxproj.filters,.vcxproj.filters,3538,24630f948fc41b132dd860c2a1e1492ce4a89c7c01c1140ce3c6887342b6f0c2,2022-09-08T14:12:57.110791+08:00,false,false,false,false,true,true,true,,22.3801
hardware/board_image/赛事专用卡-镜像开源资料/01-镜像工具/extracted/产线-Upgrade_Download_R27.22.3801/Upgrade_Download_R27.22.3801/Download_R27.22.3801/Source/Customized/MesLib/MesLib.vcxproj.user,MesLib.vcxproj.user,.vcxproj.user,168,c06a75b13f855a94d46616796e024c52b499f8f92cf00ccb571ddbc6ff574676,2022-08-09T13:22:09.402372+08:00,false,false,false,false,true,true,true,,22.3801
hardware/board_image/赛事专用卡-镜像开源资料/01-镜像工具/extracted/产线-Upgrade_Download_R27.22.3801/Upgrade_Download_R27.22.3801/Download_R27.22.3801/Source/Customized/MesLib/resource.h,resource.h,.h,385,921d9ff1a7198b3385d55296e8789ae6c8261d918b864ed125737fd7979ead29,2022-09-05T22:26:24.010743+08:00,false,false,true,false,true,true,true,,22.3801
hardware/board_image/赛事专用卡-镜像开源资料/01-镜像工具/extracted/产线-Upgrade_Download_R27.22.3801/Upgrade_Download_R27.22.3801/Download_R27.22.3801/Source/Customized/MesLib/StdAfx.cpp,StdAfx.cpp,.cpp,161,c3bdd1948b8ef98de9c5cc3b673e2e188f7d0063d0d459eedcdea245af17dd31,2022-08-09T14:25:05.160644+08:00,false,false,true,false,true,true,true,,22.3801
hardware/board_image/赛事专用卡-镜像开源资料/01-镜像工具/extracted/产线-Upgrade_Download_R27.22.3801/Upgrade_Download_R27.22.3801/Download_R27.22.3801/Source/Customized/MesLib/StdAfx.h,StdAfx.h,.h,542,9b30fbfed9e995fd28158fa5de467be1185448737f75cd658bd3486d43118264,2022-08-30T14:47:04.033434+08:00,false,false,true,false,true,true,true,,22.3801
hardware/board_image/赛事专用卡-镜像开源资料/01-镜像工具/extracted/产线-Upgrade_Download_R27.22.3801/Upgrade_Download_R27.22.3801/Download_R27.22.3801/Source/Customized/MesLib/UnisocMesHelper.cpp,UnisocMesHelper.cpp,.cpp,11285,aa4d575039667f5b56463ba8b79c3b03337460c602669743b5a79c4ee1abd442,2022-09-08T18:37:07.017843+08:00,false,false,true,false,true,true,true,,22.3801
hardware/board_image/赛事专用卡-镜像开源资料/01-镜像工具/extracted/产线-Upgrade_Download_R27.22.3801/Upgrade_Download_R27.22.3801/Download_R27.22.3801/Source/Customized/MesLib/UnisocMesHelper.h,UnisocMesHelper.h,.h,886,263219733bdaf85380b91b5d2e6ac215c641e7f2ced6af6146598ddf10a61622,2022-08-30T17:09:28.723921+08:00,false,false,true,false,true,true,true,,22.3801
hardware/board_image/赛事专用卡-镜像开源资料/01-镜像工具/extracted/产线-Upgrade_Download_R27.22.3801/Upgrade_Download_R27.22.3801/Download_R27.22.3801/Source/InvokeDemo/ConsoleInvokeDemo/CallbackHelper.cpp,CallbackHelper.cpp,.cpp,6792,618f6cca7e0ec20ee9c8a29f786818f3a9455e87288565b4d29f0a06d990d7d6,2022-08-20T22:28:27.543671+08:00,false,false,true,false,true,true,true,,22.3801
hardware/board_image/赛事专用卡-镜像开源资料/01-镜像工具/extracted/产线-Upgrade_Download_R27.22.3801/Upgrade_Download_R27.22.3801/Download_R27.22.3801/Source/InvokeDemo/ConsoleInvokeDemo/CallbackHelper.h,CallbackHelper.h,.h,1282,22189763ae69250423acfdf26f83110fb953892ff5eb1b2ef2e3df3178aa53a2,2022-08-20T15:40:30.546563+08:00,false,false,true,false,true,true,true,,22.3801
hardware/board_image/赛事专用卡-镜像开源资料/01-镜像工具/extracted/产线-Upgrade_Download_R27.22.3801/Upgrade_Download_R27.22.3801/Download_R27.22.3801/Source/InvokeDemo/ConsoleInvokeDemo/ConsoleHelper.cpp,ConsoleHelper.cpp,.cpp,1195,a36fb3fc2b7caedfa4dd648c3322bed9789cf85c8921d3da9199fb720ce1b12b,2022-06-21T15:49:46.337980+08:00,false,false,true,false,true,true,true,,22.3801
hardware/board_image/赛事专用卡-镜像开源资料/01-镜像工具/extracted/产线-Upgrade_Download_R27.22.3801/Upgrade_Download_R27.22.3801/Download_R27.22.3801/Source/InvokeDemo/ConsoleInvokeDemo/ConsoleHelper.h,ConsoleHelper.h,.h,531,b5066848b74ae9786cf6711eb4eccaae5f35786299adddaf3960279f7d706ed6,2022-06-21T15:49:46.347980+08:00,false,false,true,false,true,true,true,,22.3801
hardware/board_image/赛事专用卡-镜像开源资料/01-镜像工具/extracted/产线-Upgrade_Download_R27.22.3801/Upgrade_Download_R27.22.3801/Download_R27.22.3801/Source/InvokeDemo/ConsoleInvokeDemo/ConsoleMoniter.cpp,ConsoleMoniter.cpp,.cpp,1101,f09a794af663cdc9709e0c22597fd2fdeae9fa7e2b3330c5caff18129b828123,2022-06-21T15:49:46.437981+08:00,false,false,true,false,true,true,true,,22.3801
hardware/board_image/赛事专用卡-镜像开源资料/01-镜像工具/extracted/产线-Upgrade_Download_R27.22.3801/Upgrade_Download_R27.22.3801/Download_R27.22.3801/Source/InvokeDemo/ConsoleInvokeDemo/ConsoleMoniter.h,ConsoleMoniter.h,.h,728,e5e02ce5daa65e4038ac908d17a166f6a82eddb93bbdf86128087e8ac3eaef90,2022-06-21T15:49:46.347980+08:00,false,false,true,false,true,true,true,,22.3801
hardware/board_image/赛事专用卡-镜像开源资料/01-镜像工具/extracted/产线-Upgrade_Download_R27.22.3801/Upgrade_Download_R27.22.3801/Download_R27.22.3801/Source/InvokeDemo/ConsoleInvokeDemo/DevMoniter.cpp,DevMoniter.cpp,.cpp,1290,d04d0630e5ea2428793440c79decef973bc4a19194d5f12d29480369651f41f7,2022-08-20T16:03:43.307105+08:00,false,false,true,false,true,true,true,,22.3801
hardware/board_image/赛事专用卡-镜像开源资料/01-镜像工具/extracted/产线-Upgrade_Download_R27.22.3801/Upgrade_Download_R27.22.3801/Download_R27.22.3801/Source/InvokeDemo/ConsoleInvokeDemo/DevMoniter.h,DevMoniter.h,.h,711,2e57216aa9822cd8df10368161a6bc14b2564c01df00dd928c55aea25d905bf9,2022-06-21T15:49:46.387982+08:00,false,false,true,false,true,true,true,,22.3801
hardware/board_image/赛事专用卡-镜像开源资料/01-镜像工具/extracted/产线-Upgrade_Download_R27.22.3801/Upgrade_Download_R27.22.3801/Download_R27.22.3801/Source/InvokeDemo/ConsoleInvokeDemo/FrameworkHelper.cpp,FrameworkHelper.cpp,.cpp,5721,640937e1b6947c530dc896a5117ccba9a3c99684d5a66dcab0d5f75905569a22,2022-08-20T22:37:02.440601+08:00,false,false,true,false,true,true,true,,22.3801
hardware/board_image/赛事专用卡-镜像开源资料/01-镜像工具/extracted/产线-Upgrade_Download_R27.22.3801/Upgrade_Download_R27.22.3801/Download_R27.22.3801/Source/InvokeDemo/ConsoleInvokeDemo/FrameworkHelper.h,FrameworkHelper.h,.h,854,820a733308f9e81e3dd4f4b31a724da572673e0d84300862ddd711c678b2781f,2022-08-20T22:36:22.038899+08:00,false,false,true,false,true,true,true,,22.3801
hardware/board_image/赛事专用卡-镜像开源资料/01-镜像工具/extracted/产线-Upgrade_Download_R27.22.3801/Upgrade_Download_R27.22.3801/Download_R27.22.3801/Source/InvokeDemo/ConsoleInvokeDemo/InvokeDemo.vcxproj,InvokeDemo.vcxproj,.vcxproj,7619,76861b493be1f1d5c97cce0e02774aa09bcfc9635938dd5f0a252494a3e9eddf,2022-08-13T14:37:30.333224+08:00,false,false,false,false,true,true,true,,22.3801
hardware/board_image/赛事专用卡-镜像开源资料/01-镜像工具/extracted/产线-Upgrade_Download_R27.22.3801/Upgrade_Download_R27.22.3801/Download_R27.22.3801/Source/InvokeDemo/ConsoleInvokeDemo/InvokeDemo.vcxproj.filters,InvokeDemo.vcxproj.filters,.vcxproj.filters,2837,1e0d0ca3101a723ab7dc7967ba001312425ab8e8a1341434b74235c8dd018d22,2022-08-12T10:17:38.020051+08:00,false,false,false,false,true,true,true,,22.3801
hardware/board_image/赛事专用卡-镜像开源资料/01-镜像工具/extracted/产线-Upgrade_Download_R27.22.3801/Upgrade_Download_R27.22.3801/Download_R27.22.3801/Source/InvokeDemo/ConsoleInvokeDemo/InvokeDemo.vcxproj.user,InvokeDemo.vcxproj.user,.vcxproj.user,168,c06a75b13f855a94d46616796e024c52b499f8f92cf00ccb571ddbc6ff574676,2022-06-21T15:49:46.397981+08:00,false,false,false,false,true,true,true,,22.3801
hardware/board_image/赛事专用卡-镜像开源资料/01-镜像工具/extracted/产线-Upgrade_Download_R27.22.3801/Upgrade_Download_R27.22.3801/Download_R27.22.3801/Source/InvokeDemo/ConsoleInvokeDemo/main.cpp,main.cpp,.cpp,2946,7499ed3f2221c54643a0367f11874e7fa7e1a8ceb5fe7787338c9e2d2bdd8f9b,2022-08-21T13:10:43.102957+08:00,false,false,true,false,true,true,true,,22.3801
hardware/board_image/赛事专用卡-镜像开源资料/01-镜像工具/extracted/产线-Upgrade_Download_R27.22.3801/Upgrade_Download_R27.22.3801/Download_R27.22.3801/Source/InvokeDemo/ConsoleInvokeDemo/ReadMe.txt,ReadMe.txt,.txt,1320,b5b7d4fd1823730af752a50ba29a7f082b66643a65bde942abe5c2fc8c2f298a,2022-06-21T15:49:46.407980+08:00,false,true,false,false,true,true,true,,22.3801
hardware/board_image/赛事专用卡-镜像开源资料/01-镜像工具/extracted/产线-Upgrade_Download_R27.22.3801/Upgrade_Download_R27.22.3801/Download_R27.22.3801/Source/InvokeDemo/ConsoleInvokeDemo/stdafx.cpp,stdafx.cpp,.cpp,297,56b8fd24849d7a723c61a3e11f5ffe5fad7b0ec247ed0c9e7b84d4978fb6669c,2022-06-21T15:49:46.397981+08:00,false,false,true,false,true,true,true,,22.3801
hardware/board_image/赛事专用卡-镜像开源资料/01-镜像工具/extracted/产线-Upgrade_Download_R27.22.3801/Upgrade_Download_R27.22.3801/Download_R27.22.3801/Source/InvokeDemo/ConsoleInvokeDemo/stdafx.h,stdafx.h,.h,580,04995629703e6c5647d80a9df9b952589db9f8740145d0a1b081115e18c106ac,2022-06-21T15:49:46.427980+08:00,false,false,true,false,true,true,true,,22.3801
hardware/board_image/赛事专用卡-镜像开源资料/01-镜像工具/extracted/产线-Upgrade_Download_R27.22.3801/Upgrade_Download_R27.22.3801/Download_R27.22.3801/Source/InvokeDemo/ConsoleInvokeDemo/targetver.h,targetver.h,.h,765,bad5ca557eb99c1e3a43d3098fe0fef8def7228b724dcff3a72143f3717a8eb8,2022-06-21T15:49:46.357980+08:00,false,false,true,false,true,true,true,,22.3801
hardware/board_image/赛事专用卡-镜像开源资料/01-镜像工具/extracted/产线-Upgrade_Download_R27.22.3801/Upgrade_Download_R27.22.3801/Download_R27.22.3801/Source/InvokeDemo/InvokeDemo.sln,InvokeDemo.sln,.sln,2090,07d1e877071a455c09386bd77e54ea839f96e0c451916c410ee48836a619e352,2022-08-12T13:22:29.419582+08:00,false,false,false,false,true,true,true,,22.3801
hardware/board_image/赛事专用卡-镜像开源资料/01-镜像工具/extracted/产线-Upgrade_Download_R27.22.3801/Upgrade_Download_R27.22.3801/Download_R27.22.3801/Source/InvokeDemo/MFCInvokeDemo/CallbackHelper.cpp,CallbackHelper.cpp,.cpp,6403,5fdd12fed180f3a60ec454523854c8d3920de053deeaa25ed7448aeec4491d00,2022-08-13T14:43:45.799130+08:00,false,false,true,false,true,true,true,,22.3801
hardware/board_image/赛事专用卡-镜像开源资料/01-镜像工具/extracted/产线-Upgrade_Download_R27.22.3801/Upgrade_Download_R27.22.3801/Download_R27.22.3801/Source/InvokeDemo/MFCInvokeDemo/CallbackHelper.h,CallbackHelper.h,.h,1472,bc9b25c5024589240b9aac7443f89a5fe8483be7c1777c4bb31e6c1c92b92c32,2022-08-12T11:42:24.775794+08:00,false,false,true,false,true,true,true,,22.3801
hardware/board_image/赛事专用卡-镜像开源资料/01-镜像工具/extracted/产线-Upgrade_Download_R27.22.3801/Upgrade_Download_R27.22.3801/Download_R27.22.3801/Source/InvokeDemo/MFCInvokeDemo/FrameHelper.cpp,FrameHelper.cpp,.cpp,1526,7c53c395e24d17a6c5d0bc19c87c66ddce95231c08885b241d0abc2131c02c14,2022-08-12T13:12:40.101211+08:00,false,false,true,false,true,true,true,,22.3801
hardware/board_image/赛事专用卡-镜像开源资料/01-镜像工具/extracted/产线-Upgrade_Download_R27.22.3801/Upgrade_Download_R27.22.3801/Download_R27.22.3801/Source/InvokeDemo/MFCInvokeDemo/FrameHelper.h,FrameHelper.h,.h,589,eb9a6e1b1c399b1ce9463c3d86038bfab11f6e4200d976bb80b74aa76754ce43,2022-08-12T11:50:48.358160+08:00,false,false,true,false,true,true,true,,22.3801
hardware/board_image/赛事专用卡-镜像开源资料/01-镜像工具/extracted/产线-Upgrade_Download_R27.22.3801/Upgrade_Download_R27.22.3801/Download_R27.22.3801/Source/InvokeDemo/MFCInvokeDemo/framework.h,framework.h,.h,1076,17714b25cfea6f433a9ee6a801e1af14d33095deeadc2cec0c3e8f6150be7e13,2022-08-12T11:42:24.796738+08:00,false,false,true,false,true,true,true,,22.3801
hardware/board_image/赛事专用卡-镜像开源资料/01-镜像工具/extracted/产线-Upgrade_Download_R27.22.3801/Upgrade_Download_R27.22.3801/Download_R27.22.3801/Source/InvokeDemo/MFCInvokeDemo/Layout.cpp,Layout.cpp,.cpp,25732,c21769dccb28eb56e630b1f96026129c5a3eec0ea7840bd41173f9d32eda856d,2022-08-12T11:44:37.626046+08:00,false,false,true,false,true,true,true,,22.3801
hardware/board_image/赛事专用卡-镜像开源资料/01-镜像工具/extracted/产线-Upgrade_Download_R27.22.3801/Upgrade_Download_R27.22.3801/Download_R27.22.3801/Source/InvokeDemo/MFCInvokeDemo/Layout.h,Layout.h,.h,3750,90e01af5eaa0aebdfcca65813cbfdd08d7e67d9e6af9ca92cf5435dfc0df57f0,2022-08-12T11:42:24.691019+08:00,false,false,true,false,true,true,true,,22.3801
hardware/board_image/赛事专用卡-镜像开源资料/01-镜像工具/extracted/产线-Upgrade_Download_R27.22.3801/Upgrade_Download_R27.22.3801/Download_R27.22.3801/Source/InvokeDemo/MFCInvokeDemo/MFCInvokeDemo.cpp,MFCInvokeDemo.cpp,.cpp,2389,9246df890e4b8ab21a46134710c94c09db78424d1bfd181f19e38d6baff3b423,2022-08-12T11:44:56.571779+08:00,false,false,true,false,true,true,true,,22.3801
hardware/board_image/赛事专用卡-镜像开源资料/01-镜像工具/extracted/产线-Upgrade_Download_R27.22.3801/Upgrade_Download_R27.22.3801/Download_R27.22.3801/Source/InvokeDemo/MFCInvokeDemo/MFCInvokeDemo.h,MFCInvokeDemo.h,.h,520,4d9d01995e34f1331d0a936c929b83c508aa9f37163d92188c434842cb2303eb,2022-08-12T11:42:24.719943+08:00,false,false,true,false,true,true,true,,22.3801
hardware/board_image/赛事专用卡-镜像开源资料/01-镜像工具/extracted/产线-Upgrade_Download_R27.22.3801/Upgrade_Download_R27.22.3801/Download_R27.22.3801/Source/InvokeDemo/MFCInvokeDemo/MFCInvokeDemo.rc,MFCInvokeDemo.rc,.rc,6378,12fd66d3541d3d4185968336518d3b53a98118afde9a9fcfae42f3e531a91875,2022-09-14T13:59:38.747923+08:00,false,false,false,false,true,true,true,,22.3801
hardware/board_image/赛事专用卡-镜像开源资料/01-镜像工具/extracted/产线-Upgrade_Download_R27.22.3801/Upgrade_Download_R27.22.3801/Download_R27.22.3801/Source/InvokeDemo/MFCInvokeDemo/MFCInvokeDemo.vcxproj,MFCInvokeDemo.vcxproj,.vcxproj,11842,e2691e9ffb74a2f33639c56eed7027885680601871f03ff2ade244c6a9e6c803,2022-08-13T14:37:30.363226+08:00,false,false,false,false,true,true,true,,22.3801
hardware/board_image/赛事专用卡-镜像开源资料/01-镜像工具/extracted/产线-Upgrade_Download_R27.22.3801/Upgrade_Download_R27.22.3801/Download_R27.22.3801/Source/InvokeDemo/MFCInvokeDemo/MFCInvokeDemo.vcxproj.filters,MFCInvokeDemo.vcxproj.filters,.vcxproj.filters,3529,a1cf708d4740dd657daa119ec9ac1a9bc765b8887dbb4fe9dc54dbb2cbbc351b,2022-08-12T11:46:20.653136+08:00,false,false,false,false,true,true,true,,22.3801
hardware/board_image/赛事专用卡-镜像开源资料/01-镜像工具/extracted/产线-Upgrade_Download_R27.22.3801/Upgrade_Download_R27.22.3801/Download_R27.22.3801/Source/InvokeDemo/MFCInvokeDemo/MFCInvokeDemo.vcxproj.user,MFCInvokeDemo.vcxproj.user,.vcxproj.user,168,c06a75b13f855a94d46616796e024c52b499f8f92cf00ccb571ddbc6ff574676,2022-08-12T11:42:24.641152+08:00,false,false,false,false,true,true,true,,22.3801
hardware/board_image/赛事专用卡-镜像开源资料/01-镜像工具/extracted/产线-Upgrade_Download_R27.22.3801/Upgrade_Download_R27.22.3801/Download_R27.22.3801/Source/InvokeDemo/MFCInvokeDemo/MFCInvokeDemoDlg.cpp,MFCInvokeDemoDlg.cpp,.cpp,16219,7c46f16c31c4eabd77c4b21edcc2815666451e72b83fa5c36f22a33500b53198,2022-08-13T14:43:29.828373+08:00,false,false,true,false,true,true,true,,22.3801
hardware/board_image/赛事专用卡-镜像开源资料/01-镜像工具/extracted/产线-Upgrade_Download_R27.22.3801/Upgrade_Download_R27.22.3801/Download_R27.22.3801/Source/InvokeDemo/MFCInvokeDemo/MFCInvokeDemoDlg.h,MFCInvokeDemoDlg.h,.h,3182,37e5178d3387ba7ab12009dc142a7fc167e629ffb24fb8267f566823311b2cf8,2022-08-12T11:47:31.699721+08:00,false,false,true,false,true,true,true,,22.3801
hardware/board_image/赛事专用卡-镜像开源资料/01-镜像工具/extracted/产线-Upgrade_Download_R27.22.3801/Upgrade_Download_R27.22.3801/Download_R27.22.3801/Source/InvokeDemo/MFCInvokeDemo/res/MFCInvokeDemo.ico,MFCInvokeDemo.ico,.ico,67777,f9fe1bc463b5acc2535a30c58c1698ffd395b3973b2b80e006954c3f9e126924,2022-08-12T11:42:24.863561+08:00,false,false,false,false,true,true,true,,22.3801
hardware/board_image/赛事专用卡-镜像开源资料/01-镜像工具/extracted/产线-Upgrade_Download_R27.22.3801/Upgrade_Download_R27.22.3801/Download_R27.22.3801/Source/InvokeDemo/MFCInvokeDemo/res/MFCInvokeDemo.rc2,MFCInvokeDemo.rc2,.rc2,682,a4af56c543f273f32e187ab5e8316835598d00debec93c9c6dba6541bdda0414,2022-08-12T11:42:24.851592+08:00,false,false,false,false,true,true,true,,22.3801
hardware/board_image/赛事专用卡-镜像开源资料/01-镜像工具/extracted/产线-Upgrade_Download_R27.22.3801/Upgrade_Download_R27.22.3801/Download_R27.22.3801/Source/InvokeDemo/MFCInvokeDemo/resource.h,resource.h,.h,876,94727c63e082d2c7571c7fbd2ab2d5c7cdd66482a87bab19ad1f3f3895ccb96b,2022-08-12T11:42:24.741885+08:00,false,false,true,false,true,true,true,,22.3801
hardware/board_image/赛事专用卡-镜像开源资料/01-镜像工具/extracted/产线-Upgrade_Download_R27.22.3801/Upgrade_Download_R27.22.3801/Download_R27.22.3801/Source/InvokeDemo/MFCInvokeDemo/stdafx.cpp,stdafx.cpp,.cpp,161,faa211d96a61810f4d41971b5ee5963487435e0d182bb5873547f65b5e207bb7,2022-08-12T11:43:42.988971+08:00,false,false,true,false,true,true,true,,22.3801
hardware/board_image/赛事专用卡-镜像开源资料/01-镜像工具/extracted/产线-Upgrade_Download_R27.22.3801/Upgrade_Download_R27.22.3801/Download_R27.22.3801/Source/InvokeDemo/MFCInvokeDemo/stdafx.h,stdafx.h,.h,544,067525f2e3cc463559231a3d749d24857627f14e360d398a82f8e549e8c79fc3,2022-08-12T11:54:46.178982+08:00,false,false,true,false,true,true,true,,22.3801
hardware/board_image/赛事专用卡-镜像开源资料/01-镜像工具/extracted/产线-Upgrade_Download_R27.22.3801/Upgrade_Download_R27.22.3801/Download_R27.22.3801/Source/InvokeDemo/MFCInvokeDemo/targetver.h,targetver.h,.h,299,2930fc18e9feff4d0c3a7faaf419f45e645979af1dbe1bf55b7f1b3362fa9ef2,2022-08-12T11:42:24.874533+08:00,false,false,true,false,true,true,true,,22.3801
hardware/board_image/赛事专用卡-镜像开源资料/01-镜像工具/extracted/产线-Upgrade_Download_R27.22.3801/Upgrade_Download_R27.22.3801/Download_R27.22.3801/Source/InvokeDemo/MFCInvokeDemo/TaskHelper.cpp,TaskHelper.cpp,.cpp,1918,badb494fe0eb03efa2f32721164ca57095519b36f9d116eee01c81658b0e0b25,2022-08-12T11:57:08.912573+08:00,false,false,true,false,true,true,true,,22.3801
hardware/board_image/赛事专用卡-镜像开源资料/01-镜像工具/extracted/产线-Upgrade_Download_R27.22.3801/Upgrade_Download_R27.22.3801/Download_R27.22.3801/Source/InvokeDemo/MFCInvokeDemo/TaskHelper.h,TaskHelper.h,.h,1015,91fbe32642029a42f367278bbab2061f2213f18e3de89b0e2d0db1116446f31c,2022-08-12T11:51:48.387206+08:00,false,false,true,false,true,true,true,,22.3801
hardware/board_image/赛事专用卡-镜像开源资料/01-镜像工具/extracted/产线-Upgrade_Download_R27.22.3801/Upgrade_Download_R27.22.3801/Download_R27.22.3801/Source/UI.sln,UI.sln,.sln,2082,2989d0166e2ad19cdc1ec0f9cd84add50fe375b4f3cc4761fc47dcc733feadb2,2022-06-28T13:26:37.213491+08:00,false,false,false,false,true,true,true,,22.3801
hardware/board_image/赛事专用卡-镜像开源资料/01-镜像工具/extracted/产线-Upgrade_Download_R27.22.3801/Upgrade_Download_R27.22.3801/Download_R27.22.3801/Source/UI/Common/Layout.cpp,Layout.cpp,.cpp,25732,c21769dccb28eb56e630b1f96026129c5a3eec0ea7840bd41173f9d32eda856d,2022-06-21T15:49:45.487980+08:00,false,false,true,false,true,true,true,,22.3801
hardware/board_image/赛事专用卡-镜像开源资料/01-镜像工具/extracted/产线-Upgrade_Download_R27.22.3801/Upgrade_Download_R27.22.3801/Download_R27.22.3801/Source/UI/Common/Layout.h,Layout.h,.h,3750,90e01af5eaa0aebdfcca65813cbfdd08d7e67d9e6af9ca92cf5435dfc0df57f0,2022-06-21T15:49:45.497979+08:00,false,false,true,false,true,true,true,,22.3801
hardware/board_image/赛事专用卡-镜像开源资料/01-镜像工具/extracted/产线-Upgrade_Download_R27.22.3801/Upgrade_Download_R27.22.3801/Download_R27.22.3801/Source/UI/Common/MesLoginHelper.cpp,MesLoginHelper.cpp,.cpp,2072,ada4de74689b4031d25b9581800e5424e972d125f5252e5d7e8201ff6b41b4e0,2022-09-07T21:08:29.221816+08:00,false,false,true,false,true,true,true,,22.3801
hardware/board_image/赛事专用卡-镜像开源资料/01-镜像工具/extracted/产线-Upgrade_Download_R27.22.3801/Upgrade_Download_R27.22.3801/Download_R27.22.3801/Source/UI/Common/MesLoginHelper.h,MesLoginHelper.h,.h,242,30a85e50a17648f874bd564836f954868b2ed682e98a90a6f3dc560a45bd4b87,2022-08-30T11:17:38.398106+08:00,false,false,true,false,true,true,true,,22.3801
hardware/board_image/赛事专用卡-镜像开源资料/01-镜像工具/extracted/产线-Upgrade_Download_R27.22.3801/Upgrade_Download_R27.22.3801/Download_R27.22.3801/Source/UI/Common/PortFixedHelper.cpp,PortFixedHelper.cpp,.cpp,2083,62bd1f874270dcac07d871454a2a18abf42f36499e3647178054a7e144da0b7b,2022-08-02T17:40:36.468805+08:00,false,false,true,false,true,true,true,,22.3801
hardware/board_image/赛事专用卡-镜像开源资料/01-镜像工具/extracted/产线-Upgrade_Download_R27.22.3801/Upgrade_Download_R27.22.3801/Download_R27.22.3801/Source/UI/Common/PortFixedHelper.h,PortFixedHelper.h,.h,443,a6879d146b1a31fee4aa00477d561e357e10a93b5d46adabd1f10e03b2b660c4,2022-08-02T17:37:19.374973+08:00,false,false,true,false,true,true,true,,22.3801
hardware/board_image/赛事专用卡-镜像开源资料/01-镜像工具/extracted/产线-Upgrade_Download_R27.22.3801/Upgrade_Download_R27.22.3801/Download_R27.22.3801/Source/UI/Common/WindowsMsgDef.h,WindowsMsgDef.h,.h,1086,3e9b846a0e37237705db066ded506c2f52a8f62661dfe8ca289e1d000f556f37,2022-08-30T09:52:47.244233+08:00,false,false,true,false,true,true,true,,22.3801
hardware/board_image/赛事专用卡-镜像开源资料/01-镜像工具/extracted/产线-Upgrade_Download_R27.22.3801/Upgrade_Download_R27.22.3801/Download_R27.22.3801/Source/UI/DLoader/Control/ButtonEx.cpp,ButtonEx.cpp,.cpp,1467,1cea9350adcff617cc2d8847616e1cf08863003e8b490828f7d6d0744704c535,2022-09-01T13:44:11.363504+08:00,false,false,true,false,true,true,true,,22.3801
hardware/board_image/赛事专用卡-镜像开源资料/01-镜像工具/extracted/产线-Upgrade_Download_R27.22.3801/Upgrade_Download_R27.22.3801/Download_R27.22.3801/Source/UI/DLoader/Control/ButtonEx.h,ButtonEx.h,.h,274,b2d4112509f3bb66ab8bb7d6ebd89868bc949019a338af264e59fbdce5218767,2022-08-15T16:45:03.791816+08:00,false,false,true,false,true,true,true,,22.3801
hardware/board_image/赛事专用卡-镜像开源资料/01-镜像工具/extracted/产线-Upgrade_Download_R27.22.3801/Upgrade_Download_R27.22.3801/Download_R27.22.3801/Source/UI/DLoader/Control/CoolListCtrl.cpp,CoolListCtrl.cpp,.cpp,5124,3a7b9650cc85382fa39b5b3f9104720d09648f0bff6c2714747e81ae6cb674ca,2022-06-21T15:49:46.097982+08:00,false,false,true,false,true,true,true,,22.3801
hardware/board_image/赛事专用卡-镜像开源资料/01-镜像工具/extracted/产线-Upgrade_Download_R27.22.3801/Upgrade_Download_R27.22.3801/Download_R27.22.3801/Source/UI/DLoader/Control/CoolListCtrl.h,CoolListCtrl.h,.h,1882,b1097be25a582e0a4380144aa7c20c927b053b23e556c3ed75a62d3d4dc83b54,2022-06-21T15:49:46.127980+08:00,false,false,true,false,true,true,true,,22.3801
hardware/board_image/赛事专用卡-镜像开源资料/01-镜像工具/extracted/产线-Upgrade_Download_R27.22.3801/Upgrade_Download_R27.22.3801/Download_R27.22.3801/Source/UI/DLoader/Control/CoolStatic.cpp,CoolStatic.cpp,.cpp,2222,d91cb783d6abd873b034b9a9f8a7f37a6080d9e5b41479de1a3a1721ec9824bf,2022-06-21T15:49:46.237980+08:00,false,false,true,false,true,true,true,,22.3801
hardware/board_image/赛事专用卡-镜像开源资料/01-镜像工具/extracted/产线-Upgrade_Download_R27.22.3801/Upgrade_Download_R27.22.3801/Download_R27.22.3801/Source/UI/DLoader/Control/CoolStatic.h,CoolStatic.h,.h,1323,ca55b0e528070b69d631eb55797d82e5b650cab5a6bc520177155461cdc3ce66,2022-06-21T15:49:46.277982+08:00,false,false,true,false,true,true,true,,22.3801
hardware/board_image/赛事专用卡-镜像开源资料/01-镜像工具/extracted/产线-Upgrade_Download_R27.22.3801/Upgrade_Download_R27.22.3801/Download_R27.22.3801/Source/UI/DLoader/Control/CoolStatusBar.cpp,CoolStatusBar.cpp,.cpp,5317,27ad1e4359384c906d507672d131d871a70145e52d7cdd99332dd6205f7aee39,2022-08-15T17:01:26.987211+08:00,false,false,true,false,true,true,true,,22.3801
hardware/board_image/赛事专用卡-镜像开源资料/01-镜像工具/extracted/产线-Upgrade_Download_R27.22.3801/Upgrade_Download_R27.22.3801/Download_R27.22.3801/Source/UI/DLoader/Control/CoolStatusBar.h,CoolStatusBar.h,.h,1947,7e1ea24b4ef1e8ee142f8906c9e96e6278d4275f46a1e924ea25ad5a5629dcca,2022-08-15T17:01:26.998149+08:00,false,false,true,false,true,true,true,,22.3801
hardware/board_image/赛事专用卡-镜像开源资料/01-镜像工具/extracted/产线-Upgrade_Download_R27.22.3801/Upgrade_Download_R27.22.3801/Download_R27.22.3801/Source/UI/DLoader/Control/CoolToolBar.cpp,CoolToolBar.cpp,.cpp,4944,b6484db6e88b840496bb054526cc512493de8ce568aa68a7cdab46f97bbb1e0d,2022-09-09T18:31:44.996696+08:00,false,false,true,false,true,true,true,,22.3801
hardware/board_image/赛事专用卡-镜像开源资料/01-镜像工具/extracted/产线-Upgrade_Download_R27.22.3801/Upgrade_Download_R27.22.3801/Download_R27.22.3801/Source/UI/DLoader/Control/CoolToolBar.h,CoolToolBar.h,.h,1740,c8f8c437824c0b11c2e74cf4a89e15bad8c76ee4ad6a96d22debb6e62384d515,2022-09-01T19:38:46.742382+08:00,false,false,true,false,true,true,true,,22.3801
hardware/board_image/赛事专用卡-镜像开源资料/01-镜像工具/extracted/产线-Upgrade_Download_R27.22.3801/Upgrade_Download_R27.22.3801/Download_R27.22.3801/Source/UI/DLoader/Control/EditEx.cpp,EditEx.cpp,.cpp,3883,02f3985ed05828343ec7c2a48f28d64408efa424192cac61e4b6ef6b322fe617,2022-06-21T15:49:46.127980+08:00,false,false,true,false,true,true,true,,22.3801
hardware/board_image/赛事专用卡-镜像开源资料/01-镜像工具/extracted/产线-Upgrade_Download_R27.22.3801/Upgrade_Download_R27.22.3801/Download_R27.22.3801/Source/UI/DLoader/Control/EditEx.h,EditEx.h,.h,1606,7c068169bf13efbd67014b40d7befc5c0e998900238dd67607878d0ec4a2479b,2022-06-21T15:49:46.157980+08:00,false,false,true,false,true,true,true,,22.3801
hardware/board_image/赛事专用卡-镜像开源资料/01-镜像工具/extracted/产线-Upgrade_Download_R27.22.3801/Upgrade_Download_R27.22.3801/Download_R27.22.3801/Source/UI/DLoader/Control/EdtBtnCtrl.cpp,EdtBtnCtrl.cpp,.cpp,5132,ba5ed5e746bf22a47a78c21fd481e31ca3b498df4490f7a88da8936465842a78,2022-06-21T15:49:46.247981+08:00,false,false,true,false,true,true,true,,22.3801
hardware/board_image/赛事专用卡-镜像开源资料/01-镜像工具/extracted/产线-Upgrade_Download_R27.22.3801/Upgrade_Download_R27.22.3801/Download_R27.22.3801/Source/UI/DLoader/Control/EdtBtnCtrl.h,EdtBtnCtrl.h,.h,1937,210e01fdd121bf2d57441191a20ec7727d999588c78909b49a9acfd855026af8,2022-06-21T15:49:46.277982+08:00,false,false,true,false,true,true,true,,22.3801
hardware/board_image/赛事专用卡-镜像开源资料/01-镜像工具/extracted/产线-Upgrade_Download_R27.22.3801/Upgrade_Download_R27.22.3801/Download_R27.22.3801/Source/UI/DLoader/Control/FilterEdit.cpp,FilterEdit.cpp,.cpp,1020,ffe1ecc69832dde334f3f385f6688df7e0642a039d99258e2c48044fae7977cc,2022-06-21T15:49:46.187981+08:00,false,false,true,false,true,true,true,,22.3801
hardware/board_image/赛事专用卡-镜像开源资料/01-镜像工具/extracted/产线-Upgrade_Download_R27.22.3801/Upgrade_Download_R27.22.3801/Download_R27.22.3801/Source/UI/DLoader/Control/FilterEdit.h,FilterEdit.h,.h,1150,818de22248f9cdca6c88913970b4f4faa72a7f62fed1a702ee40bbd92a6a573c,2022-06-21T15:49:46.217980+08:00,false,false,true,false,true,true,true,,22.3801
hardware/board_image/赛事专用卡-镜像开源资料/01-镜像工具/extracted/产线-Upgrade_Download_R27.22.3801/Upgrade_Download_R27.22.3801/Download_R27.22.3801/Source/UI/DLoader/Control/listeditctrl.cpp,listeditctrl.cpp,.cpp,3451,a6a23a897200d04fca5cca1e7c3dc4d63193cdb7d8298c8ff4c25bc12689ca0a,2022-06-21T15:49:46.257981+08:00,false,false,true,false,true,true,true,,22.3801
hardware/board_image/赛事专用卡-镜像开源资料/01-镜像工具/extracted/产线-Upgrade_Download_R27.22.3801/Upgrade_Download_R27.22.3801/Download_R27.22.3801/Source/UI/DLoader/Control/listeditctrl.h,listeditctrl.h,.h,1503,43b348b2bce9f9f4467ab7abcbae3b0a46192de5259e148ee292f1c1da5a4a88,2022-06-21T15:49:46.317980+08:00,false,false,true,false,true,true,true,,22.3801
hardware/board_image/赛事专用卡-镜像开源资料/01-镜像工具/extracted/产线-Upgrade_Download_R27.22.3801/Upgrade_Download_R27.22.3801/Download_R27.22.3801/Source/UI/DLoader/Control/NumericEdit.cpp,NumericEdit.cpp,.cpp,4400,1ab03b0447cd5865f84feeebb2c3a0a9646b60f4b04e0f5685422d45059b4d67,2022-06-21T15:49:46.267980+08:00,false,false,true,false,true,true,true,,22.3801
hardware/board_image/赛事专用卡-镜像开源资料/01-镜像工具/extracted/产线-Upgrade_Download_R27.22.3801/Upgrade_Download_R27.22.3801/Download_R27.22.3801/Source/UI/DLoader/Control/NumericEdit.h,NumericEdit.h,.h,2346,73661c4277d2c9dd8ef08503d2e573349459bd3eb5993a9b8cafd570b98ad305,2022-06-21T15:49:46.097982+08:00,false,false,true,false,true,true,true,,22.3801
hardware/board_image/赛事专用卡-镜像开源资料/01-镜像工具/extracted/产线-Upgrade_Download_R27.22.3801/Upgrade_Download_R27.22.3801/Download_R27.22.3801/Source/UI/DLoader/Control/NvBackupOptList.cpp,NvBackupOptList.cpp,.cpp,13279,3510b0dba22238517191f11a181891a0f20af12e53e6d52daea6a9c5867d0c25,2022-06-28T14:52:10.053397+08:00,false,false,true,false,true,true,true,,22.3801
hardware/board_image/赛事专用卡-镜像开源资料/01-镜像工具/extracted/产线-Upgrade_Download_R27.22.3801/Upgrade_Download_R27.22.3801/Download_R27.22.3801/Source/UI/DLoader/Control/NvBackupOptList.h,NvBackupOptList.h,.h,2524,4535b6942d635bc1d883f3fa6c8da3a8ede6934518aadae8d5ec259c5de69bb9,2022-06-28T16:48:22.840194+08:00,false,false,true,false,true,true,true,,22.3801
hardware/board_image/赛事专用卡-镜像开源资料/01-镜像工具/extracted/产线-Upgrade_Download_R27.22.3801/Upgrade_Download_R27.22.3801/Download_R27.22.3801/Source/UI/DLoader/Control/NvBkpOptList.cpp,NvBkpOptList.cpp,.cpp,574,0924cb925c58ca1e5e9cf3b2436e13fe5d7f0a3bc045b23b919c5b69952eafbf,2022-06-21T15:49:46.217980+08:00,false,false,true,false,true,true,true,,22.3801
hardware/board_image/赛事专用卡-镜像开源资料/01-镜像工具/extracted/产线-Upgrade_Download_R27.22.3801/Upgrade_Download_R27.22.3801/Download_R27.22.3801/Source/UI/DLoader/Control/NvBkpOptList.h,NvBkpOptList.h,.h,596,24616a77afcfcc3ff49e4292c6f186eb3d036594e1b3311749c1c97a7e1393b0,2022-06-21T15:49:46.247981+08:00,false,false,true,false,true,true,true,,22.3801
hardware/board_image/赛事专用卡-镜像开源资料/01-镜像工具/extracted/产线-Upgrade_Download_R27.22.3801/Upgrade_Download_R27.22.3801/Download_R27.22.3801/Source/UI/DLoader/Control/ProgressCtrlST.cpp,ProgressCtrlST.cpp,.cpp,10758,2094159ed0ef9432f56aff08dd37442c33962ec8aa7b67315e50f71cd51c5627,2022-06-21T15:49:46.227980+08:00,false,false,true,false,true,true,true,,22.3801
hardware/board_image/赛事专用卡-镜像开源资料/01-镜像工具/extracted/产线-Upgrade_Download_R27.22.3801/Upgrade_Download_R27.22.3801/Download_R27.22.3801/Source/UI/DLoader/Control/ProgressCtrlST.h,ProgressCtrlST.h,.h,2576,639614d9f35136d839841a63512262e393422791737735e60e190054f72f91bb,2022-06-21T15:49:46.257981+08:00,false,false,true,false,true,true,true,,22.3801
hardware/board_image/赛事专用卡-镜像开源资料/01-镜像工具/extracted/产线-Upgrade_Download_R27.22.3801/Upgrade_Download_R27.22.3801/Download_R27.22.3801/Source/UI/DLoader/Control/supergridctrl.cpp,supergridctrl.cpp,.cpp,65360,aa0f552b7b61338cdb2a1649947b232c7e72db988c0a2fed06e1a8fab947d3ce,2022-06-21T15:49:46.177980+08:00,false,false,true,false,true,true,true,,22.3801
hardware/board_image/赛事专用卡-镜像开源资料/01-镜像工具/extracted/产线-Upgrade_Download_R27.22.3801/Upgrade_Download_R27.22.3801/Download_R27.22.3801/Source/UI/DLoader/Control/supergridctrl.h,supergridctrl.h,.h,16933,07bec49187784b5edcf4863cca0e94b576f0c3df12047537d82831245c776983,2022-06-21T15:49:46.207982+08:00,false,false,true,false,true,true,true,,22.3801
hardware/board_image/赛事专用卡-镜像开源资料/01-镜像工具/extracted/产线-Upgrade_Download_R27.22.3801/Upgrade_Download_R27.22.3801/Download_R27.22.3801/Source/UI/DLoader/Control/XListCtrl.cpp,XListCtrl.cpp,.cpp,12610,86d470bc2b86c560549d38a63ea330addfe2951b91ba77ed9eec2beff2414048,2022-06-21T15:49:46.177980+08:00,false,false,true,false,true,true,true,,22.3801
hardware/board_image/赛事专用卡-镜像开源资料/01-镜像工具/extracted/产线-Upgrade_Download_R27.22.3801/Upgrade_Download_R27.22.3801/Download_R27.22.3801/Source/UI/DLoader/Control/XListCtrl.h,XListCtrl.h,.h,2791,bae69784f0cc39061fc0f64024dee00f01a7148d7e2096d7da72a4233ab29ecd,2022-06-21T15:49:46.207982+08:00,false,false,true,false,true,true,true,,22.3801
hardware/board_image/赛事专用卡-镜像开源资料/01-镜像工具/extracted/产线-Upgrade_Download_R27.22.3801/Upgrade_Download_R27.22.3801/Download_R27.22.3801/Source/UI/DLoader/Control/XStatic.cpp,XStatic.cpp,.cpp,3552,782e1d58bde4714c28c6853615052266aeee37d766f24298d84102a172025fae,2022-09-07T21:13:59.756939+08:00,false,false,true,false,true,true,true,,22.3801
hardware/board_image/赛事专用卡-镜像开源资料/01-镜像工具/extracted/产线-Upgrade_Download_R27.22.3801/Upgrade_Download_R27.22.3801/Download_R27.22.3801/Source/UI/DLoader/Control/XStatic.h,XStatic.h,.h,1545,bdbff0c33b8aab00e1322b9018d46f538ecff744056581c2ff46d6216a237a13,2022-09-01T17:08:48.304173+08:00,false,false,true,false,true,true,true,,22.3801
hardware/board_image/赛事专用卡-镜像开源资料/01-镜像工具/extracted/产线-Upgrade_Download_R27.22.3801/Upgrade_Download_R27.22.3801/Download_R27.22.3801/Source/UI/DLoader/Dialog/BarcodeDlg.cpp,BarcodeDlg.cpp,.cpp,10110,ebf204b9fa99b285b85198fab2dafb285894b1313169c9d5a62e86ce80f55166,2022-08-11T19:28:23.079141+08:00,false,false,true,false,true,true,true,,22.3801
hardware/board_image/赛事专用卡-镜像开源资料/01-镜像工具/extracted/产线-Upgrade_Download_R27.22.3801/Upgrade_Download_R27.22.3801/Download_R27.22.3801/Source/UI/DLoader/Dialog/BarcodeDlg.h,BarcodeDlg.h,.h,2387,b8f77581698932f523384f09bbaa37b59728b84fef72d8bf42df1afffa1a8341,2022-06-21T15:49:45.967980+08:00,false,false,true,false,true,true,true,,22.3801
hardware/board_image/赛事专用卡-镜像开源资料/01-镜像工具/extracted/产线-Upgrade_Download_R27.22.3801/Upgrade_Download_R27.22.3801/Download_R27.22.3801/Source/UI/DLoader/Dialog/CombCtrlDlg.cpp,CombCtrlDlg.cpp,.cpp,3251,c50b766a4a5118bc677344c07c48a1a473883ab334d46acb7cde8d70459eb7f4,2022-06-21T15:49:45.977980+08:00,false,false,true,false,true,true,true,,22.3801
hardware/board_image/赛事专用卡-镜像开源资料/01-镜像工具/extracted/产线-Upgrade_Download_R27.22.3801/Upgrade_Download_R27.22.3801/Download_R27.22.3801/Source/UI/DLoader/Dialog/CombCtrlDlg.h,CombCtrlDlg.h,.h,776,72132d1bc100c216487bb9e41ae36851472973c6603a81c087cecdf33805e080,2022-06-21T15:49:46.007980+08:00,false,false,true,false,true,true,true,,22.3801
hardware/board_image/赛事专用卡-镜像开源资料/01-镜像工具/extracted/产线-Upgrade_Download_R27.22.3801/Upgrade_Download_R27.22.3801/Download_R27.22.3801/Source/UI/DLoader/Dialog/DlgPacketSetting.cpp,DlgPacketSetting.cpp,.cpp,3002,e8dd4b2fec7c35981fe1723d1bbb5c64aa3ef64bea5d84e202a234c58d38b8e4,2022-06-21T15:49:45.997980+08:00,false,false,true,false,true,true,true,,22.3801
hardware/board_image/赛事专用卡-镜像开源资料/01-镜像工具/extracted/产线-Upgrade_Download_R27.22.3801/Upgrade_Download_R27.22.3801/Download_R27.22.3801/Source/UI/DLoader/Dialog/DlgPacketSetting.h,DlgPacketSetting.h,.h,1426,6da5754a0adecd7e36d64cd7e6b7174df054cbc914a42e0cad984c060fd5480c,2022-06-21T15:49:46.017980+08:00,false,false,true,false,true,true,true,,22.3801
hardware/board_image/赛事专用卡-镜像开源资料/01-镜像工具/extracted/产线-Upgrade_Download_R27.22.3801/Upgrade_Download_R27.22.3801/Download_R27.22.3801/Source/UI/DLoader/Dialog/DlgPassword.cpp,DlgPassword.cpp,.cpp,9107,a2e57e7127f9b7edb11276b99bbba63f4e0a15ab47f59d9928beb504de021411,2022-06-21T15:49:45.947981+08:00,false,false,true,false,true,true,true,,22.3801
hardware/board_image/赛事专用卡-镜像开源资料/01-镜像工具/extracted/产线-Upgrade_Download_R27.22.3801/Upgrade_Download_R27.22.3801/Download_R27.22.3801/Source/UI/DLoader/Dialog/DlgPassword.h,DlgPassword.h,.h,1691,038c5df9703d5856ec535c686c646efabb7e5c99882281c25298d7626ae3c383,2022-06-21T15:49:45.997980+08:00,false,false,true,false,true,true,true,,22.3801
hardware/board_image/赛事专用卡-镜像开源资料/01-镜像工具/extracted/产线-Upgrade_Download_R27.22.3801/Upgrade_Download_R27.22.3801/Download_R27.22.3801/Source/UI/DLoader/Dialog/FileDlg.cpp,FileDlg.cpp,.cpp,3478,cb6a17855662a1475e712a63fca5b0ddcf5d6fafa71ed306c0f9e2f2298da601,2022-06-21T15:49:45.937982+08:00,false,false,true,false,true,true,true,,22.3801
hardware/board_image/赛事专用卡-镜像开源资料/01-镜像工具/extracted/产线-Upgrade_Download_R27.22.3801/Upgrade_Download_R27.22.3801/Download_R27.22.3801/Source/UI/DLoader/Dialog/FileDlg.h,FileDlg.h,.h,1219,c9b1d85dffb76b87785a50b8bdca3d187e968beeb4bf7b7f141c6b55147f5acb,2022-06-21T15:49:45.967980+08:00,false,false,true,false,true,true,true,,22.3801
hardware/board_image/赛事专用卡-镜像开源资料/01-镜像工具/extracted/产线-Upgrade_Download_R27.22.3801/Upgrade_Download_R27.22.3801/Download_R27.22.3801/Source/UI/DLoader/Dialog/MutiSoftSelectDlg.cpp,MutiSoftSelectDlg.cpp,.cpp,6888,9491b10d77c3a28b82be139d96d1bfc6b1107b323ab153539943079cd1c07969,2022-09-05T20:40:33.131142+08:00,false,false,true,false,true,true,true,,22.3801
hardware/board_image/赛事专用卡-镜像开源资料/01-镜像工具/extracted/产线-Upgrade_Download_R27.22.3801/Upgrade_Download_R27.22.3801/Download_R27.22.3801/Source/UI/DLoader/Dialog/MutiSoftSelectDlg.h,MutiSoftSelectDlg.h,.h,1312,af63aa0beb3bb56ad003af48a6760b073b4a8bce83773f9c0aca67c7ffa6765f,2022-08-04T20:49:04.122609+08:00,false,false,true,false,true,true,true,,22.3801
hardware/board_image/赛事专用卡-镜像开源资料/01-镜像工具/extracted/产线-Upgrade_Download_R27.22.3801/Upgrade_Download_R27.22.3801/Download_R27.22.3801/Source/UI/DLoader/Dialog/XAboutDlg.cpp,XAboutDlg.cpp,.cpp,695879,e6f6c7f1fb767f66550d94aa822b7fa6ff7fa6f4b961b8059f32d1795c028509,2022-06-21T15:49:45.957979+08:00,false,false,true,false,true,true,true,,22.3801
hardware/board_image/赛事专用卡-镜像开源资料/01-镜像工具/extracted/产线-Upgrade_Download_R27.22.3801/Upgrade_Download_R27.22.3801/Download_R27.22.3801/Source/UI/DLoader/Dialog/XAboutDlg.h,XAboutDlg.h,.h,5569,9a87878ae80d2344cd496ff4ed97f55a15f3d4a320130a3be8723706222e0e46,2022-06-21T15:49:46.007980+08:00,false,false,true,false,true,true,true,,22.3801
hardware/board_image/赛事专用卡-镜像开源资料/01-镜像工具/extracted/产线-Upgrade_Download_R27.22.3801/Upgrade_Download_R27.22.3801/Download_R27.22.3801/Source/UI/DLoader/DLFWHelper/CallbackHelper.cpp,CallbackHelper.cpp,.cpp,8325,afdc69bc53bd12a1dd26789e0121b61cfd84a70441913e5bc5e6bec922363756,2022-09-03T20:12:54.208957+08:00,false,false,true,false,true,true,true,,22.3801
hardware/board_image/赛事专用卡-镜像开源资料/01-镜像工具/extracted/产线-Upgrade_Download_R27.22.3801/Upgrade_Download_R27.22.3801/Download_R27.22.3801/Source/UI/DLoader/DLFWHelper/CallbackHelper.h,CallbackHelper.h,.h,1267,bdbaef031e931cc689b96e5166f29f1bd36c5d276481e46bebbe0f65512b027d,2022-07-29T13:55:43.394252+08:00,false,false,true,false,true,true,true,,22.3801
hardware/board_image/赛事专用卡-镜像开源资料/01-镜像工具/extracted/产线-Upgrade_Download_R27.22.3801/Upgrade_Download_R27.22.3801/Download_R27.22.3801/Source/UI/DLoader/DLFWHelper/FrameHelper.cpp,FrameHelper.cpp,.cpp,3813,71450e939c4dbf96b6aeca182d445155b2ff80066bbe744197e0d0032803a87d,2022-08-11T13:38:54.975698+08:00,false,false,true,false,true,true,true,,22.3801
hardware/board_image/赛事专用卡-镜像开源资料/01-镜像工具/extracted/产线-Upgrade_Download_R27.22.3801/Upgrade_Download_R27.22.3801/Download_R27.22.3801/Source/UI/DLoader/DLFWHelper/FrameHelper.h,FrameHelper.h,.h,813,2584e420f5f86969de32b0d0131711f30570df5a76fdd085b4f93d4b8f56ba04,2022-08-11T13:38:31.818887+08:00,false,false,true,false,true,true,true,,22.3801
hardware/board_image/赛事专用卡-镜像开源资料/01-镜像工具/extracted/产线-Upgrade_Download_R27.22.3801/Upgrade_Download_R27.22.3801/Download_R27.22.3801/Source/UI/DLoader/DLFWHelper/HelperBase.cpp,HelperBase.cpp,.cpp,949,bec218de3a209c7603c52def717c579fbeac13bb7b2503677ea3357bb38fdead,2022-07-29T21:34:16.701109+08:00,false,false,true,false,true,true,true,,22.3801
hardware/board_image/赛事专用卡-镜像开源资料/01-镜像工具/extracted/产线-Upgrade_Download_R27.22.3801/Upgrade_Download_R27.22.3801/Download_R27.22.3801/Source/UI/DLoader/DLFWHelper/HelperBase.h,HelperBase.h,.h,650,a1f1ee1105dd28dc6a1b047684976d2b9a8869982d8b29b94b04b7e169482e8c,2022-08-09T10:21:10.228667+08:00,false,false,true,false,true,true,true,,22.3801
hardware/board_image/赛事专用卡-镜像开源资料/01-镜像工具/extracted/产线-Upgrade_Download_R27.22.3801/Upgrade_Download_R27.22.3801/Download_R27.22.3801/Source/UI/DLoader/DLFWHelper/TaskHelper.cpp,TaskHelper.cpp,.cpp,7573,35404c79426cfe08a36a5dfd566e7362d0ba2d55a4f1bc92b567a50a6aec2eb0,2022-08-09T10:57:05.026518+08:00,false,false,true,false,true,true,true,,22.3801
hardware/board_image/赛事专用卡-镜像开源资料/01-镜像工具/extracted/产线-Upgrade_Download_R27.22.3801/Upgrade_Download_R27.22.3801/Download_R27.22.3801/Source/UI/DLoader/DLFWHelper/TaskHelper.h,TaskHelper.h,.h,1082,0ffad1f861ddbc9c9129079fb469657f8d71b36c0280b0ac284fc72f15c66105,2022-08-09T10:27:59.662793+08:00,false,false,true,false,true,true,true,,22.3801
hardware/board_image/赛事专用卡-镜像开源资料/01-镜像工具/extracted/产线-Upgrade_Download_R27.22.3801/Upgrade_Download_R27.22.3801/Download_R27.22.3801/Source/UI/DLoader/DLoader.cpp,DLoader.cpp,.cpp,9277,46f1a18ffe628c4412ac06e4a2fd3f1c1d65861a3f1ed7a28c118e86de0cac26,2022-08-31T23:00:58.369669+08:00,false,false,true,false,true,true,true,,22.3801
hardware/board_image/赛事专用卡-镜像开源资料/01-镜像工具/extracted/产线-Upgrade_Download_R27.22.3801/Upgrade_Download_R27.22.3801/Download_R27.22.3801/Source/UI/DLoader/DLoader.h,DLoader.h,.h,3053,3984c47c4505c0b9b0bee22165d8e048c39c8aa0dffa8c9a512b5a7c0180bdec,2022-08-08T16:53:04.871110+08:00,false,false,true,false,true,true,true,,22.3801
hardware/board_image/赛事专用卡-镜像开源资料/01-镜像工具/extracted/产线-Upgrade_Download_R27.22.3801/Upgrade_Download_R27.22.3801/Download_R27.22.3801/Source/UI/DLoader/DLoader.rc,DLoader.rc,.rc,38265,4b7dbbef056e0df8bc35ffd072d38ecf74e68730e658d4daa7b7ea97e9c9df6f,2022-09-14T13:59:39.233595+08:00,false,false,false,false,true,true,true,,22.3801
hardware/board_image/赛事专用卡-镜像开源资料/01-镜像工具/extracted/产线-Upgrade_Download_R27.22.3801/Upgrade_Download_R27.22.3801/Download_R27.22.3801/Source/UI/DLoader/DLoaderDoc.cpp,DLoaderDoc.cpp,.cpp,1760,4ea73a7323f43d236f7d2ac47f16e3555cc9ef8b05c3757f9cf03ddba28abfd1,2022-06-21T15:49:46.327982+08:00,false,false,true,false,true,true,true,,22.3801
hardware/board_image/赛事专用卡-镜像开源资料/01-镜像工具/extracted/产线-Upgrade_Download_R27.22.3801/Upgrade_Download_R27.22.3801/Download_R27.22.3801/Source/UI/DLoader/DLoaderDoc.h,DLoaderDoc.h,.h,1486,4a4ef6eb893c497bcbcbcf39d2bcc5fee1f2c67786fe9d46bdfe1aa870bf7690,2022-06-21T15:49:45.717980+08:00,false,false,true,false,true,true,true,,22.3801
hardware/board_image/赛事专用卡-镜像开源资料/01-镜像工具/extracted/产线-Upgrade_Download_R27.22.3801/Upgrade_Download_R27.22.3801/Download_R27.22.3801/Source/UI/DLoader/DLoaderView.cpp,DLoaderView.cpp,.cpp,49522,2d181820c315835fe9e06d1925d2fe0473c2fbaaa88b332923319dc9fdcf5d6a,2022-08-31T23:37:08.865026+08:00,false,false,true,false,true,true,true,,22.3801
hardware/board_image/赛事专用卡-镜像开源资料/01-镜像工具/extracted/产线-Upgrade_Download_R27.22.3801/Upgrade_Download_R27.22.3801/Download_R27.22.3801/Source/UI/DLoader/DLoaderView.h,DLoaderView.h,.h,7742,78a74efbf5ab1920b63e31ae685fb0954c979980e1dc8451b50662490874bf84,2022-08-21T18:23:04.020243+08:00,false,false,true,false,true,true,true,,22.3801
hardware/board_image/赛事专用卡-镜像开源资料/01-镜像工具/extracted/产线-Upgrade_Download_R27.22.3801/Upgrade_Download_R27.22.3801/Download_R27.22.3801/Source/UI/DLoader/FactoryDownload.vcxproj,FactoryDownload.vcxproj,.vcxproj,55597,4ba3cf61d2f26050cddc26f642be967fad274cf22aa273c5ffff6739f14229b5,2022-09-01T18:07:50.777476+08:00,false,false,false,false,true,true,true,,22.3801
hardware/board_image/赛事专用卡-镜像开源资料/01-镜像工具/extracted/产线-Upgrade_Download_R27.22.3801/Upgrade_Download_R27.22.3801/Download_R27.22.3801/Source/UI/DLoader/FactoryDownload.vcxproj.filters,FactoryDownload.vcxproj.filters,.vcxproj.filters,18009,8792f75c01fb026cf6335e8521d522f769f9b0436a03a527e4b76e239c8e55d5,2022-09-01T18:07:50.702678+08:00,false,false,false,false,true,true,true,,22.3801
hardware/board_image/赛事专用卡-镜像开源资料/01-镜像工具/extracted/产线-Upgrade_Download_R27.22.3801/Upgrade_Download_R27.22.3801/Download_R27.22.3801/Source/UI/DLoader/FactoryDownload.vcxproj.user,FactoryDownload.vcxproj.user,.vcxproj.user,233,7034027062814a058fb0e1ae553a213036cbf3e89b9ef446977009d70b09e1ea,2022-09-01T10:11:51.544993+08:00,false,false,false,false,true,true,true,,22.3801
hardware/board_image/赛事专用卡-镜像开源资料/01-镜像工具/extracted/产线-Upgrade_Download_R27.22.3801/Upgrade_Download_R27.22.3801/Download_R27.22.3801/Source/UI/DLoader/hlp/FactoryDownload.hm,FactoryDownload.hm,.hm,2148,2a02b4298de91bb9c427a2d5ff9435688c74fd228c43abb9341b61f955c403fa,2022-09-14T14:00:36.984403+08:00,false,false,false,false,true,true,true,,22.3801
hardware/board_image/赛事专用卡-镜像开源资料/01-镜像工具/extracted/产线-Upgrade_Download_R27.22.3801/Upgrade_Download_R27.22.3801/Download_R27.22.3801/Source/UI/DLoader/hlp/ResearchDownload.hm,ResearchDownload.hm,.hm,2148,2a02b4298de91bb9c427a2d5ff9435688c74fd228c43abb9341b61f955c403fa,2022-09-14T14:00:37.171902+08:00,false,false,false,false,true,true,true,,22.3801
hardware/board_image/赛事专用卡-镜像开源资料/01-镜像工具/extracted/产线-Upgrade_Download_R27.22.3801/Upgrade_Download_R27.22.3801/Download_R27.22.3801/Source/UI/DLoader/hlp/UpgradeDownload.hm,UpgradeDownload.hm,.hm,2148,2a02b4298de91bb9c427a2d5ff9435688c74fd228c43abb9341b61f955c403fa,2022-09-14T14:00:37.439189+08:00,false,false,false,false,true,true,true,,22.3801
hardware/board_image/赛事专用卡-镜像开源资料/01-镜像工具/extracted/产线-Upgrade_Download_R27.22.3801/Upgrade_Download_R27.22.3801/Download_R27.22.3801/Source/UI/DLoader/MainFrm.cpp,MainFrm.cpp,.cpp,36951,7da2971231e6eef7339460bfea2de303bcf36eebddca3ae539c9f4a8e1c6f15a,2022-09-07T21:12:47.287325+08:00,false,false,true,false,true,true,true,,22.3801
hardware/board_image/赛事专用卡-镜像开源资料/01-镜像工具/extracted/产线-Upgrade_Download_R27.22.3801/Upgrade_Download_R27.22.3801/Download_R27.22.3801/Source/UI/DLoader/MainFrm.h,MainFrm.h,.h,7699,e9879ad24a67849ac7283c067e330b20208c20b53b02cf3f81c9ccc610102245,2022-09-02T14:07:48.770303+08:00,false,false,true,false,true,true,true,,22.3801
hardware/board_image/赛事专用卡-镜像开源资料/01-镜像工具/extracted/产线-Upgrade_Download_R27.22.3801/Upgrade_Download_R27.22.3801/Download_R27.22.3801/Source/UI/DLoader/Property/MainPage.cpp,MainPage.cpp,.cpp,102541,b0103f1ae74f99d7de1befba45aff03fe88900d5558318fd9fee53da6bbf17f3,2022-09-08T16:13:23.494422+08:00,false,false,true,false,true,true,true,,22.3801
hardware/board_image/赛事专用卡-镜像开源资料/01-镜像工具/extracted/产线-Upgrade_Download_R27.22.3801/Upgrade_Download_R27.22.3801/Download_R27.22.3801/Source/UI/DLoader/Property/MainPage.h,MainPage.h,.h,7040,430ba034798f4ec9936502b7b258d4d36b68fe008abd739658d2848dc686b000,2022-09-08T16:13:07.279651+08:00,false,false,true,false,true,true,true,,22.3801
hardware/board_image/赛事专用卡-镜像开源资料/01-镜像工具/extracted/产线-Upgrade_Download_R27.22.3801/Upgrade_Download_R27.22.3801/Download_R27.22.3801/Source/UI/DLoader/Property/PageCalibration.cpp,PageCalibration.cpp,.cpp,10811,e4ac923eab5d1f038aaa5c45313eae3d3ca38157c0ecb092ec4b2414b1368e62,2022-08-12T15:59:03.521447+08:00,false,false,true,false,true,true,true,,22.3801
hardware/board_image/赛事专用卡-镜像开源资料/01-镜像工具/extracted/产线-Upgrade_Download_R27.22.3801/Upgrade_Download_R27.22.3801/Download_R27.22.3801/Source/UI/DLoader/Property/PageCalibration.h,PageCalibration.h,.h,2154,0239df20207705a0519af1f17992e7858cee032042c9ff6c36d306d401e9d1f6,2022-08-12T15:56:41.882022+08:00,false,false,true,false,true,true,true,,22.3801
hardware/board_image/赛事专用卡-镜像开源资料/01-镜像工具/extracted/产线-Upgrade_Download_R27.22.3801/Upgrade_Download_R27.22.3801/Download_R27.22.3801/Source/UI/DLoader/Property/PageCustomization.cpp,PageCustomization.cpp,.cpp,6587,0f38d256a0e63d16be942dca6ff4bdb5184481c4d8fa9ea6110568b35983d523,2022-06-21T15:49:45.617980+08:00,false,false,true,false,true,true,true,,22.3801
hardware/board_image/赛事专用卡-镜像开源资料/01-镜像工具/extracted/产线-Upgrade_Download_R27.22.3801/Upgrade_Download_R27.22.3801/Download_R27.22.3801/Source/UI/DLoader/Property/PageCustomization.h,PageCustomization.h,.h,1485,6a5547bc64c8de806ea7921c4fa6bce05577f5a40f28ab8538a0b45f5b3bac28,2022-06-21T15:49:45.637981+08:00,false,false,true,false,true,true,true,,22.3801
hardware/board_image/赛事专用卡-镜像开源资料/01-镜像工具/extracted/产线-Upgrade_Download_R27.22.3801/Upgrade_Download_R27.22.3801/Download_R27.22.3801/Source/UI/DLoader/Property/PageFlashOptions.cpp,PageFlashOptions.cpp,.cpp,28408,86c8b63fbbc9312382f64a5243a0748a1aa15f4fa12ebaaaabb8a2f588b9487a,2022-09-06T16:52:45.699217+08:00,false,false,true,false,true,true,true,,22.3801
hardware/board_image/赛事专用卡-镜像开源资料/01-镜像工具/extracted/产线-Upgrade_Download_R27.22.3801/Upgrade_Download_R27.22.3801/Download_R27.22.3801/Source/UI/DLoader/Property/PageFlashOptions.h,PageFlashOptions.h,.h,3277,50b3599a8d14c2db281145ea1a4f9d523f6692a432a622303dec3cefbc67834c,2022-06-28T16:48:38.700636+08:00,false,false,true,false,true,true,true,,22.3801
hardware/board_image/赛事专用卡-镜像开源资料/01-镜像工具/extracted/产线-Upgrade_Download_R27.22.3801/Upgrade_Download_R27.22.3801/Download_R27.22.3801/Source/UI/DLoader/Property/PageLcdConfig.cpp,PageLcdConfig.cpp,.cpp,10854,a6eb07c4e2585eedaa57cd635fcb9d9b6e268c5b32225b9c3a62aa741d0cd185,2022-08-12T15:59:17.277737+08:00,false,false,true,false,true,true,true,,22.3801
hardware/board_image/赛事专用卡-镜像开源资料/01-镜像工具/extracted/产线-Upgrade_Download_R27.22.3801/Upgrade_Download_R27.22.3801/Download_R27.22.3801/Source/UI/DLoader/Property/PageLcdConfig.h,PageLcdConfig.h,.h,1746,cce04fd694270dd859b319dfb8c3b3be03ce0c9dd2958dcc224b34833de910da,2022-08-12T15:57:01.050859+08:00,false,false,true,false,true,true,true,,22.3801
hardware/board_image/赛事专用卡-镜像开源资料/01-镜像工具/extracted/产线-Upgrade_Download_R27.22.3801/Upgrade_Download_R27.22.3801/Download_R27.22.3801/Source/UI/DLoader/Property/PageMcp.cpp,PageMcp.cpp,.cpp,7050,50a69d245aafc362db50711f05ceaef05588fe60dbd0e49ca88af919cd759397,2022-06-28T14:36:16.523850+08:00,false,false,true,false,true,true,true,,22.3801
hardware/board_image/赛事专用卡-镜像开源资料/01-镜像工具/extracted/产线-Upgrade_Download_R27.22.3801/Upgrade_Download_R27.22.3801/Download_R27.22.3801/Source/UI/DLoader/Property/PageMcp.h,PageMcp.h,.h,1632,fe5acd53c0419bd9310eadc11463b942428d78d62c9de9e75fbfca5360b96236,2022-06-21T15:49:45.687980+08:00,false,false,true,false,true,true,true,,22.3801
hardware/board_image/赛事专用卡-镜像开源资料/01-镜像工具/extracted/产线-Upgrade_Download_R27.22.3801/Upgrade_Download_R27.22.3801/Download_R27.22.3801/Source/UI/DLoader/Property/PageMiscOptions.cpp,PageMiscOptions.cpp,.cpp,2794,5590dc343a308be7b10c3101cecc3421d7a45e7f67e8c716c012876a705f218c,2022-09-09T18:31:33.046053+08:00,false,false,true,false,true,true,true,,22.3801
hardware/board_image/赛事专用卡-镜像开源资料/01-镜像工具/extracted/产线-Upgrade_Download_R27.22.3801/Upgrade_Download_R27.22.3801/Download_R27.22.3801/Source/UI/DLoader/Property/PageMiscOptions.h,PageMiscOptions.h,.h,717,7d9af0159b746bf0553c4567292ddbfa6f3a7b0fd30c4aa4cad78e2da594f5c3,2022-06-21T15:49:45.627981+08:00,false,false,true,false,true,true,true,,22.3801
hardware/board_image/赛事专用卡-镜像开源资料/01-镜像工具/extracted/产线-Upgrade_Download_R27.22.3801/Upgrade_Download_R27.22.3801/Download_R27.22.3801/Source/UI/DLoader/Property/PageMultiLang.cpp,PageMultiLang.cpp,.cpp,13572,5ec4d330d7381e295f4645fc82ccfff549e0aba8877064101158226d7a2b7e45,2022-08-10T23:08:37.084667+08:00,false,false,true,false,true,true,true,,22.3801
hardware/board_image/赛事专用卡-镜像开源资料/01-镜像工具/extracted/产线-Upgrade_Download_R27.22.3801/Upgrade_Download_R27.22.3801/Download_R27.22.3801/Source/UI/DLoader/Property/PageMultiLang.h,PageMultiLang.h,.h,1948,634321996b8f8e313e1e91198db040d1821d4051ce20651e764dbca97aa26a8f,2022-06-21T15:49:45.587980+08:00,false,false,true,false,true,true,true,,22.3801
hardware/board_image/赛事专用卡-镜像开源资料/01-镜像工具/extracted/产线-Upgrade_Download_R27.22.3801/Upgrade_Download_R27.22.3801/Download_R27.22.3801/Source/UI/DLoader/Property/PageOptions.cpp,PageOptions.cpp,.cpp,18517,9833c01db3f21038e7e6959be0529bd0db8f8551607a18cf22f9beada74b6b8c,2022-09-13T20:52:24.825670+08:00,false,false,true,false,true,true,true,,22.3801
hardware/board_image/赛事专用卡-镜像开源资料/01-镜像工具/extracted/产线-Upgrade_Download_R27.22.3801/Upgrade_Download_R27.22.3801/Download_R27.22.3801/Source/UI/DLoader/Property/PageOptions.h,PageOptions.h,.h,3284,dc5127f04b8ec97c77515cd6d7f736ccaa4e795aca314f9dbd8ce2752ae4415b,2022-08-15T14:19:47.853211+08:00,false,false,true,false,true,true,true,,22.3801
hardware/board_image/赛事专用卡-镜像开源资料/01-镜像工具/extracted/产线-Upgrade_Download_R27.22.3801/Upgrade_Download_R27.22.3801/Download_R27.22.3801/Source/UI/DLoader/Property/PageUartPortSwitch.cpp,PageUartPortSwitch.cpp,.cpp,16218,dbfb869940486ab433e3ec659fcd19cccdf8631a53b32f8041c5e77de25c778d,2022-06-28T14:36:28.256577+08:00,false,false,true,false,true,true,true,,22.3801
hardware/board_image/赛事专用卡-镜像开源资料/01-镜像工具/extracted/产线-Upgrade_Download_R27.22.3801/Upgrade_Download_R27.22.3801/Download_R27.22.3801/Source/UI/DLoader/Property/PageUartPortSwitch.h,PageUartPortSwitch.h,.h,3795,5f613c1714155d2d7a36070c1713825b5855d9f90a44dd2867c696f6c4820cde,2022-06-21T15:49:45.607981+08:00,false,false,true,false,true,true,true,,22.3801
hardware/board_image/赛事专用卡-镜像开源资料/01-镜像工具/extracted/产线-Upgrade_Download_R27.22.3801/Upgrade_Download_R27.22.3801/Download_R27.22.3801/Source/UI/DLoader/Property/PageVolFreq.cpp,PageVolFreq.cpp,.cpp,34896,a1976638c090b52b5a481fc647a9d8f677675fb53c5fc10afa4b05c1c63e8648,2022-06-28T14:52:39.634019+08:00,false,false,true,false,true,true,true,,22.3801
hardware/board_image/赛事专用卡-镜像开源资料/01-镜像工具/extracted/产线-Upgrade_Download_R27.22.3801/Upgrade_Download_R27.22.3801/Download_R27.22.3801/Source/UI/DLoader/Property/PageVolFreq.h,PageVolFreq.h,.h,8956,5f867176c9f9d3243a1ec18a12d35a932e17c37aac8ba527981fcb4865214c45,2022-06-21T15:49:45.687980+08:00,false,false,true,false,true,true,true,,22.3801
hardware/board_image/赛事专用卡-镜像开源资料/01-镜像工具/extracted/产线-Upgrade_Download_R27.22.3801/Upgrade_Download_R27.22.3801/Download_R27.22.3801/Source/UI/DLoader/Property/SettingsSheet.cpp,SettingsSheet.cpp,.cpp,13738,568ff9812dfcf84e5dfd2faa1dec19f2c6b2647957054bda21c3c5a017dd2adf,2022-08-01T17:29:01.814881+08:00,false,false,true,false,true,true,true,,22.3801
hardware/board_image/赛事专用卡-镜像开源资料/01-镜像工具/extracted/产线-Upgrade_Download_R27.22.3801/Upgrade_Download_R27.22.3801/Download_R27.22.3801/Source/UI/DLoader/Property/SettingsSheet.h,SettingsSheet.h,.h,2773,dcaae46ef1cbbe2e9a5c0c4ebdf2e8026e12d31ec4fe54ee802f9d12de23a3e6,2022-06-28T16:47:48.098634+08:00,false,false,true,false,true,true,true,,22.3801
hardware/board_image/赛事专用卡-镜像开源资料/01-镜像工具/extracted/产线-Upgrade_Download_R27.22.3801/Upgrade_Download_R27.22.3801/Download_R27.22.3801/Source/UI/DLoader/ReadMe.txt,ReadMe.txt,.txt,4820,f64be5a26ea7d7ccab50edd6a0ff7dd0295cedc16750d89d26fb49b51dde2145,2022-06-21T15:49:46.057981+08:00,false,true,false,false,true,true,true,,22.3801
hardware/board_image/赛事专用卡-镜像开源资料/01-镜像工具/extracted/产线-Upgrade_Download_R27.22.3801/Upgrade_Download_R27.22.3801/Download_R27.22.3801/Source/UI/DLoader/res/bmp_lang.bmp,bmp_lang.bmp,.bmp,374,2bb933abce79a40d887a45647140b607d6e77a3e2fb43d950857544e9126fe43,2022-06-21T15:49:45.767980+08:00,false,false,false,false,true,true,true,,22.3801
hardware/board_image/赛事专用卡-镜像开源资料/01-镜像工具/extracted/产线-Upgrade_Download_R27.22.3801/Upgrade_Download_R27.22.3801/Download_R27.22.3801/Source/UI/DLoader/res/DLoader.ico,DLoader.ico,.ico,1078,18c8704ce4c187c49e4addb47b133c4c9c0f02e7bcb220202ebd8ccd536e9249,2022-06-21T15:49:45.847980+08:00,false,false,false,false,true,true,true,,22.3801
hardware/board_image/赛事专用卡-镜像开源资料/01-镜像工具/extracted/产线-Upgrade_Download_R27.22.3801/Upgrade_Download_R27.22.3801/Download_R27.22.3801/Source/UI/DLoader/res/DLoader.rc2,DLoader.rc2,.rc2,399,dc5e926eab1c62cc5a09d52dab79ffe21baaf64c6a63a188406970460605f1b2,2022-06-21T15:49:45.787980+08:00,false,false,false,false,true,true,true,,22.3801
hardware/board_image/赛事专用卡-镜像开源资料/01-镜像工具/extracted/产线-Upgrade_Download_R27.22.3801/Upgrade_Download_R27.22.3801/Download_R27.22.3801/Source/UI/DLoader/res/DLoaderDoc.ico,DLoaderDoc.ico,.ico,1078,b3d4866227e54877a51cd07867340eeda5647042a0d9c364eeb5bbe2b28e2045,2022-06-21T15:49:45.807980+08:00,false,false,false,false,true,true,true,,22.3801
hardware/board_image/赛事专用卡-镜像开源资料/01-镜像工具/extracted/产线-Upgrade_Download_R27.22.3801/Upgrade_Download_R27.22.3801/Download_R27.22.3801/Source/UI/DLoader/res/folders.bmp,folders.bmp,.bmp,758,5bab2982d58781b87533e8a3081be547b273a969b80d8d31ec01d6665b09ef79,2022-06-21T15:49:45.827979+08:00,false,false,false,false,true,true,true,,22.3801
hardware/board_image/赛事专用卡-镜像开源资料/01-镜像工具/extracted/产线-Upgrade_Download_R27.22.3801/Upgrade_Download_R27.22.3801/Download_R27.22.3801/Source/UI/DLoader/res/OK.ico,OK.ico,.ico,2238,a00eb5dc31ba1760964b9a82e6b243875d58d68d20dc2f1200313692a759310b,2022-06-21T15:49:45.847980+08:00,false,false,false,false,true,true,true,,22.3801
hardware/board_image/赛事专用卡-镜像开源资料/01-镜像工具/extracted/产线-Upgrade_Download_R27.22.3801/Upgrade_Download_R27.22.3801/Download_R27.22.3801/Source/UI/DLoader/res/Open_Log.ico,Open_Log.ico,.ico,125706,fe69679f4d4032fd18579f085f0b9a7b64c87d187a524f64b9d5d48ee462bf14,2022-08-13T19:00:17.367795+08:00,false,false,false,false,true,true,true,,22.3801
hardware/board_image/赛事专用卡-镜像开源资料/01-镜像工具/extracted/产线-Upgrade_Download_R27.22.3801/Upgrade_Download_R27.22.3801/Download_R27.22.3801/Source/UI/DLoader/res/Pause.ico,Pause.ico,.ico,766,eba2c790bad41eb93c57ec6006163adb22bfbd41c3fe8af9c3e00c18e6d89311,2022-06-21T15:49:45.737980+08:00,false,false,false,false,true,true,true,,22.3801
hardware/board_image/赛事专用卡-镜像开源资料/01-镜像工具/extracted/产线-Upgrade_Download_R27.22.3801/Upgrade_Download_R27.22.3801/Download_R27.22.3801/Source/UI/DLoader/res/ProgBlock.bmp,ProgBlock.bmp,.bmp,44982,bf15f0574eec8d9f0522ad5bf1ae7454d06756c6eeef53dfcc02d24ac4a966d9,2022-06-21T15:49:45.777980+08:00,false,false,false,false,true,true,true,,22.3801
hardware/board_image/赛事专用卡-镜像开源资料/01-镜像工具/extracted/产线-Upgrade_Download_R27.22.3801/Upgrade_Download_R27.22.3801/Download_R27.22.3801/Source/UI/DLoader/res/ProgBlockBrown.bmp,ProgBlockBrown.bmp,.bmp,44984,51f89cc06c83c1a1ec6a0f68e9b172165c4d17c909638346e18ef596f19c67b6,2022-06-21T15:49:45.797980+08:00,false,false,false,false,true,true,true,,22.3801
hardware/board_image/赛事专用卡-镜像开源资料/01-镜像工具/extracted/产线-Upgrade_Download_R27.22.3801/Upgrade_Download_R27.22.3801/Download_R27.22.3801/Source/UI/DLoader/res/ProgBlockRed.bmp,ProgBlockRed.bmp,.bmp,44984,e548b8efc807401aca2493ff36c13ec7b7835b79b5e2c34a321ca1b0a8f5ca77,2022-06-21T15:49:45.757981+08:00,false,false,false,false,true,true,true,,22.3801
hardware/board_image/赛事专用卡-镜像开源资料/01-镜像工具/extracted/产线-Upgrade_Download_R27.22.3801/Upgrade_Download_R27.22.3801/Download_R27.22.3801/Source/UI/DLoader/res/Reload.ico,Reload.ico,.ico,5430,63d1e847a542b05a7d0545d8c476e487502e26396c9cd8ae01d66fab3bb43cbf,2022-08-13T20:09:30.031190+08:00,false,false,false,false,true,true,true,,22.3801
hardware/board_image/赛事专用卡-镜像开源资料/01-镜像工具/extracted/产线-Upgrade_Download_R27.22.3801/Upgrade_Download_R27.22.3801/Download_R27.22.3801/Source/UI/DLoader/res/Start.bmp,Start.bmp,.bmp,1782,035afd9add0c6a097c60d81e38423b1b91f7282d3f45e5ec5097d5940f8dd0c5,2022-06-21T15:49:45.807980+08:00,false,false,false,false,true,true,true,,22.3801
hardware/board_image/赛事专用卡-镜像开源资料/01-镜像工具/extracted/产线-Upgrade_Download_R27.22.3801/Upgrade_Download_R27.22.3801/Download_R27.22.3801/Source/UI/DLoader/res/tb_bkg.bmp,tb_bkg.bmp,.bmp,186306,bd5c457e6c8268948baf7d79529c1f0f8a3c8e2622194859b76be85a6f7d0c34,2022-06-21T15:49:45.787980+08:00,false,false,false,false,true,true,true,,22.3801
hardware/board_image/赛事专用卡-镜像开源资料/01-镜像工具/extracted/产线-Upgrade_Download_R27.22.3801/Upgrade_Download_R27.22.3801/Download_R27.22.3801/Source/UI/DLoader/res/Toolbar.bmp,Toolbar.bmp,.bmp,7370,3fcc53ab5419b1a5a519efdca3141961d90bdf3d5ef43b11891fd37c4e0accc5,2022-06-21T15:49:45.837979+08:00,false,false,false,false,true,true,true,,22.3801
hardware/board_image/赛事专用卡-镜像开源资料/01-镜像工具/extracted/产线-Upgrade_Download_R27.22.3801/Upgrade_Download_R27.22.3801/Download_R27.22.3801/Source/UI/DLoader/res/ToolbarBmp.bmp,ToolbarBmp.bmp,.bmp,41528,654a24d9f3f70e79c63a7027cc9f7725d7ecf38533d164d08069580966cd1b5a,2022-06-21T15:49:45.827979+08:00,false,false,false,false,true,true,true,,22.3801
hardware/board_image/赛事专用卡-镜像开源资料/01-镜像工具/extracted/产线-Upgrade_Download_R27.22.3801/Upgrade_Download_R27.22.3801/Download_R27.22.3801/Source/UI/DLoader/res/ToolbarBmp_green.bmp,ToolbarBmp_green.bmp,.bmp,41528,692de9af721aeee1089a97813240e2366c9a0e3288432295b0f6b83caabe38ef,2022-06-21T15:49:45.767980+08:00,false,false,false,false,true,true,true,,22.3801
hardware/board_image/赛事专用卡-镜像开源资料/01-镜像工具/extracted/产线-Upgrade_Download_R27.22.3801/Upgrade_Download_R27.22.3801/Download_R27.22.3801/Source/UI/DLoader/res/ToolbarBmp_yellow.bmp,ToolbarBmp_yellow.bmp,.bmp,41528,434551adb933004592a3af56a118b4e41afc0b9952a971985c6d4f1262483c6a,2022-06-21T15:49:45.797980+08:00,false,false,false,false,true,true,true,,22.3801
hardware/board_image/赛事专用卡-镜像开源资料/01-镜像工具/extracted/产线-Upgrade_Download_R27.22.3801/Upgrade_Download_R27.22.3801/Download_R27.22.3801/Source/UI/DLoader/res/ToolbarDis.bmp,ToolbarDis.bmp,.bmp,41528,afea0f5f45833d797d25d9afeaf2603b11ba6871d91361fa6c5b8b8f9103c489,2022-06-21T15:49:45.837979+08:00,false,false,false,false,true,true,true,,22.3801
hardware/board_image/赛事专用卡-镜像开源资料/01-镜像工具/extracted/产线-Upgrade_Download_R27.22.3801/Upgrade_Download_R27.22.3801/Download_R27.22.3801/Source/UI/DLoader/res/ToolbarDis_green.bmp,ToolbarDis_green.bmp,.bmp,41528,fb6498b5a59ced9e1e99d629eae75a1f844693c53ebe8420c006bb3db10d4675,2022-06-21T15:49:45.777980+08:00,false,false,false,false,true,true,true,,22.3801
hardware/board_image/赛事专用卡-镜像开源资料/01-镜像工具/extracted/产线-Upgrade_Download_R27.22.3801/Upgrade_Download_R27.22.3801/Download_R27.22.3801/Source/UI/DLoader/res/ToolbarDis_yellow.bmp,ToolbarDis_yellow.bmp,.bmp,41528,9363d9b9570e587e27e55d1fa8810196753c76aeba92a2371dc3cbb4ff403de6,2022-06-21T15:49:45.817980+08:00,false,false,false,false,true,true,true,,22.3801
hardware/board_image/赛事专用卡-镜像开源资料/01-镜像工具/extracted/产线-Upgrade_Download_R27.22.3801/Upgrade_Download_R27.22.3801/Download_R27.22.3801/Source/UI/DLoader/res/ToolbarHot.bmp,ToolbarHot.bmp,.bmp,41528,fb4c8679f29729ffcc77169df4c77622199304721f33bda0bffd160a0e15ed7c,2022-06-21T15:49:45.757981+08:00,false,false,false,false,true,true,true,,22.3801
hardware/board_image/赛事专用卡-镜像开源资料/01-镜像工具/extracted/产线-Upgrade_Download_R27.22.3801/Upgrade_Download_R27.22.3801/Download_R27.22.3801/Source/UI/DLoader/res/ToolbarHot_green.bmp,ToolbarHot_green.bmp,.bmp,41528,81eca787fed614e6df0c314636a40c4dd8d9a107bf9d8cd0c7dfa360fabeb0df,2022-06-21T15:49:45.817980+08:00,false,false,false,false,true,true,true,,22.3801
hardware/board_image/赛事专用卡-镜像开源资料/01-镜像工具/extracted/产线-Upgrade_Download_R27.22.3801/Upgrade_Download_R27.22.3801/Download_R27.22.3801/Source/UI/DLoader/res/ToolbarHot_yellow.bmp,ToolbarHot_yellow.bmp,.bmp,41528,ad7c35638969d6663ba9b7de26a5f411065c57bc8c25197059da38cb148d4809,2022-06-21T15:49:45.737980+08:00,false,false,false,false,true,true,true,,22.3801
hardware/board_image/赛事专用卡-镜像开源资料/01-镜像工具/extracted/产线-Upgrade_Download_R27.22.3801/Upgrade_Download_R27.22.3801/Download_R27.22.3801/Source/UI/DLoader/res/trademark.bmp,trademark.bmp,.bmp,68096,3e68cd7ae66a916f9aee6d82937ace512f77ad891c8fb34b14cd8921505de4cb,2022-06-21T15:49:45.747980+08:00,false,false,false,false,true,true,true,,22.3801
hardware/board_image/赛事专用卡-镜像开源资料/01-镜像工具/extracted/产线-Upgrade_Download_R27.22.3801/Upgrade_Download_R27.22.3801/Download_R27.22.3801/Source/UI/DLoader/ResearchDownload.vcxproj,ResearchDownload.vcxproj,.vcxproj,55465,a62f8e35223819f8603d41cfb0492dd8c1f63ee8f4e0b35861bb0f9e9b9146ea,2022-09-01T15:47:57.016434+08:00,false,false,false,false,true,true,true,,22.3801
hardware/board_image/赛事专用卡-镜像开源资料/01-镜像工具/extracted/产线-Upgrade_Download_R27.22.3801/Upgrade_Download_R27.22.3801/Download_R27.22.3801/Source/UI/DLoader/ResearchDownload.vcxproj.filters,ResearchDownload.vcxproj.filters,.vcxproj.filters,18009,6dbb050c89576c997b138650ed0efec46d21b7a5fb6a3fa85ad96ded206550ba,2022-09-01T15:47:56.930361+08:00,false,false,false,false,true,true,true,,22.3801
hardware/board_image/赛事专用卡-镜像开源资料/01-镜像工具/extracted/产线-Upgrade_Download_R27.22.3801/Upgrade_Download_R27.22.3801/Download_R27.22.3801/Source/UI/DLoader/ResearchDownload.vcxproj.user,ResearchDownload.vcxproj.user,.vcxproj.user,233,7034027062814a058fb0e1ae553a213036cbf3e89b9ef446977009d70b09e1ea,2022-08-04T20:40:57.073249+08:00,false,false,false,false,true,true,true,,22.3801
hardware/board_image/赛事专用卡-镜像开源资料/01-镜像工具/extracted/产线-Upgrade_Download_R27.22.3801/Upgrade_Download_R27.22.3801/Download_R27.22.3801/Source/UI/DLoader/Resource.h,Resource.h,.h,12659,a4a8425906fc87b0a314467b49978b2376e7366cf79cfa02910d332aeb9fd9fe,2022-09-01T13:54:38.232387+08:00,false,false,true,false,true,true,true,,22.3801
hardware/board_image/赛事专用卡-镜像开源资料/01-镜像工具/extracted/产线-Upgrade_Download_R27.22.3801/Upgrade_Download_R27.22.3801/Download_R27.22.3801/Source/UI/DLoader/StdAfx.cpp,StdAfx.cpp,.cpp,203,b87c4e91b98d9e66dd2736838896ca0ff175d25c4282ffd80c3ec1a1e55ffe96,2022-06-21T15:49:46.057981+08:00,false,false,true,false,true,true,true,,22.3801
hardware/board_image/赛事专用卡-镜像开源资料/01-镜像工具/extracted/产线-Upgrade_Download_R27.22.3801/Upgrade_Download_R27.22.3801/Download_R27.22.3801/Source/UI/DLoader/StdAfx.h,StdAfx.h,.h,1991,28b07509e925989164c0eaf8fd3a5b69e9444a9365425c1122551e2a7775e08a,2022-08-31T22:10:15.358887+08:00,false,false,true,false,true,true,true,,22.3801
hardware/board_image/赛事专用卡-镜像开源资料/01-镜像工具/extracted/产线-Upgrade_Download_R27.22.3801/Upgrade_Download_R27.22.3801/Download_R27.22.3801/Source/UI/DLoader/UpgradeDownload.vcxproj,UpgradeDownload.vcxproj,.vcxproj,55354,a5956729244b9a6490b1c2e238401bd8eaa1644203a59adc1bb79840063438f4,2022-09-01T18:04:12.994911+08:00,false,false,false,false,true,true,true,,22.3801
hardware/board_image/赛事专用卡-镜像开源资料/01-镜像工具/extracted/产线-Upgrade_Download_R27.22.3801/Upgrade_Download_R27.22.3801/Download_R27.22.3801/Source/UI/DLoader/UpgradeDownload.vcxproj.filters,UpgradeDownload.vcxproj.filters,.vcxproj.filters,17782,ca3e896b24920bff1ce3b55d0400586b50d9de14700090960aa27f7573139667,2022-09-01T18:04:12.924098+08:00,false,false,false,false,true,true,true,,22.3801
hardware/board_image/赛事专用卡-镜像开源资料/01-镜像工具/extracted/产线-Upgrade_Download_R27.22.3801/Upgrade_Download_R27.22.3801/Download_R27.22.3801/Source/UI/DLoader/UpgradeDownload.vcxproj.user,UpgradeDownload.vcxproj.user,.vcxproj.user,168,c06a75b13f855a94d46616796e024c52b499f8f92cf00ccb571ddbc6ff574676,2022-06-21T15:49:45.717980+08:00,false,false,false,false,true,true,true,,22.3801
hardware/board_image/赛事专用卡-镜像开源资料/01-镜像工具/extracted/格式内存卡/.extraction_complete.json,.extraction_complete.json,.json,410,1611c6d00cdd03f7c9fa600b035b6895eab6d0387b68f95a422c95eed8e36b3c,2026-07-15T23:09:30.514744+08:00,false,false,true,false,true,true,true,,
hardware/board_image/赛事专用卡-镜像开源资料/01-镜像工具/extracted/格式内存卡/格式内存卡/DLL32nt.dll,DLL32nt.dll,.dll,96152,8f448c0c771fb95ea39d2e42595f556ea88d9ecfc3055d4af5ff99b995a58b2c,2012-10-31T10:05:08+08:00,false,false,false,false,true,true,true,,
hardware/board_image/赛事专用卡-镜像开源资料/01-镜像工具/extracted/格式内存卡/格式内存卡/SDFormatter.exe,SDFormatter.exe,.exe,1148832,fc7a63a67fd636934199af02b5e3e1672cc5d3ea17336bcff6a2f073f2cf50cf,2012-10-31T10:05:12+08:00,false,false,false,false,true,true,true,,
hardware/board_image/赛事专用卡-镜像开源资料/01-镜像工具/extracted/格式内存卡/格式内存卡/SDFormatterCHS.dll,SDFormatterCHS.dll,.dll,853920,f67e2164c99d2cfd46fa0ad09c8649813d85d9c70a4e7547ef9876a49f89a9fa,2012-10-31T10:05:16+08:00,false,false,false,false,true,true,true,,
hardware/board_image/赛事专用卡-镜像开源资料/01-镜像工具/extracted/格式内存卡/格式内存卡/SDFormatterCHT.dll,SDFormatterCHT.dll,.dll,853920,7da0875152ade555f70e336c00cc1524a274fd8efad4448ff318b3ffba919ab0,2012-10-31T10:05:22+08:00,false,false,false,false,true,true,true,,
hardware/board_image/赛事专用卡-镜像开源资料/01-镜像工具/extracted/格式内存卡/格式内存卡/SDFormatterJPN.dll,SDFormatterJPN.dll,.dll,853920,699baa977630b709ae50f90c6aa5ce26ddfdba84b2e3e2feffefa5991a156b33,2012-10-31T10:05:26+08:00,false,false,false,false,true,true,true,,
hardware/board_image/赛事专用卡-镜像开源资料/01-镜像工具/extracted/格式内存卡/格式内存卡/使用更新说明.txt,使用更新说明.txt,.txt,1048,ab4e17686dfa612e028763172bfc0dbb39c0ec5308b6ede4642d6261dabfa6f2,2013-04-15T18:11:52+08:00,false,true,false,false,true,true,true,,
hardware/board_image/赛事专用卡-镜像开源资料/01-镜像工具/extracted/格式内存卡/格式内存卡/手机sd卡修复工具下载 (SDFormatter)V4.0汉化版_sd卡修复工具 - pc6下载站.url,手机sd卡修复工具下载 (SDFormatter)V4.0汉化版_sd卡修复工具 - pc6下载站.url,.0汉化版_sd卡修复工具 - pc6下载站.url,1141,8e12893ec2d6844ebc0078700012c1ae1955e61dde9bb38b8aceea261eecf309,2013-04-15T18:11:26+08:00,false,false,false,false,true,true,true,,V4.0
hardware/board_image/赛事专用卡-镜像开源资料/01-镜像工具/rootfsdev,rootfsdev,,13760,612cd187336e625547cedfa06997fdb2de076c5b4a416e30d833cd3f91ac6ee0,2026-07-15T21:58:06.467420+08:00,false,false,false,false,true,true,false,,
hardware/board_image/赛事专用卡-镜像开源资料/01-镜像工具/USB Image Tool.rar,USB Image Tool.rar,.rar,198157,e6c7c401969d0240e75792d26612a51f2f5a538a1a08bf2c5d2f71016a53f8b8,2026-07-15T21:58:19.763955+08:00,true,false,false,false,true,true,false,,
hardware/board_image/赛事专用卡-镜像开源资料/01-镜像工具/产线-Upgrade_Download_R27.22.3801.7z,产线-Upgrade_Download_R27.22.3801.7z,.22.3801.7z,10039838,258cc0c6ef45619ab12ab3bd39c97576e8e6c33a2e19292527ff959f9b98bb57,2026-07-15T22:08:24.812310+08:00,true,false,false,false,true,true,false,,22.3801
hardware/board_image/赛事专用卡-镜像开源资料/01-镜像工具/格式内存卡.rar,格式内存卡.rar,.rar,375370,4d6bb5879d611416d6ece24a57237cd3d5e0ec8deec90dbf89265867b69ac268,2026-07-15T21:58:32.212742+08:00,true,false,false,false,true,true,false,,
hardware/board_image/赛事专用卡-镜像开源资料/02-EMMC镜像/extracted/t710sys-230222.pac/.extraction_complete.json,.extraction_complete.json,.json,405,7088b02b026cb8ff3862f2e78c62ac8c8e4cfff2d3c07bcff83e532cf76c6382,2026-07-15T23:11:08.687057+08:00,false,false,true,false,true,false,true,,
hardware/board_image/赛事专用卡-镜像开源资料/02-EMMC镜像/extracted/t710sys-230222.pac/t710sys-230222.pac,t710sys-230222.pac,.pac,11251955739,1b8440f098484f2652cf90e7ab2ecf1bd21dffbaf0cbc798d5a0d3f7ce0b9471,2023-02-22T20:59:23+08:00,false,false,false,false,true,false,true,,
hardware/board_image/赛事专用卡-镜像开源资料/02-EMMC镜像/t710sys-230222.pac.tgz,t710sys-230222.pac.tgz,.pac.tgz,2972584958,f18730e6ba3080aecf0214263634d5ffc22bf3c73101f0d917619f3fa9abb6c9,2026-07-15T22:33:10.947663+08:00,true,false,false,false,true,false,false,,
hardware/board_image/赛事专用卡-镜像开源资料/03-赛事定制镜像-SD卡-推荐/Edgeboard赛事新板卡-赛曙开源SD镜像说明.txt,Edgeboard赛事新板卡-赛曙开源SD镜像说明.txt,.txt,386,ef306ae998a59acd154a24395989e88869e17bc5e78465e245937e440f49ba10,2026-07-15T21:58:33.049945+08:00,false,true,false,false,true,false,false,,
hardware/board_image/赛事专用卡-镜像开源资料/03-赛事定制镜像-SD卡-推荐/extracted/.赛事开源-EB新板卡-IP254 V1.1.partial-71aa3f1b26c24ad99a5deb085d920027/赛事开源-EB新板卡-IP254 V1.1.img,赛事开源-EB新板卡-IP254 V1.1.img,.1.img,6607077376,fa40e06f32e8bb217ee008718f66e84ad1962c74fcd9a5f501c76964dd214c04,2026-07-15T23:13:26.932398+08:00,false,false,false,false,true,false,true,,V1.1
hardware/board_image/赛事专用卡-镜像开源资料/03-赛事定制镜像-SD卡-推荐/extracted/t710-boot-sd.pac/.extraction_complete.json,.extraction_complete.json,.json,430,97402c123c5e292e510ef607f92067cfaf0f1ba4262dab1c81e45d24d6706125,2026-07-15T23:11:09.557793+08:00,false,false,true,false,true,false,true,,
hardware/board_image/赛事专用卡-镜像开源资料/03-赛事定制镜像-SD卡-推荐/extracted/t710-boot-sd.pac/t710-boot-sd.pac,t710-boot-sd.pac,.pac,94322803,2f2379c8b4c3620e88695f86d6b381aa9f8fa80e7aa4760dd5d6e778fc4f2f44,2026-07-15T23:11:09.555794+08:00,false,false,false,false,true,false,true,,
hardware/board_image/赛事专用卡-镜像开源资料/03-赛事定制镜像-SD卡-推荐/extracted/赛事开源-EB新板卡-IP254 V1.1/.extraction_complete.json,.extraction_complete.json,.json,452,841b591e4e53c53b3944976f7f3aa19e6534db40ef3c38d22d0982bf526ffa14,2026-07-16T13:19:49.121401+08:00,false,false,true,false,true,false,true,,V1.1
hardware/board_image/赛事专用卡-镜像开源资料/03-赛事定制镜像-SD卡-推荐/extracted/赛事开源-EB新板卡-IP254 V1.1/赛事开源-EB新板卡-IP254 V1.1.img,赛事开源-EB新板卡-IP254 V1.1.img,.1.img,31266439168,c95da2420d16f89297b27668786635ff6a234c44cbb7614e5bb7f9eb10fb0bfb,2026-07-16T13:19:49.118402+08:00,false,false,false,false,true,false,true,,V1.1
hardware/board_image/赛事专用卡-镜像开源资料/03-赛事定制镜像-SD卡-推荐/extracted/赛事开源-EB新板卡-IP254-29.12G/.extraction_complete.json,.extraction_complete.json,.json,455,0a9450694cd0f8cde2eeabee0386bdc428897bdff3c1f2e6f6917fbeeeb923d6,2026-07-16T13:22:12.128328+08:00,false,false,true,false,true,false,true,,
hardware/board_image/赛事专用卡-镜像开源资料/03-赛事定制镜像-SD卡-推荐/extracted/赛事开源-EB新板卡-IP254-29.12G/赛事开源-EB新板卡-IP254-29.12G.img,赛事开源-EB新板卡-IP254-29.12G.img,.12g.img,31266439168,00462dc5935010137a2dd0a60517873bcca4213656243443852f61de82065860,2024-01-24T09:36:25.975146+08:00,false,false,false,false,true,false,true,,
hardware/board_image/赛事专用卡-镜像开源资料/03-赛事定制镜像-SD卡-推荐/t710-boot-sd.pac.zip,t710-boot-sd.pac.zip,.pac.zip,29644556,10eb52596ae98cae03509936f65d023fb50a68c32b0c2c22f9096d6a9b98bcd2,2026-07-15T21:58:53.117973+08:00,true,false,false,false,true,false,false,,
hardware/board_image/赛事专用卡-镜像开源资料/03-赛事定制镜像-SD卡-推荐/赛事开源-EB新板卡-IP254 V1.1.zip,赛事开源-EB新板卡-IP254 V1.1.zip,.1.zip,4653562017,045acaa161085ae94fa50782f91b36a5c8e0d779ab8b19186458ee218fbd1e93,2026-07-15T22:45:06.521978+08:00,true,false,false,false,true,false,false,,V1.1
hardware/board_image/赛事专用卡-镜像开源资料/03-赛事定制镜像-SD卡-推荐/赛事开源-EB新板卡-IP254-29.12G.rar,赛事开源-EB新板卡-IP254-29.12G.rar,.12g.rar,3465643864,bd69c0ea61e84f32aee4b267b3586b65aff5956dcff36ee849bd000df44761b5,2026-07-15T22:39:36.957676+08:00,true,false,false,false,true,false,false,,
hardware/board_image/赛事专用卡-镜像开源资料/EdgeBoard赛事专用卡-镜像烧写说明.pdf,EdgeBoard赛事专用卡-镜像烧写说明.pdf,.pdf,2387090,a7570b8ab1af4ea52c3aec23ddfba6a00affa0df1f61760100781862fd8e2baf,2026-07-15T21:58:05.840461+08:00,false,true,false,false,true,false,false,,
hardware/control_board/智能汽车竞赛-开源资料及智控板使用教程/智能汽车竞赛-开源资料及智控板使用教程.pdf,智能汽车竞赛-开源资料及智控板使用教程.pdf,.pdf,4353151,c6a48327b3f327e5f38185631f5214f7fd9d5e4e724f7ffc4016bbff27c6806e,2026-07-15T21:56:29.667891+08:00,false,true,false,false,false,false,false,,
hardware/remote_access/赛事专用卡-远程操作资料/EdgeBoard赛事专用卡-远程操作说明.pdf,EdgeBoard赛事专用卡-远程操作说明.pdf,.pdf,2307380,9292ee31ffbe418f68b6a3d0a04d0c2e55e1c740a14e08178156c532eca7b149,2026-07-15T22:14:42.664633+08:00,false,true,false,false,false,false,false,,
hardware/remote_access/赛事专用卡-远程操作资料/extracted/MobaXterm_Installer_v23.0/.extraction_complete.json,.extraction_complete.json,.json,406,8a6d52664baf81246592f301c3f57b3c546172b546019a283cd19a364568fecb,2026-07-16T13:22:12.351078+08:00,false,false,true,false,false,false,true,,v23.0
hardware/remote_access/赛事专用卡-远程操作资料/extracted/MobaXterm_Installer_v23.0/MobaXterm_installer.dat,MobaXterm_installer.dat,.dat,17903457,116c1d762badb8bcb3be53c8bfe02edcb89dafc9c844c349ea3615ed0f5f9a88,2026-07-16T13:22:12.349073+08:00,false,false,false,false,false,true,true,,v23.0
hardware/remote_access/赛事专用卡-远程操作资料/extracted/MobaXterm_Installer_v23.0/MobaXterm_installer_23.0.msi,MobaXterm_installer_23.0.msi,.0.msi,13770752,1df0830657cc9b83dc2230501cb46764de3fa705913a7dd705a5df800af60f29,2026-07-16T13:22:12.298028+08:00,false,false,false,false,false,true,true,,23.0;v23.0
hardware/remote_access/赛事专用卡-远程操作资料/MobaXterm_Installer_v23.0.zip,MobaXterm_Installer_v23.0.zip,.0.zip,29871606,668550319b08dbc690290b13d129d337b3d82383b7def31afaecff4e793b5c1d,2026-07-15T22:15:16.860415+08:00,true,false,false,false,false,true,false,,v23.0
hardware/remote_access/赛事专用卡-远程操作资料/VSCodeUserSetup-x64-1.67.2.exe,VSCodeUserSetup-x64-1.67.2.exe,.67.2.exe,79513464,510cadb7c416021f68e09cb9921dbdc20ba2846f30ffe8358eee5808747c5f71,2026-07-15T22:16:22.454438+08:00,false,false,false,false,false,true,false,,1.67.2
maps/场地资料/AIC2025-场地喷绘加工（4.7x4.2m）-推荐油画布.pdf,AIC2025-场地喷绘加工（4.7x4.2m）-推荐油画布.pdf,.7x4.2m）-推荐油画布.pdf,55402537,ad86b39bc72f0cbc0ab5dac72bec4ab76a741ea5c042c0d7dac62465fa1daf3a,2026-07-15T22:49:20.543969+08:00,false,true,false,false,false,false,false,2025,
maps/场地资料/成品采购地址.txt,成品采购地址.txt,.txt,48,4dceb0c8e243ec9fe751b2e915d72b617c66bf8be66fb16524f7dab9e3258644,2026-07-15T22:34:31.571563+08:00,false,true,false,false,false,false,false,,
maps/场地资料/标牌加工/AIC2025-场地贴纸加工.pdf,AIC2025-场地贴纸加工.pdf,.pdf,6359714,6347fe3343b28b4516cd2e7a51c6fab64b645ca9c97d4b6d5314ea446e431446,2026-07-15T22:36:28.832396+08:00,false,true,false,false,false,false,false,2025,
maps/场地资料/标牌加工/标牌-钣金切割/标牌.dwg,标牌.dwg,.dwg,127979,5fb749066d20ff84e81df54cb7595d12046409ab4f85dc02e335db6a3e4e2a9d,2026-07-15T22:39:32.652083+08:00,false,false,false,false,false,false,false,,
maps/场地资料/裁判道具模型/测距单元.STL,测距单元.STL,.stl,413984,c382250c44b7073b2f238fb7103b4bec683c0059c6008aff98cc7c3da1ca5f45,2026-07-15T22:36:47.437294+08:00,false,false,false,false,false,false,false,,
maps/场地资料/裁判道具模型/测速控制器.STL,测速控制器.STL,.stl,1630484,6a2044fd27c3fbe562808d59fa5dc0c619e76f5cce1f1665f7a3e116cb5a41e2,2026-07-15T22:38:29.538086+08:00,false,false,false,false,false,false,false,,
maps/场地资料/裁判道具模型/道闸.STL,道闸.STL,.stl,1108534,f4ac9b9402dea8b31bd9b52f38b475e192834b97aa619ed404b361203aa59638,2026-07-15T22:39:26.793201+08:00,false,false,false,false,false,false,false,,
models/training/模型训练及部署/数据集下载地址.txt,数据集下载地址.txt,.txt,47,819f93980508acf48abb3a38357db8bcbc5cb5e96b69e8f8ba0160e4981094f3,2026-07-15T22:39:50.516967+08:00,false,true,false,true,false,false,false,,
models/training/模型训练及部署/目标检测模型训练及部署教程 (FZ3B+SSD).pdf,目标检测模型训练及部署教程 (FZ3B+SSD).pdf,.pdf,1056075,412f20a6055d0a540c85c37273134ebe89d599a939735886475e4c7d82254cc9,2026-07-15T22:39:49.235173+08:00,false,true,false,true,false,false,false,,
models/training/模型训练及部署/目标检测模型训练及部署教程 (T710+Yolov3).pdf,目标检测模型训练及部署教程 (T710+Yolov3).pdf,.pdf,7022160,3294545b0a3411ea0abbee51d052587674fc81c9c716418b4f16b22c2f0f0fdf,2026-07-15T22:40:46.190552+08:00,false,true,false,true,false,false,false,,
README.md,README.md,.md,849,06772f8f8ae330979f87c85db8a21bb6c2c2febc26564ee6b3770afe53a45387,2026-07-15T19:50:09.964195+08:00,false,true,false,false,false,false,false,,
sdk/model_compiler/赛事专用卡-模型编译教程/Docker Desktop Installer.exe,Docker Desktop Installer.exe,.exe,549263216,19162592ca2998303bc75c3387057a17f07e29e4692b12c52f284e569f44bd74,2026-07-15T22:24:54.240207+08:00,false,false,false,false,false,true,false,,
sdk/model_compiler/赛事专用卡-模型编译教程/extracted/ppnc2.0_v1.0.2/.extraction_complete.json,.extraction_complete.json,.json,387,23c3064cec532a9ec08c393171a666979124ae4ccbf3b759e4705981b5042c29,2026-07-16T13:22:48.447024+08:00,false,false,true,false,false,false,true,,v1.0.2
sdk/model_compiler/赛事专用卡-模型编译教程/extracted/ppnc2.0_v1.0.2/0159c086d5f92e5cdd7c13a3d8ab8ff67c0a56758e1b5119140e9e577c433b79/json,json,,406,bc0c67327a0d06171e65215bb62804cb27e7b675a7eec72366a888616d002381,2024-07-10T16:28:58+08:00,false,false,false,false,false,false,true,,v1.0.2
sdk/model_compiler/赛事专用卡-模型编译教程/extracted/ppnc2.0_v1.0.2/0159c086d5f92e5cdd7c13a3d8ab8ff67c0a56758e1b5119140e9e577c433b79/layer.tar,layer.tar,.tar,10221088256,80974d415269ccb0a2c7593fb179ce5b0c72252cbf29c289af88024863dab36a,2024-07-10T16:28:58+08:00,true,false,false,false,false,false,true,,v1.0.2
sdk/model_compiler/赛事专用卡-模型编译教程/extracted/ppnc2.0_v1.0.2/0159c086d5f92e5cdd7c13a3d8ab8ff67c0a56758e1b5119140e9e577c433b79/VERSION,VERSION,,3,d0ff5974b6aa52cf562bea5921840c032a860a91a3512f7fe8f768f6bbe005f6,2024-07-10T16:28:58+08:00,false,false,false,false,false,false,true,,v1.0.2
sdk/model_compiler/赛事专用卡-模型编译教程/extracted/ppnc2.0_v1.0.2/28d29ae8b884fbf52ccd79b4b2c346b1ad9b84e17c055cdd992b40e8038130b9/json,json,,933,2913c3de03de02ef3a9ca3e06ed2abb03147ead97c45ea43c0c69a3528031c40,2024-07-10T16:28:58+08:00,false,false,false,false,false,false,true,,v1.0.2
sdk/model_compiler/赛事专用卡-模型编译教程/extracted/ppnc2.0_v1.0.2/28d29ae8b884fbf52ccd79b4b2c346b1ad9b84e17c055cdd992b40e8038130b9/layer.tar,layer.tar,.tar,22528,ad78b7a74342861c5aac85b0dc7df059fcc5d43040a6bf6a53e49be1f795138e,2024-07-10T16:28:58+08:00,true,false,false,false,false,false,true,,v1.0.2
sdk/model_compiler/赛事专用卡-模型编译教程/extracted/ppnc2.0_v1.0.2/28d29ae8b884fbf52ccd79b4b2c346b1ad9b84e17c055cdd992b40e8038130b9/VERSION,VERSION,,3,d0ff5974b6aa52cf562bea5921840c032a860a91a3512f7fe8f768f6bbe005f6,2024-07-10T16:28:58+08:00,false,false,false,false,false,false,true,,v1.0.2
sdk/model_compiler/赛事专用卡-模型编译教程/extracted/ppnc2.0_v1.0.2/e060f42241f3a70869382811cddf73b5f18786779f4d64f9efeb55a5718a00ff.json,e060f42241f3a70869382811cddf73b5f18786779f4d64f9efeb55a5718a00ff.json,.json,1262,e060f42241f3a70869382811cddf73b5f18786779f4d64f9efeb55a5718a00ff,2024-07-10T16:28:58+08:00,false,false,true,false,false,false,true,,v1.0.2
sdk/model_compiler/赛事专用卡-模型编译教程/extracted/ppnc2.0_v1.0.2/fb61260b75445523a1c870f265f0f338444ecb8da53445d4ac3d3a527054dbe9/json,json,,482,59f4c37e74ed5d630dd10d93105d51a3d08178650e26d361a0948746a608807e,2024-07-10T16:28:58+08:00,false,false,false,false,false,false,true,,v1.0.2
sdk/model_compiler/赛事专用卡-模型编译教程/extracted/ppnc2.0_v1.0.2/fb61260b75445523a1c870f265f0f338444ecb8da53445d4ac3d3a527054dbe9/layer.tar,layer.tar,.tar,435473408,bdc63a32e59a1eb62ab77c9fc4cbd3dcda950dded329a50f338101813ce70b6b,2024-07-10T16:28:58+08:00,true,false,false,false,false,false,true,,v1.0.2
sdk/model_compiler/赛事专用卡-模型编译教程/extracted/ppnc2.0_v1.0.2/fb61260b75445523a1c870f265f0f338444ecb8da53445d4ac3d3a527054dbe9/VERSION,VERSION,,3,d0ff5974b6aa52cf562bea5921840c032a860a91a3512f7fe8f768f6bbe005f6,2024-07-10T16:28:58+08:00,false,false,false,false,false,false,true,,v1.0.2
sdk/model_compiler/赛事专用卡-模型编译教程/extracted/ppnc2.0_v1.0.2/manifest.json,manifest.json,.json,357,5e51498a70bac20fd2f2b7d2e2d682e939369e67d840f5f99e4df83f273573c9,UNREPRESENTABLE_EPOCH:0.0,false,false,true,false,false,false,true,,v1.0.2
sdk/model_compiler/赛事专用卡-模型编译教程/extracted/ppnc2.0_v1.0.2/repositories,repositories,,90,68f2b4868a97bb55e689a70f986bc3a884f152bf6c2be6358fd8912899877980,UNREPRESENTABLE_EPOCH:0.0,false,false,false,false,false,false,true,,v1.0.2
sdk/model_compiler/赛事专用卡-模型编译教程/ppnc2.0_v1.0.2.tar,ppnc2.0_v1.0.2.tar,.0_v1.0.2.tar,10656600064,655db72cf5d8f34f6a28007160396e1c16eb763bb10e2566a98b3fedce57abf3,2026-07-15T22:52:54.181655+08:00,true,false,false,false,false,false,false,,v1.0.2
sdk/model_compiler/赛事专用卡-模型编译教程/wsl_update_x64.msi,wsl_update_x64.msi,.msi,17104896,4d09c776c8d45f70a202281d18e19be1118f53159b0c217a5274a31ce18525fe,2026-07-15T22:34:39.790633+08:00,false,false,false,false,false,true,false,,
sdk/model_compiler/赛事专用卡-模型编译教程/赛事专用卡-模型编译教程.pdf,赛事专用卡-模型编译教程.pdf,.pdf,1972650,3296fd3f07c4b406449c02fc69be0a7f078f56504d15694a2040a37b08396ffa,2026-07-15T22:31:17.164089+08:00,false,true,false,false,false,false,false,,
